# run_started_at	20260421_021113
# arg	batch_size	16
# arg	bbh_task	"boolean_expressions"
# arg	bf16	0
# arg	block_size	128
# arg	bnb_4bit_compute_dtype	"bfloat16"
# arg	bnb_4bit_quant_type	"nf4"
# arg	bnb_4bit_use_double_quant	1
# arg	config	"/root/Predict_v2/configs/qwen_test.json"
# arg	dataloader_num_workers	0
# arg	dataset	"piqa"
# arg	debug_nonfinite_router	1
# arg	debug_router_meta	0
# arg	device	"cuda"
# arg	epochs	3
# arg	eval_dataset	"piqa"
# arg	eval_every	200
# arg	eval_max_samples	200
# arg	eval_split	"validation"
# arg	fp16	0
# arg	grad_accum	1
# arg	gradient_checkpointing	0
# arg	init_new_router_from_legacy	1
# arg	llm_int8_threshold	6.0
# arg	load_in_4bit	1
# arg	load_in_8bit	0
# arg	load_in_fp16	0
# arg	log_every	50
# arg	lora_alpha	32
# arg	lora_dropout	0.05
# arg	lora_r	16
# arg	lora_target_modules	"q_proj,k_proj,v_proj,o_proj,gate_proj,up_proj,down_proj"
# arg	lr	0.0001
# arg	max_grad_norm	1.0
# arg	min_lr_ratio	0.25
# arg	mix_datasets	"piqa,siqa"
# arg	mmlu_answer_mode	"text"
# arg	mmlu_subjects	"all"
# arg	model_path	"/root/models/Qwen_MoE"
# arg	num_proc	8
# arg	output_dir	"/root/models/out_qw_cb_lowlr_norestrict_abl_newlr01_ctx03"
# arg	piqa_local_dir	"/root/datasets/PIQA"
# arg	router_aux_loss_coef	0.0
# arg	router_budget_end_ratio	1.0
# arg	router_budget_loss_coef	0.0
# arg	router_budget_start_ratio	0.5
# arg	router_budget_target_count	0.0
# arg	router_budget_tau	0.05
# arg	router_context_scale	0.3
# arg	router_ema_momentum	0.99
# arg	router_entmax_alpha	1.7
# arg	router_lr_mult	2.0
# arg	router_pull_loss_coef	0.0
# arg	router_pull_loss_coef_final	null
# arg	router_pull_loss_schedule_end_ratio	1.0
# arg	router_pull_loss_schedule_start_ratio	0.5
# arg	router_pull_loss_type	"hard_ce"
# arg	router_pull_loss_type_final	""
# arg	router_pull_loss_type_switch_ratio	0.5
# arg	router_pull_temperature	1.0
# arg	router_softmax_temperature	1.0
# arg	router_top_k	2
# arg	router_top_p_final	null
# arg	router_top_p_schedule_end_ratio	1.0
# arg	router_top_p_schedule_start_ratio	0.5
# arg	router_topk	0
# arg	router_use_ema_update	1
# arg	router_use_entmax	0
# arg	router_use_softmax_temperature	1
# arg	router_z_loss_coef	0.0
# arg	save_every	200
# arg	seed	42
# arg	share_router_expert_embedding	0
# arg	stage	0
# arg	stage1_data_ratio	0.5
# arg	stage1_distill_temperature	2.0
# arg	stage1_epochs	1
# arg	stage1_grad_accum	1
# arg	stage1_kl_coef	2.0
# arg	stage1_log_every	50
# arg	stage1_logit_coef	0.25
# arg	stage1_logit_loss_type	"huber"
# arg	stage1_lr	0.0002
# arg	stage1_max_grad_norm	1.0
# arg	stage1_new_router_lr_mult	0.1
# arg	stage1_teacher_path	""
# arg	stage1_use_logit_loss	1
# arg	stage2_include_validation_in_train	0
# arg	stage2_init_path	"{output_dir}/ckpt_after_stage1"
# arg	stage2_new_router_lr_mult	0.1
# arg	stage2_validation_train_ratio	0.2
# arg	stage2_validation_train_split	"validation"
# arg	stage_split_seed	42
# arg	top_p_threshold	null
# arg	train_extra_params_in_fp32	1
# arg	train_max_samples	null
# arg	train_new_router_params	1
# arg	train_split	"train"
# arg	use_bnb_8bit	0
# arg	use_label	1
# arg	use_router_context	1
# arg	warmup_ratio	0.03
# arg	weight_decay	0.0
# arg	winogrande_config	"winogrande_xl"
time	epoch	global_step	optim_step	lr	loss	loss_ce	loss_aux	loss_z	loss_pull	loss_budget	loss_ma50	loss_ema	loss_ce_ema	eval_loss	eval_ppl	router_top_k	router_pull_loss_coef	router_pull_loss_type	router_budget_loss_scale	router_score_mean	router_score_std	router_score_min	router_score_max	router_weight_row_sum_mean	router_weight_row_sum_abs_err	router_weight_entropy	router_weight_top1_mass	route_prob_min	route_prob_has_neg	route_prob_row_sum_mean	route_prob_row_sum_abs_err	projected_value_std	projected_value_norm_mean	router_context_norm_mean	router_context_norm_std	router_context_proj_out_mean	router_context_proj_out_std	router_context_delta_ratio	expert_key_pairwise_cos_mean	expert_key_pairwise_cos_max	expert_value_pairwise_cos_mean	expert_value_pairwise_cos_max	token_q_norm_mean	token_q_norm_std	dispatch_avg_selected_count	dispatch_soft_selected_count	dispatch_dead_expert_ratio	dispatch_top1_top2_margin	dispatch_topk_pre_mass_mean	dispatch_topk_post_sum_mean	dispatch_topk_post_sum_abs_err	expert_token_count_cv	dispatch_soft_load	dispatch_hard_load	ema_active_expert_count	ema_proto_count_mean	ema_proto_count_min	ema_proto_count_max	ema_proto_update_cosine	ema_proto_delta_norm	ema_update_ratio	ema_proto_counts
1776708727.015	0	50	50	5.666667e-05	6.929125	6.929125	1.454484	16.785091	3.548959	0.000000	8.583343	9.059636	9.059636			2	0.000000	hard_ce	0.000000	-0.000374	0.044207	-0.059203	0.342896	1.000000	0.000000	4.090269	0.024243	0.015690	0.000000	1.000000	0.000000	0.020421	0.923072	0.735195	0.000024	0.000037	0.029079	0.032482	0.435609	0.836808	0.446373	0.839749	40.145656	1.724663	2.000000	2.000000	0.981945	0.006396	0.042090	1.000000	0.000000	5.300941	[0.016587, 0.01648, 0.016498, 0.016562, 0.016537, 0.016437, 0.016699, 0.016582, 0.016553, 0.016598, 0.017126, 0.016414, 0.016615, 0.016705, 0.016631, 0.016451, 0.016623, 0.017426, 0.016578, 0.016467, 0.016455, 0.016519, 0.016634, 0.016436, 0.016653, 0.017156, 0.016906, 0.016387, 0.017007, 0.016578, 0.016591, 0.016704, 0.016569, 0.016558, 0.017673, 0.016534, 0.016596, 0.016754, 0.016363, 0.018757, 0.016558, 0.016823, 0.01673, 0.016577, 0.016478, 0.016532, 0.016681, 0.016533, 0.016737, 0.016632, 0.016519, 0.01646, 0.016541, 0.016582, 0.016643, 0.016479, 0.016464, 0.01658, 0.016447, 0.016601]	[0.041341, 0.0, 0.0, 0.0, 0.0, 0.0, 0.041667, 0.000326, 0.0, 0.0, 0.083008, 0.0, 0.0, 0.083333, 0.0, 0.0, 0.0, 0.041667, 0.041667, 0.0, 0.0, 0.041667, 0.0, 0.0, 0.0, 0.041667, 0.041667, 0.0, 0.041667, 0.0, 0.041667, 0.0, 0.0, 0.041667, 0.083333, 0.0, 0.041992, 0.041667, 0.0, 0.041667, 0.0, 0.041667, 0.0, 0.0, 0.0, 0.0, 0.0, 0.0, 0.041667, 0.083333, 0.0, 0.0, 0.0, 0.0, 0.041667, 0.0, 0.0, 0.0, 0.0, 0.0]	2.375000	34.133335	0.000000	1135.362895	0.999961	0.008666	0.000116	[43.28492, 0.0, 42.535728, 0.0, 40.948547, 0.0, 45.121185, 66.544373, 15.471075, 38.111458, 137.651459, 0.0, 19.360449, 89.131706, 74.713287, 0.0, 0.0, 53.32597, 43.701286, 41.460865, 0.019633, 44.687065, 0.341939, 0.0, 77.079887, 52.796429, 48.465599, 0.0, 51.037243, 0.0, 82.199982, 0.0, 39.153385, 42.363613, 154.114502, 41.971443, 46.847389, 47.221874, 0.0, 65.972893, 0.0, 46.133678, 26.621878, 0.0, 42.969727, 0.0, 32.00737, 42.040108, 105.818054, 87.720123, 0.0, 0.081925, 0.322365, 0.0, 84.353592, 0.0, 0.0, 0.0, 0.0, 34.296097]
1776708778.954	0	100	100	9.999785e-05	4.210368	4.210368	2.504802	16.854153	3.453290	0.000000	5.627535	6.761557	6.761557			2	0.000000	hard_ce	0.000000	-0.011502	0.133994	-0.383134	1.091653	1.000000	0.000000	4.061558	0.041864	0.011572	0.000000	1.000000	0.000000	0.031942	1.443802	1.329284	0.001218	0.000433	0.098913	0.113077	0.435141	0.837121	0.475520	0.847855	44.556339	3.619580	2.000000	2.000000	0.975695	0.016360	0.067369	1.000000	0.000000	5.265724	[0.016125, 0.01641, 0.016424, 0.018742, 0.016101, 0.015815, 0.017048, 0.016395, 0.015778, 0.016221, 0.016816, 0.01609, 0.016753, 0.016055, 0.016398, 0.017429, 0.016505, 0.016877, 0.015962, 0.015596, 0.015756, 0.015526, 0.016251, 0.016159, 0.015635, 0.016993, 0.016474, 0.016586, 0.015929, 0.016833, 0.016989, 0.016093, 0.015814, 0.021308, 0.016573, 0.015742, 0.018404, 0.016965, 0.018535, 0.018129, 0.016362, 0.017175, 0.016338, 0.019594, 0.016296, 0.016147, 0.016308, 0.016293, 0.017712, 0.016535, 0.016211, 0.0176, 0.016083, 0.016263, 0.015852, 0.01866, 0.016157, 0.015735, 0.015723, 0.016719]	[0.0, 0.0, 0.008443, 0.083333, 0.0, 0.000468, 0.041443, 0.041341, 0.0, 0.0, 0.084554, 0.0, 0.0, 0.000326, 0.04071, 0.081543, 0.0, 0.041646, 0.003072, 0.0, 0.0, 0.0, 0.040934, 0.0, 0.0, 0.041667, 0.0, 0.0, 0.0, 0.0, 0.0, 0.0, 0.0, 0.041667, 0.08077, 0.000224, 0.083333, 0.042236, 0.0, 0.041667, 0.0, 0.033936, 0.0, 0.041667, 0.0, 0.0, 0.0, 0.0, 0.0, 0.041667, 0.0, 2e-05, 0.0, 0.0, 0.0, 0.041667, 0.0, 0.0, 0.0, 0.041667]	3.000000	34.133334	0.000000	1200.863078	0.999966	0.008072	0.000163	[23.252281, 0.0, 40.918888, 103.526367, 0.0, 3.156791, 54.960022, 48.664612, 0.0, 0.0, 103.531342, 39.573769, 0.0, 2.108834, 47.953629, 97.352829, 0.037507, 49.90345, 3.144912, 37.053658, 0.207265, 0.455448, 44.238876, 60.62014, 0.0, 129.84668, 33.843864, 0.0, 37.155827, 26.424833, 42.021858, 0.081473, 0.38194, 61.071518, 87.18615, 30.287899, 113.419983, 88.213341, 40.36573, 62.676231, 0.0, 106.726532, 39.994419, 93.894363, 0.0, 0.0, 0.0, 0.0, 96.407883, 46.134304, 0.0, 59.712341, 0.0, 0.0, 0.0, 44.988079, 0.0, 0.0, 0.0, 46.504158]
1776708836.486	0	150	150	9.992248e-05	3.622862	3.622862	2.796318	16.983519	3.564653	0.000000	4.215221	5.104438	5.104438			2	0.000000	hard_ce	0.000000	-0.032194	0.189276	-1.026164	1.600635	1.000000	0.000000	4.025657	0.047568	0.007270	0.000000	1.000000	0.000000	0.069045	3.121241	3.073782	0.013632	-0.000064	0.408954	0.354925	0.431701	0.838429	0.548472	0.869918	39.359613	6.350741	2.000000	2.000000	0.963194	0.021894	0.073243	1.000000	0.000000	5.012688	[0.016253, 0.016173, 0.015765, 0.016937, 0.015716, 0.015419, 0.015886, 0.018368, 0.015538, 0.015941, 0.015987, 0.016063, 0.016647, 0.016188, 0.015929, 0.017527, 0.01703, 0.018829, 0.015271, 0.015784, 0.015545, 0.01534, 0.016663, 0.015391, 0.016461, 0.016155, 0.016108, 0.016789, 0.015302, 0.016634, 0.016121, 0.016208, 0.015903, 0.029039, 0.016076, 0.01668, 0.019631, 0.016949, 0.016374, 0.016373, 0.015461, 0.016802, 0.016301, 0.019854, 0.016511, 0.016094, 0.017194, 0.015513, 0.019184, 0.016189, 0.01592, 0.017336, 0.016335, 0.015973, 0.016409, 0.017333, 0.015937, 0.016538, 0.015725, 0.016401]	[0.041707, 0.0, 0.000326, 0.041667, 0.0, 8.1e-05, 0.009766, 0.04071, 0.042806, 0.0, 0.052897, 0.01064, 0.0, 0.016581, 0.0, 0.076681, 0.000427, 0.03184, 0.00295, 0.038086, 6.1e-05, 0.000244, 0.002096, 0.0, 0.0, 0.002055, 0.000692, 0.0, 0.0, 0.0, 0.035095, 0.025981, 0.0, 0.041606, 0.042297, 0.031901, 0.08138, 0.00651, 0.0, 0.031026, 0.0, 0.080424, 0.000183, 0.041728, 0.0, 0.0, 0.0, 0.0, 0.083272, 0.0, 0.0, 0.002177, 0.0, 0.001587, 0.0, 0.042948, 0.0, 0.0, 0.0, 0.039571]	4.208333	34.133335	0.000000	1129.423251	0.999961	0.008673	0.000217	[45.881882, 39.709282, 4.739393, 50.950539, 0.0, 2.817534, 16.49131, 69.449158, 52.917095, 2.070067, 114.128532, 21.145025, 0.019069, 49.51255, 0.0, 86.536255, 43.299866, 92.345451, 7.987077, 42.539043, 0.374369, 0.333219, 41.420853, 26.184208, 7.390354, 17.803236, 35.94389, 0.0, 5.05933, 34.418648, 43.813683, 36.669956, 24.562473, 64.04213, 118.868378, 40.048897, 107.927475, 20.084728, 33.139275, 30.597679, 0.0, 119.261719, 79.728386, 120.259827, 11.115936, 0.0, 0.0, 0.0, 109.914047, 0.0, 0.0, 16.826668, 0.0, 2.862043, 5.232402, 90.00515, 0.0, 0.781216, 11.185007, 49.605751]
1776708904.841	0	200	200	9.973965e-05	3.726030	3.726030	2.262034	16.802536	3.565944	0.000000	3.660058	4.169821	4.169821	3.573046	35.624949	2	0.000000	hard_ce	0.000000	-0.027157	0.183377	-1.130345	1.641080	1.000000	0.000000	4.055445	0.038842	0.006221	0.000000	1.000000	0.000000	0.091424	4.133177	4.095036	0.012149	0.006323	0.682065	0.570230	0.430463	0.839632	0.570475	0.876171	36.605704	5.504026	2.000000	2.000000	0.950694	0.012193	0.065490	1.000000	0.000000	5.033102	[0.016516, 0.016415, 0.015979, 0.016876, 0.01563, 0.01622, 0.015874, 0.016676, 0.015916, 0.016265, 0.016155, 0.015762, 0.016316, 0.01611, 0.016491, 0.018377, 0.017514, 0.018704, 0.015658, 0.015739, 0.015828, 0.015497, 0.017512, 0.015697, 0.016534, 0.015807, 0.016171, 0.01689, 0.015584, 0.016669, 0.016174, 0.01626, 0.016922, 0.018171, 0.016503, 0.016247, 0.020521, 0.017387, 0.016654, 0.015998, 0.015669, 0.017133, 0.01618, 0.020801, 0.017015, 0.016321, 0.016865, 0.015876, 0.017726, 0.016587, 0.016214, 0.016754, 0.016865, 0.016038, 0.016823, 0.017289, 0.016139, 0.016393, 0.016795, 0.018298]	[0.041423, 0.000163, 0.005107, 0.041341, 0.0, 0.011983, 0.00767, 0.000203, 0.001851, 0.0, 0.061849, 0.037069, 0.0, 0.000977, 0.0, 0.075053, 0.002177, 0.029744, 0.00295, 0.0, 2e-05, 0.0, 0.001038, 0.04069, 0.000264, 0.006999, 0.000244, 0.0, 0.0, 0.000346, 0.024068, 0.000854, 0.039754, 0.040649, 0.039408, 0.032532, 0.08256, 0.000142, 0.0, 0.00354, 0.0, 0.082174, 0.041728, 0.043416, 0.0, 0.0, 0.0, 0.0, 0.081563, 0.0, 0.000102, 0.0, 0.0, 0.003947, 0.032532, 0.040304, 0.0, 0.0, 0.000366, 0.041199]	5.333333	34.133335	0.000000	1101.389280	0.999961	0.008806	0.000232	[42.694267, 41.939251, 3.645494, 49.279572, 0.119175, 23.393612, 11.220958, 66.342392, 48.373001, 0.0, 96.680298, 39.836304, 1.703456, 1.712669, 0.0, 91.177994, 48.548691, 104.651566, 4.376416, 38.542801, 0.569561, 0.332318, 66.837845, 49.056709, 8.762107, 18.289001, 28.253149, 1.819946, 3.984658, 37.349144, 45.190155, 24.998096, 49.057003, 49.730556, 119.735619, 35.48967, 112.791374, 0.208486, 33.560104, 6.380701, 2.356405, 112.901489, 80.068718, 122.18486, 22.997185, 0.916827, 0.0, 0.0, 91.537796, 1.139002, 0.273441, 0.131625, 0.0, 6.456342, 54.320084, 57.541718, 0.039611, 0.0, 31.208105, 57.292721]
1776708968.170	0	250	250	9.944990e-05	3.750519	3.750519	2.937065	16.978622	3.531702	0.000000	3.497572	3.741928	3.741928			2	0.000000	hard_ce	0.000000	-0.030643	0.234170	-1.411299	1.977606	1.000000	0.000000	4.021531	0.050783	0.004890	0.000000	1.000000	0.000000	0.095756	4.328013	4.299604	0.015035	0.008618	0.782953	0.659155	0.431028	0.839509	0.567800	0.875584	40.147899	7.081322	2.000000	2.000000	0.954861	0.020374	0.081192	1.000000	0.000000	5.014487	[0.016058, 0.015757, 0.015765, 0.016893, 0.015191, 0.015276, 0.015796, 0.01869, 0.014779, 0.015852, 0.01583, 0.015392, 0.015968, 0.016335, 0.016437, 0.017936, 0.017552, 0.019608, 0.015165, 0.015374, 0.015213, 0.015443, 0.01662, 0.015261, 0.016633, 0.015831, 0.015615, 0.016545, 0.015024, 0.016672, 0.016816, 0.01607, 0.016065, 0.020056, 0.01679, 0.016344, 0.018064, 0.018315, 0.015562, 0.015813, 0.015402, 0.018471, 0.016016, 0.026194, 0.016775, 0.015942, 0.016553, 0.015727, 0.022348, 0.016207, 0.015815, 0.017285, 0.01673, 0.016225, 0.016572, 0.017517, 0.016023, 0.016664, 0.015973, 0.017155]	[0.000244, 0.04128, 0.005554, 0.046041, 0.005249, 0.007731, 0.007568, 0.039632, 0.001383, 0.0, 0.001363, 0.0, 0.0, 0.001485, 0.0, 0.064107, 0.006897, 0.034912, 0.002482, 0.0, 0.0, 0.0, 2e-05, 0.000549, 0.004557, 0.001465, 0.0, 0.0, 0.0, 6.1e-05, 0.041728, 0.004354, 0.035583, 0.041239, 0.071391, 0.033386, 0.080404, 0.042847, 0.000102, 0.026978, 0.0, 0.084554, 0.048889, 0.04248, 0.0, 0.0, 0.0, 0.0, 0.083232, 0.0, 0.0, 0.0, 0.0, 0.00354, 0.035136, 0.010213, 0.0, 0.0, 0.0, 0.041361]	5.041667	34.133335	0.000000	1121.378797	0.999965	0.008152	0.000245	[39.846207, 55.1213, 27.03347, 54.520321, 14.790356, 13.070174, 9.902029, 81.105286, 4.512569, 0.0, 35.678215, 1.198058, 0.0, 9.052759, 0.0, 82.925491, 73.461632, 111.483879, 3.561878, 34.419334, 2.626016, 41.874119, 11.712082, 32.95681, 51.470592, 2.69275, 1.328108, 0.0, 0.0, 38.845127, 54.452972, 38.798134, 42.732113, 47.828354, 115.546898, 43.463547, 98.047729, 53.326378, 4.227696, 37.066574, 2.150305, 139.936508, 84.243835, 133.079681, 0.0, 0.0, 0.0, 0.132953, 111.513123, 0.077148, 0.0, 15.337049, 0.0, 7.44631, 46.947079, 73.054008, 0.0, 0.294016, 12.616375, 50.492729]
1776709033.049	0	300	300	9.905404e-05	3.627170	3.627170	3.196004	17.345272	3.504836	0.000000	3.421768	3.542452	3.542452			2	0.000000	hard_ce	0.000000	-0.001402	0.266177	-1.431694	2.144582	1.000000	0.000000	4.013905	0.055302	0.004810	0.000000	1.000000	0.000000	0.100444	4.537364	4.509572	0.025149	0.010450	0.878130	0.730557	0.432157	0.844303	0.563958	0.874196	42.635449	6.846656	2.000000	2.000000	0.950694	0.024817	0.085787	1.000000	0.000000	5.003879	[0.016027, 0.015664, 0.015406, 0.016181, 0.015134, 0.014793, 0.015052, 0.016757, 0.015101, 0.01635, 0.016473, 0.015155, 0.015849, 0.016107, 0.016852, 0.018487, 0.017096, 0.018656, 0.015114, 0.014952, 0.015148, 0.014962, 0.016775, 0.015292, 0.017047, 0.015414, 0.015995, 0.016667, 0.01526, 0.016964, 0.01633, 0.016148, 0.015971, 0.022728, 0.018704, 0.017836, 0.018398, 0.016422, 0.0156, 0.015296, 0.015513, 0.017036, 0.0165, 0.025321, 0.016616, 0.016229, 0.016507, 0.015113, 0.02315, 0.016494, 0.015536, 0.016994, 0.017391, 0.016259, 0.01642, 0.017461, 0.01641, 0.016315, 0.016197, 0.018374]	[0.041646, 4.1e-05, 0.024475, 0.006836, 0.001851, 2e-05, 0.000854, 0.000183, 0.002075, 0.0, 0.079671, 0.0, 0.0, 0.005859, 0.0, 0.05599, 0.003886, 0.002787, 0.002421, 0.038615, 0.0, 0.000326, 8.1e-05, 0.039978, 0.036275, 0.001139, 0.000183, 0.0, 0.0, 0.03538, 0.004964, 0.011292, 0.001404, 0.04128, 0.040588, 0.024333, 0.081299, 0.035116, 0.00177, 0.002584, 0.000142, 0.046488, 0.041626, 0.099589, 0.0, 0.0, 0.0, 0.0, 0.041667, 0.038106, 0.0, 0.039408, 0.0, 0.003947, 6.1e-05, 0.022461, 0.0, 0.0, 0.0, 0.0413]	4.958333	34.133335	0.000000	1150.030500	0.999967	0.008018	0.000279	[43.985786, 41.773636, 27.005325, 45.714169, 6.927003, 0.039656, 3.268419, 34.500221, 40.884705, 0.508046, 96.497482, 0.038911, 0.0, 20.767591, 0.0, 78.642319, 66.714928, 72.269852, 4.757995, 39.848251, 1.11538, 9.642031, 41.213482, 47.780907, 73.190414, 1.893436, 1.874204, 0.0, 5.855848, 43.616314, 41.503181, 17.640598, 2.580346, 67.161827, 130.330994, 43.574005, 103.715836, 37.095619, 10.501716, 8.513124, 31.656898, 88.309021, 47.992332, 175.339203, 0.019465, 0.0, 21.74378, 0.0, 101.529755, 41.937431, 0.0, 50.204937, 6.445168, 7.198358, 28.511763, 51.804688, 0.0, 0.0, 19.878963, 62.484734]
1776709099.806	0	350	350	9.855322e-05	3.238877	3.238877	2.857887	16.915970	3.433980	0.000000	3.364860	3.427988	3.427988			2	0.000000	hard_ce	0.000000	-0.042902	0.248599	-1.758059	2.147058	1.000000	0.000000	4.021105	0.050674	0.004711	0.000000	1.000000	0.000000	0.096014	4.334150	4.296515	0.030538	0.010415	0.862019	0.720640	0.432478	0.847694	0.551021	0.871275	41.220888	6.588651	2.000000	2.000000	0.950000	0.015345	0.086003	1.000000	0.000000	4.945205	[0.015863, 0.015449, 0.015813, 0.016885, 0.015744, 0.015517, 0.015897, 0.018041, 0.014754, 0.015689, 0.018398, 0.015331, 0.015487, 0.016048, 0.016891, 0.018896, 0.016697, 0.018768, 0.015425, 0.015257, 0.01522, 0.015583, 0.016726, 0.014904, 0.016624, 0.015971, 0.015612, 0.016333, 0.015323, 0.016593, 0.020241, 0.016376, 0.016687, 0.019956, 0.017709, 0.019093, 0.017088, 0.015989, 0.015942, 0.015455, 0.015256, 0.019084, 0.016334, 0.023322, 0.01638, 0.015748, 0.016159, 0.015448, 0.020275, 0.016356, 0.015635, 0.016995, 0.016608, 0.016023, 0.016187, 0.017743, 0.016205, 0.016198, 0.016349, 0.017422]	[0.040934, 0.0, 0.00769, 0.039551, 0.015523, 0.009399, 0.001465, 0.027323, 0.004395, 0.0, 0.048279, 0.0, 0.0, 0.003235, 0.0, 0.076904, 0.000956, 0.073018, 0.001892, 0.001729, 0.0, 0.000326, 0.0354, 0.011108, 0.036723, 0.000854, 0.0, 0.0, 8.1e-05, 0.004679, 0.036723, 0.00352, 0.036764, 0.041036, 0.03951, 0.030701, 0.042501, 0.000427, 2e-05, 0.003052, 0.018799, 0.086528, 0.033285, 0.051799, 0.0, 0.0, 0.0, 0.0, 0.082479, 0.000163, 0.0, 0.0, 0.0, 0.002441, 0.001506, 0.019023, 6.1e-05, 0.0, 0.0, 0.028198]	5.625000	34.133335	0.000000	1073.420125	0.999965	0.008217	0.000301	[44.219158, 39.709988, 30.949673, 51.173409, 21.582708, 18.276539, 16.704567, 72.067108, 7.033003, 0.0, 95.280777, 0.135554, 0.113627, 9.619521, 1.680827, 102.225388, 33.389416, 136.940399, 3.809114, 38.510159, 0.634767, 39.878502, 44.575203, 34.206306, 43.531311, 2.611226, 0.0, 7.858115, 2.233897, 40.939079, 44.507454, 7.901823, 44.704571, 52.585354, 111.520805, 42.432209, 86.086929, 1.737398, 7.26175, 8.988922, 36.944855, 179.265488, 34.609627, 145.723297, 0.359249, 0.0, 0.0, 0.190352, 100.466766, 28.607733, 0.0, 0.19845, 0.265114, 9.965196, 36.062908, 54.226479, 0.165978, 0.0, 27.649563, 45.682465]
1776709171.462	0	400	400	9.794887e-05	3.491149	3.491149	3.890754	17.401236	3.447487	0.000000	3.307258	3.337754	3.337754	3.321185	27.693137	2	0.000000	hard_ce	0.000000	-0.033219	0.294783	-1.901069	2.664384	1.000000	0.000000	3.957840	0.069662	0.003955	0.000000	1.000000	0.000000	0.103546	4.671870	4.606862	0.060114	0.011076	0.973377	0.818220	0.431555	0.849394	0.553265	0.871907	42.694393	7.657688	2.000000	2.000000	0.943056	0.029781	0.109543	1.000000	0.000000	4.917562	[0.015467, 0.014873, 0.01481, 0.015699, 0.015089, 0.016413, 0.015088, 0.02124, 0.014858, 0.015528, 0.015423, 0.015428, 0.01509, 0.016182, 0.016502, 0.017594, 0.016116, 0.01909, 0.014651, 0.014969, 0.014807, 0.015454, 0.016057, 0.014004, 0.018212, 0.015902, 0.015139, 0.016758, 0.014715, 0.016674, 0.015703, 0.016236, 0.015952, 0.028928, 0.016989, 0.02409, 0.01673, 0.016188, 0.015514, 0.014905, 0.014492, 0.017115, 0.016801, 0.026875, 0.016264, 0.01501, 0.015245, 0.015448, 0.025277, 0.015341, 0.015065, 0.016613, 0.015956, 0.015581, 0.016505, 0.017714, 0.015748, 0.016082, 0.016962, 0.016841]	[0.032288, 0.001078, 0.000285, 0.009928, 0.00116, 0.038696, 0.002523, 0.040853, 0.001689, 0.0, 0.010803, 0.0, 0.0, 0.000326, 8.1e-05, 0.063802, 0.013021, 0.019735, 0.002401, 0.000366, 0.0, 0.040914, 4.1e-05, 0.000326, 0.038635, 0.001058, 0.0, 0.029643, 0.0, 0.03182, 0.035197, 0.015605, 0.000427, 0.041484, 0.039062, 0.031921, 0.035197, 0.035421, 0.000122, 0.003316, 0.02122, 0.10789, 0.041565, 0.085775, 0.0, 0.0, 0.0, 0.0, 0.046611, 0.012736, 0.0, 0.0, 0.0, 0.003743, 0.008219, 0.02358, 0.0, 0.0, 0.0, 0.029439]	5.833333	34.133335	0.000000	1093.443260	0.999966	0.008069	0.000282	[40.677784, 9.722544, 7.489777, 45.292168, 2.366616, 51.212807, 19.663437, 72.892883, 7.914852, 0.0, 85.908554, 0.0, 1.011368, 22.50243, 0.820935, 79.419281, 26.051756, 72.249146, 3.515546, 31.637314, 0.077179, 45.07515, 34.939411, 1.259525, 82.802048, 3.999112, 0.842294, 39.645939, 4.128337, 43.688366, 67.487778, 21.701, 16.72492, 57.641907, 108.843811, 52.86602, 59.984505, 36.823994, 2.755823, 6.334709, 20.998701, 141.948273, 57.559368, 134.777237, 0.588548, 0.0, 0.0, 0.03305, 102.365906, 28.876095, 0.0, 0.40773, 2.064105, 8.008348, 134.178421, 78.94944, 0.0, 0.0, 22.997063, 46.276772]
1776709237.370	0	450	450	9.724273e-05	3.286196	3.286196	3.585607	17.268864	3.440519	0.000000	3.240263	3.283563	3.283563			2	0.000000	hard_ce	0.000000	-0.032314	0.315890	-1.901722	2.553612	1.000000	0.000000	3.983774	0.064189	0.003990	0.000000	1.000000	0.000000	0.095786	4.318963	4.256454	0.040609	0.009822	0.915248	0.759687	0.431084	0.850757	0.535092	0.866459	44.887150	7.813170	2.000000	2.000000	0.949306	0.026763	0.101615	1.000000	0.000000	4.994403	[0.016268, 0.015328, 0.015156, 0.016441, 0.015447, 0.014867, 0.015529, 0.02038, 0.015304, 0.015309, 0.016229, 0.015692, 0.015131, 0.016632, 0.01602, 0.018755, 0.017504, 0.01979, 0.01482, 0.014898, 0.014813, 0.015633, 0.016505, 0.014597, 0.017707, 0.015866, 0.015229, 0.01586, 0.015333, 0.016939, 0.016147, 0.016333, 0.015116, 0.02548, 0.016431, 0.019456, 0.019301, 0.016911, 0.015035, 0.014924, 0.014311, 0.019868, 0.015869, 0.022524, 0.016737, 0.015567, 0.016044, 0.016162, 0.023361, 0.016355, 0.015362, 0.016858, 0.016031, 0.016803, 0.017713, 0.017105, 0.016007, 0.015569, 0.015648, 0.016989]	[0.040426, 0.000448, 0.0, 0.041016, 2e-05, 0.000916, 0.003743, 0.004049, 0.010071, 0.0, 0.081624, 0.0, 0.0, 0.001261, 0.000142, 0.068481, 0.004964, 0.047404, 0.003499, 0.001607, 0.0, 0.0, 0.0, 0.0, 0.015279, 0.019145, 0.0, 0.0, 6.1e-05, 0.000651, 0.003215, 0.016398, 0.003235, 0.041667, 0.076152, 0.031555, 0.075521, 0.027974, 0.000142, 0.004049, 0.000773, 0.099426, 0.003072, 0.045756, 0.0, 0.0, 0.0, 0.0, 0.0837, 0.028442, 0.0, 4.1e-05, 0.0, 0.006571, 0.06071, 0.005127, 0.0, 0.0, 0.0, 0.041667]	5.375000	34.133334	0.000000	1140.884392	0.999969	0.007752	0.000272	[50.804123, 34.576214, 0.871856, 46.731056, 0.020524, 2.240098, 8.19505, 65.798828, 42.180656, 0.024676, 97.670349, 0.0, 0.0, 1.902578, 0.335751, 92.78447, 46.163368, 109.681702, 4.315204, 35.215435, 3.205136, 39.037979, 36.933102, 0.90682, 43.208405, 23.873722, 15.376441, 0.846442, 16.447496, 38.742767, 37.78231, 24.824217, 5.584613, 54.335594, 116.422241, 38.775841, 105.60405, 38.25491, 1.993706, 7.078437, 6.678163, 189.215698, 38.44783, 135.050049, 0.013046, 0.0, 0.0, 0.0, 109.795044, 43.878433, 0.038696, 1.082006, 0.222943, 16.437965, 101.752586, 42.827663, 0.0, 0.0, 20.577938, 53.235825]
1776709303.672	0	500	500	9.643683e-05	3.478663	3.478663	3.053905	17.167786	3.453920	0.000000	3.221530	3.247949	3.247949			2	0.000000	hard_ce	0.000000	-0.022365	0.274828	-1.832015	2.379003	1.000000	0.000000	4.005287	0.055427	0.004052	0.000000	1.000000	0.000000	0.094547	4.259087	4.171720	0.048940	0.011615	0.917619	0.763736	0.431501	0.857634	0.527931	0.864939	43.157769	7.501463	2.000000	2.000000	0.941667	0.017255	0.093599	1.000000	0.000000	4.995177	[0.01607, 0.015382, 0.015402, 0.016123, 0.015328, 0.017075, 0.015373, 0.019586, 0.014827, 0.015827, 0.017094, 0.015857, 0.015249, 0.016757, 0.016289, 0.0192, 0.017177, 0.018377, 0.015169, 0.015658, 0.014923, 0.016124, 0.016291, 0.015174, 0.016694, 0.01591, 0.015174, 0.016347, 0.015146, 0.016384, 0.017415, 0.016149, 0.015835, 0.020985, 0.017515, 0.021992, 0.017455, 0.016866, 0.01513, 0.014913, 0.014937, 0.017821, 0.016168, 0.027362, 0.016294, 0.015708, 0.016021, 0.01577, 0.019298, 0.01557, 0.015173, 0.01703, 0.016462, 0.016192, 0.017215, 0.017094, 0.015741, 0.015886, 0.017416, 0.016603]	[0.039632, 0.001526, 0.0, 0.037598, 0.0, 0.03776, 0.002197, 0.016418, 0.023539, 0.0, 0.051758, 0.0, 0.0, 0.024353, 0.000346, 0.069519, 0.005737, 0.037333, 0.003092, 0.002299, 0.0, 0.0, 0.000102, 0.001648, 0.003906, 0.000732, 2e-05, 2e-05, 0.001139, 0.004191, 0.033346, 0.009867, 0.005859, 0.041626, 0.072652, 0.029643, 0.04307, 0.022074, 0.001221, 0.00354, 0.004089, 0.092041, 0.041341, 0.050944, 0.0, 0.0, 0.0, 0.0, 0.082764, 0.012858, 0.000102, 0.0, 0.0, 0.003682, 0.034159, 0.017212, 0.0, 0.0, 0.0, 0.03304]	5.750000	34.133335	0.000000	1082.952428	0.999969	0.007732	0.000264	[48.647072, 39.324791, 21.721386, 46.315804, 0.020277, 51.726646, 4.631572, 79.544067, 36.081509, 0.0, 93.801987, 18.367985, 1.257441, 36.963039, 0.479895, 94.66082, 38.973885, 83.629494, 3.047586, 34.838139, 0.0, 34.174717, 40.074219, 6.744878, 32.090492, 2.053016, 0.038904, 1.287593, 15.226233, 39.115486, 46.66996, 14.208223, 15.088774, 64.820099, 126.821747, 45.677994, 88.491074, 38.501358, 5.348703, 4.135559, 13.143935, 158.426437, 45.439926, 140.090729, 0.0, 0.513765, 0.0, 0.0, 94.406952, 31.702724, 0.256681, 3.711488, 0.177926, 7.857347, 49.031029, 69.599434, 0.0, 0.019587, 21.847271, 57.172386]
1776709367.811	0	550	550	9.553348e-05	3.096750	3.096750	3.376416	17.143690	3.421995	0.000000	3.235352	3.235875	3.235875			2	0.000000	hard_ce	0.000000	-0.024372	0.287916	-1.829849	2.560404	1.000000	0.000000	4.003941	0.060458	0.004022	0.000000	1.000000	0.000000	0.096622	4.348252	4.266090	0.061041	0.013942	0.963915	0.810041	0.431611	0.860439	0.523744	0.863693	43.391665	8.253605	2.000000	2.000000	0.943750	0.024675	0.096240	1.000000	0.000000	5.053140	[0.016093, 0.015315, 0.015221, 0.016264, 0.01532, 0.017231, 0.015551, 0.017494, 0.015919, 0.016166, 0.016558, 0.015822, 0.01503, 0.016393, 0.016766, 0.023324, 0.017473, 0.018265, 0.01526, 0.015481, 0.014902, 0.015692, 0.016598, 0.015423, 0.018058, 0.015633, 0.015256, 0.015696, 0.015131, 0.016635, 0.017115, 0.016301, 0.015451, 0.018676, 0.017452, 0.020348, 0.019235, 0.015974, 0.014818, 0.015825, 0.015159, 0.017935, 0.016099, 0.026724, 0.016415, 0.015619, 0.016062, 0.015663, 0.018941, 0.016472, 0.015248, 0.016623, 0.016432, 0.015575, 0.017482, 0.016207, 0.015591, 0.01626, 0.016792, 0.017538]	[0.040446, 0.000895, 0.001912, 0.041117, 6.1e-05, 0.030884, 0.001933, 0.02832, 0.034078, 0.0, 0.046082, 0.0, 0.0, 0.000814, 0.0, 0.07489, 0.001465, 0.014119, 0.003357, 0.032064, 0.0, 0.000346, 0.004944, 0.014058, 0.040446, 0.000916, 0.0, 0.000163, 0.0, 0.000712, 0.03949, 0.03005, 0.000671, 0.039958, 0.046855, 0.035075, 0.076436, 0.000122, 0.0, 0.01182, 0.001038, 0.077861, 0.041667, 0.044698, 0.0, 0.0, 0.0, 0.0, 0.083171, 0.007589, 0.0, 0.0, 0.000122, 0.002726, 0.000956, 0.006266, 0.0, 2e-05, 4.1e-05, 0.039347]	5.250000	34.133334	0.000000	1123.348658	0.999969	0.007763	0.000323	[44.024597, 39.619499, 5.923513, 60.211224, 0.190095, 40.541977, 7.820394, 80.646378, 43.716423, 0.0, 90.025482, 0.0, 0.041248, 1.024614, 0.374639, 106.242859, 36.171036, 93.074738, 5.145627, 39.627342, 0.0, 41.457092, 40.168274, 39.454514, 52.892395, 1.881258, 0.014043, 2.493661, 20.695774, 33.17289, 46.707596, 42.418941, 1.621201, 46.900505, 118.159134, 45.835278, 97.204086, 5.861552, 2.033608, 20.906639, 27.503777, 137.563034, 47.059013, 148.654907, 0.0, 0.025363, 0.0, 0.0, 96.984673, 41.848267, 0.099131, 0.018106, 0.444172, 11.982112, 33.219513, 44.591152, 0.033559, 26.949718, 27.186844, 49.536575]
1776709438.468	0	600	600	9.453528e-05	3.025569	3.025569	3.478672	17.271889	3.428360	0.000000	3.217887	3.218971	3.218971	3.207766	24.723793	2	0.000000	hard_ce	0.000000	-0.018093	0.301502	-1.811188	2.583956	1.000000	0.000000	3.990940	0.064028	0.003973	0.000000	1.000000	0.000000	0.096993	4.364507	4.239961	0.082340	0.012597	0.978921	0.820758	0.432725	0.865709	0.520007	0.861804	44.363712	8.283922	2.000000	2.000000	0.945139	0.024517	0.103539	1.000000	0.000000	4.970815	[0.016445, 0.015854, 0.01513, 0.015854, 0.015364, 0.015736, 0.014811, 0.019287, 0.015046, 0.01591, 0.016604, 0.015699, 0.015149, 0.016393, 0.016453, 0.022017, 0.016819, 0.018729, 0.01475, 0.015005, 0.014917, 0.015455, 0.016152, 0.014987, 0.017601, 0.015467, 0.015402, 0.015963, 0.015131, 0.016846, 0.016041, 0.016146, 0.015451, 0.019984, 0.018093, 0.020262, 0.01834, 0.016129, 0.014809, 0.015428, 0.014474, 0.018643, 0.016152, 0.031402, 0.016422, 0.015707, 0.016326, 0.01557, 0.019936, 0.015534, 0.015615, 0.016775, 0.016726, 0.015744, 0.017152, 0.016893, 0.015864, 0.01555, 0.016505, 0.017351]	[0.041077, 0.000529, 0.005188, 0.001851, 0.000102, 0.021403, 0.000732, 0.036743, 0.013041, 0.0, 0.056864, 0.0, 0.0, 0.019816, 0.0, 0.073588, 0.008382, 0.02301, 0.001994, 0.001973, 0.0, 0.000285, 0.002116, 0.001261, 0.037231, 0.001058, 0.0, 0.001221, 2e-05, 0.040304, 0.028076, 0.025309, 0.001953, 0.026876, 0.038839, 0.015279, 0.068298, 0.025553, 2e-05, 0.002808, 0.006714, 0.097921, 0.041626, 0.107707, 0.0, 0.0, 0.0, 0.0, 0.04067, 0.026957, 0.0, 0.0, 0.000102, 0.004333, 0.004415, 0.009623, 0.0, 0.0, 6.1e-05, 0.037069]	5.416667	34.133335	0.000000	1103.194033	0.999969	0.007646	0.000326	[45.698196, 39.52906, 10.596834, 36.460854, 0.041861, 22.900814, 1.869086, 80.077728, 38.770298, 0.0, 93.569504, 0.0, 0.0, 32.458687, 0.681672, 109.255096, 41.491459, 99.404694, 2.956994, 28.053526, 0.0, 38.960381, 40.641487, 7.099286, 44.502819, 1.350664, 0.0, 2.040877, 16.728096, 50.285843, 44.291119, 34.872253, 3.658048, 42.799664, 130.738693, 37.514671, 91.431274, 33.796154, 1.94644, 6.462976, 17.303162, 149.885941, 44.227978, 188.695114, 0.0, 0.0, 0.050861, 0.0, 93.256638, 42.037621, 0.893542, 0.019139, 0.946616, 8.822373, 59.975002, 47.887177, 0.015514, 12.884092, 20.641838, 47.520325]
1776709502.811	0	650	650	9.344509e-05	2.466722	2.466722	4.262177	17.300442	3.419811	0.000000	3.097714	3.135121	3.135121			2	0.000000	hard_ce	0.000000	-0.056509	0.312978	-1.892700	2.623719	1.000000	0.000000	3.940240	0.076149	0.003707	0.000000	1.000000	0.000000	0.091512	4.114878	3.937338	0.093837	0.010701	0.910728	0.775633	0.433012	0.868886	0.509154	0.859248	45.349690	8.504668	2.000000	2.000000	0.943056	0.035321	0.116977	1.000000	0.000000	4.972263	[0.015965, 0.015604, 0.014833, 0.015705, 0.015287, 0.016615, 0.015677, 0.020487, 0.015087, 0.016091, 0.016309, 0.01574, 0.015108, 0.015813, 0.015453, 0.020571, 0.017145, 0.017002, 0.014864, 0.015071, 0.014792, 0.015419, 0.01555, 0.015025, 0.017667, 0.015391, 0.014956, 0.01555, 0.01519, 0.015891, 0.015708, 0.015238, 0.015271, 0.032005, 0.018243, 0.023914, 0.018339, 0.015286, 0.014454, 0.015697, 0.014343, 0.017372, 0.01618, 0.02929, 0.016016, 0.015418, 0.015837, 0.0154, 0.018747, 0.015085, 0.015328, 0.016258, 0.015782, 0.01601, 0.016384, 0.016443, 0.015723, 0.015099, 0.01786, 0.017411]	[0.030701, 0.01064, 0.010315, 0.038778, 8.1e-05, 0.038147, 0.003438, 0.037537, 0.027323, 0.0, 0.046448, 2e-05, 2e-05, 0.002625, 2e-05, 0.069275, 0.010274, 0.008138, 0.0012, 0.00651, 0.0, 0.000244, 0.002482, 0.000854, 0.03833, 0.000793, 0.0, 0.0, 0.006368, 0.002645, 0.038066, 0.008016, 0.000488, 0.041707, 0.074544, 0.034932, 0.073405, 0.0, 0.000244, 0.006795, 0.002828, 0.087972, 0.041626, 0.064412, 0.0, 0.0, 0.0, 0.001139, 0.06309, 0.014221, 0.000163, 0.0, 2e-05, 0.004801, 0.000956, 0.007141, 0.0, 0.000732, 0.00061, 0.038879]	4.875000	34.133335	0.000000	1130.353373	0.999970	0.007541	0.000311	[43.26738, 42.019482, 19.743122, 47.379372, 0.166282, 50.217926, 13.135379, 64.914024, 50.319775, 0.0, 92.056541, 0.045691, 0.492394, 7.230633, 1.05641, 106.333435, 59.21067, 67.490479, 1.678967, 36.723217, 0.0, 37.211777, 40.421974, 50.385994, 46.349056, 1.106094, 2.356833, 2.330923, 26.655315, 29.118126, 44.065186, 15.107135, 0.846075, 62.877651, 125.623291, 48.753139, 100.299133, 0.0, 2.21767, 9.305534, 14.230556, 142.173798, 49.378246, 143.498489, 0.0, 0.0, 0.0, 10.052963, 99.266724, 41.58654, 0.124822, 0.0, 0.049551, 8.890877, 44.420235, 46.566387, 0.0, 1.340277, 46.265896, 51.642601]
1776709567.960	0	700	700	9.226604e-05	3.164098	3.164098	4.275538	17.069714	3.385876	0.000000	3.116187	3.127215	3.127215			2	0.000000	hard_ce	0.000000	-0.073733	0.317252	-1.922070	2.612757	1.000000	0.000000	3.943280	0.076492	0.003827	0.000000	1.000000	0.000000	0.093687	4.208637	4.032329	0.098129	0.011295	0.956883	0.811325	0.433055	0.869865	0.506126	0.859482	44.961105	8.170545	2.000000	2.000000	0.947917	0.035976	0.117008	1.000000	0.000000	5.076287	[0.015968, 0.015408, 0.014637, 0.015547, 0.015677, 0.016501, 0.015395, 0.020817, 0.014795, 0.016372, 0.016961, 0.015789, 0.014733, 0.015752, 0.015775, 0.020441, 0.016685, 0.016546, 0.014733, 0.014836, 0.01505, 0.01546, 0.015994, 0.01511, 0.017601, 0.01535, 0.01496, 0.015821, 0.014949, 0.016021, 0.015082, 0.015466, 0.015653, 0.025087, 0.018577, 0.026507, 0.017401, 0.015653, 0.014467, 0.015008, 0.014245, 0.018414, 0.016327, 0.031536, 0.015774, 0.015254, 0.015367, 0.015149, 0.018425, 0.015243, 0.015187, 0.016492, 0.015799, 0.016419, 0.016898, 0.017198, 0.015827, 0.01511, 0.019134, 0.017616]	[0.004252, 0.03715, 0.0, 0.040161, 4.1e-05, 0.032369, 0.002482, 0.037292, 0.000163, 0.0, 0.05955, 0.0, 0.0, 0.000264, 0.0, 0.067749, 0.002909, 0.00411, 0.001078, 0.002747, 0.0, 0.021362, 0.00236, 0.000814, 0.001424, 0.000651, 0.0, 4.1e-05, 0.006836, 0.002238, 0.009318, 0.032878, 0.000712, 0.041667, 0.038086, 0.037577, 0.081909, 0.0, 6.1e-05, 0.002197, 0.001038, 0.123861, 0.040914, 0.043538, 0.0, 0.0, 0.0, 2e-05, 0.083618, 0.041199, 0.000183, 0.0, 0.0, 0.004191, 0.03713, 0.007894, 0.0, 0.002441, 0.003194, 0.03833]	5.166667	34.133335	0.000000	1154.148443	0.999969	0.007687	0.000321	[41.317383, 42.78381, 0.019221, 48.360649, 0.062729, 55.998425, 5.349492, 75.734367, 44.495602, 0.0, 103.473877, 0.0, 0.034103, 2.794917, 0.0, 98.273804, 46.887997, 70.57164, 2.149787, 19.913956, 0.0, 43.446053, 40.146103, 23.799057, 10.898303, 4.585988, 16.405279, 6.421634, 37.506214, 39.276775, 43.048286, 42.926628, 2.080018, 57.742599, 100.395737, 52.363945, 94.709137, 32.466694, 2.767126, 4.923452, 9.202875, 152.258041, 49.328182, 129.312408, 0.0, 0.486499, 0.0, 0.486184, 136.968811, 46.143097, 0.674758, 0.0, 0.0, 10.29368, 40.73632, 51.759575, 0.038266, 5.705433, 51.587517, 48.887634]
1776709631.173	0	750	750	9.100151e-05	2.990510	2.990510	4.107295	17.165752	3.381565	0.000000	3.109559	3.115658	3.115658			2	0.000000	hard_ce	0.000000	-0.058697	0.333757	-2.314758	2.823600	1.000000	0.000000	3.950078	0.075868	0.003373	0.000000	1.000000	0.000000	0.092228	4.137740	3.957905	0.126274	0.012819	0.955099	0.799174	0.432493	0.873999	0.497545	0.855832	45.153351	8.875743	2.000000	2.000000	0.945833	0.034878	0.116858	1.000000	0.000000	5.060210	[0.015761, 0.016498, 0.014441, 0.015338, 0.015569, 0.015617, 0.01552, 0.025706, 0.014988, 0.016041, 0.016669, 0.015672, 0.014765, 0.015554, 0.016128, 0.021533, 0.016915, 0.017172, 0.014708, 0.014879, 0.01501, 0.01509, 0.016339, 0.015776, 0.01724, 0.015163, 0.014665, 0.0157, 0.015584, 0.017306, 0.01498, 0.015368, 0.015399, 0.019584, 0.017867, 0.024577, 0.018829, 0.015614, 0.014498, 0.015383, 0.014306, 0.017718, 0.01709, 0.031675, 0.015894, 0.01529, 0.015217, 0.014938, 0.01714, 0.015515, 0.014964, 0.016239, 0.016364, 0.016079, 0.018082, 0.017, 0.016063, 0.014891, 0.018173, 0.017919]	[0.040914, 4.1e-05, 0.0, 0.002157, 2e-05, 0.029785, 0.001607, 0.040731, 0.00592, 0.0, 0.066549, 2e-05, 4.1e-05, 0.000326, 0.0, 0.068359, 0.003743, 0.020569, 0.001872, 0.002808, 0.0, 0.000407, 0.011312, 0.001058, 0.003947, 0.001261, 0.0, 0.0, 0.017171, 0.039815, 0.019694, 0.022847, 0.000305, 0.040853, 0.034159, 0.033162, 0.073364, 0.000305, 6.1e-05, 0.003906, 0.007894, 0.110535, 0.041097, 0.044759, 0.0, 0.0, 0.0, 0.0, 0.079122, 0.035461, 0.000671, 0.0, 0.0, 0.004944, 0.036662, 0.009684, 0.0, 0.0012, 0.000346, 0.038534]	4.875000	34.133335	0.000000	1168.243530	0.999969	0.007699	0.000318	[46.347885, 60.201233, 0.0, 38.518394, 0.041536, 39.147369, 4.532707, 101.743408, 59.466919, 0.0, 98.720818, 0.0, 0.042106, 1.332684, 0.021716, 103.470261, 33.573517, 92.184196, 3.609451, 17.860237, 0.0, 40.646141, 40.304375, 15.745303, 30.50016, 1.183611, 0.0, 7.35223, 40.687183, 48.416348, 42.709435, 40.719807, 0.362285, 51.669685, 127.458092, 50.721432, 100.512955, 32.914673, 1.085884, 6.284509, 9.952021, 146.667206, 46.318565, 132.315536, 0.0, 0.0, 0.0, 0.330916, 90.66613, 44.493156, 0.491074, 0.013276, 0.077814, 5.931028, 55.026257, 43.656319, 0.0, 1.41915, 39.66169, 50.891384]
1776709701.838	0	800	800	8.965515e-05	2.536508	2.536508	3.768479	17.136030	3.414258	0.000000	3.077515	3.091030	3.091030	3.083681	21.838640	2	0.000000	hard_ce	0.000000	-0.052075	0.323763	-2.210764	2.907872	1.000000	0.000000	3.967851	0.069604	0.003249	0.000000	1.000000	0.000000	0.091852	4.116915	3.985352	0.116253	0.012961	0.983832	0.818633	0.432351	0.875129	0.490979	0.854032	45.186573	9.095581	2.000000	2.000000	0.947917	0.031765	0.107443	1.000000	0.000000	4.962585	[0.016523, 0.016049, 0.014236, 0.016085, 0.015588, 0.016856, 0.015882, 0.018902, 0.01465, 0.016376, 0.016598, 0.015925, 0.014589, 0.015569, 0.016477, 0.022534, 0.01722, 0.016688, 0.015228, 0.015078, 0.014798, 0.016423, 0.016823, 0.016558, 0.017384, 0.015103, 0.014699, 0.015772, 0.015408, 0.016278, 0.016884, 0.015483, 0.0162, 0.017884, 0.017318, 0.025884, 0.017678, 0.015801, 0.01456, 0.016169, 0.014574, 0.017554, 0.016622, 0.031499, 0.016282, 0.015423, 0.015266, 0.014895, 0.01834, 0.015631, 0.015047, 0.01669, 0.016147, 0.015506, 0.016458, 0.017804, 0.015581, 0.014894, 0.0175, 0.018127]	[0.039998, 0.0, 2e-05, 0.021301, 0.001241, 0.038717, 0.002747, 0.01005, 0.0, 0.0, 0.042114, 0.00059, 0.0, 0.001241, 0.0, 0.070923, 0.019714, 0.00887, 0.000712, 0.003031, 0.0, 0.001241, 0.027669, 0.036702, 0.037354, 0.001099, 0.0, 0.0, 0.008362, 0.020894, 0.041606, 0.015279, 0.002157, 0.035828, 0.071086, 0.035726, 0.060567, 0.0, 2e-05, 0.00529, 0.005575, 0.070129, 0.041138, 0.044474, 0.0, 0.0, 0.0, 0.0, 0.081807, 0.039795, 0.0, 0.0, 0.0, 0.003845, 0.000692, 0.012105, 0.001078, 0.000163, 0.000305, 0.036743]	5.416667	34.133335	0.000000	1114.354380	0.999969	0.007654	0.000321	[48.641022, 48.043209, 2.006486, 49.875854, 1.809952, 50.817181, 20.751432, 78.78241, 47.538647, 0.0, 84.963806, 1.720843, 0.0, 1.994682, 0.862715, 105.471664, 51.117214, 71.624512, 5.071714, 28.633373, 0.441613, 43.036781, 41.248764, 46.041134, 45.620346, 1.98975, 0.017644, 1.407102, 18.90064, 43.319332, 51.468349, 35.792908, 4.184078, 44.114056, 121.917595, 49.084393, 87.229904, 25.403652, 2.323654, 8.519653, 13.410121, 138.792297, 47.146618, 134.78273, 0.0, 0.0, 0.0, 0.0, 102.751343, 46.99527, 0.766092, 0.030796, 1.500839, 9.516698, 32.250637, 52.518974, 1.801296, 5.734578, 38.656456, 49.557213]
1776709765.920	0	850	850	8.823081e-05	3.445380	3.445380	4.032705	17.246389	3.400892	0.000000	3.087451	3.089710	3.089710			2	0.000000	hard_ce	0.000000	-0.057323	0.335303	-2.325806	2.812033	1.000000	0.000000	3.940683	0.074034	0.003387	0.000000	1.000000	0.000000	0.087973	3.933034	3.803189	0.130973	0.012945	0.937053	0.780160	0.431860	0.878132	0.482682	0.852572	45.106174	8.851476	2.000000	2.000000	0.941667	0.032766	0.115302	1.000000	0.000000	5.032250	[0.015925, 0.016058, 0.014072, 0.015732, 0.015669, 0.015266, 0.01523, 0.018584, 0.014648, 0.016407, 0.017891, 0.016209, 0.014501, 0.015451, 0.016131, 0.019746, 0.017239, 0.016824, 0.01481, 0.015416, 0.014741, 0.015468, 0.017101, 0.016275, 0.016354, 0.015417, 0.014594, 0.015524, 0.015182, 0.016491, 0.016039, 0.014994, 0.016403, 0.018672, 0.018943, 0.023228, 0.016843, 0.016274, 0.014723, 0.015222, 0.013944, 0.018941, 0.016523, 0.041412, 0.015742, 0.015515, 0.015194, 0.014944, 0.018231, 0.015519, 0.014812, 0.01653, 0.016327, 0.016043, 0.016723, 0.016959, 0.015603, 0.014853, 0.017969, 0.017917]	[0.039205, 8.1e-05, 0.0, 0.044169, 0.00413, 0.0271, 0.003988, 0.028992, 8.1e-05, 0.0, 0.05247, 0.002157, 0.0, 0.00116, 0.0, 0.064657, 0.037903, 0.016805, 0.003031, 0.004313, 2e-05, 0.007975, 0.001139, 0.012634, 0.016703, 0.001404, 0.0, 0.000163, 0.004211, 0.000671, 0.02889, 0.028605, 0.00057, 0.040792, 0.05835, 0.025818, 0.047872, 0.032857, 2e-05, 0.002848, 0.00234, 0.066488, 0.039205, 0.054159, 0.0, 0.0, 0.0, 0.0, 0.082174, 0.041056, 0.000305, 0.0, 2e-05, 0.004089, 0.020732, 0.009115, 0.0, 0.000163, 0.000264, 0.038106]	5.458333	34.133335	0.000000	1100.532715	0.999971	0.007466	0.000322	[48.471054, 56.861034, 0.299759, 52.838013, 8.639698, 30.257893, 8.553858, 77.845718, 37.459515, 0.0, 96.784081, 4.49529, 0.014878, 3.353529, 0.020567, 87.364792, 60.536003, 87.132042, 8.929197, 31.525839, 0.843234, 42.365749, 34.440697, 38.722755, 39.65226, 1.820282, 0.0, 1.300056, 30.279768, 37.885918, 48.674725, 38.265865, 1.670374, 50.498108, 121.126266, 41.960808, 85.433769, 40.367832, 2.603226, 5.179277, 10.085637, 144.262924, 47.448162, 148.619598, 0.017342, 0.0, 0.0, 0.0, 103.107872, 47.53228, 0.917534, 0.040077, 0.291016, 8.130665, 37.220669, 48.381664, 0.299671, 8.72259, 28.640045, 49.808578]
1776709830.983	0	900	900	8.673259e-05	3.054020	3.054020	4.698640	17.183151	3.367061	0.000000	3.012252	3.043205	3.043205			2	0.000000	hard_ce	0.000000	-0.083809	0.356338	-2.326087	2.932811	1.000000	0.000000	3.910476	0.084350	0.003175	0.000000	1.000000	0.000000	0.090941	4.071096	3.941181	0.138731	0.012869	0.994254	0.827152	0.432351	0.885653	0.482241	0.851932	45.070850	8.628628	2.000000	2.000000	0.941667	0.039086	0.129614	1.000000	0.000000	5.044529	[0.017193, 0.01698, 0.01376, 0.015431, 0.015047, 0.014984, 0.014491, 0.018544, 0.014413, 0.016438, 0.018121, 0.015097, 0.014232, 0.015186, 0.015497, 0.021198, 0.016896, 0.017351, 0.013829, 0.015083, 0.01433, 0.015339, 0.016281, 0.016245, 0.016313, 0.015316, 0.014267, 0.015722, 0.014873, 0.016274, 0.017512, 0.01496, 0.016384, 0.019921, 0.019784, 0.024209, 0.017834, 0.014829, 0.014445, 0.015286, 0.014998, 0.018039, 0.016309, 0.04041, 0.015856, 0.015394, 0.014954, 0.014625, 0.02119, 0.015419, 0.014465, 0.016242, 0.016373, 0.016034, 0.016712, 0.016395, 0.015207, 0.014631, 0.019705, 0.017146]	[0.008891, 0.03241, 2e-05, 0.043803, 0.002543, 0.03536, 0.002421, 0.032572, 0.001363, 0.0, 0.043111, 4.1e-05, 0.0, 0.000895, 0.0, 0.072266, 0.004964, 0.013875, 0.001078, 0.001912, 0.0, 0.0, 0.000651, 0.009399, 0.022298, 0.001058, 0.0, 0.000366, 0.013672, 0.001241, 0.041667, 0.020528, 0.001689, 0.041097, 0.052694, 0.036499, 0.070231, 0.000956, 2e-05, 0.004944, 0.00297, 0.110413, 0.035339, 0.052327, 2e-05, 0.0, 0.0, 0.0, 0.074483, 0.039022, 0.000102, 0.0, 2e-05, 0.004842, 0.015564, 0.009257, 0.000264, 0.000468, 0.000997, 0.037374]	4.875000	34.133334	0.000000	1153.159615	0.999971	0.007421	0.000328	[43.792435, 59.611801, 0.0, 50.323299, 3.931948, 39.568859, 5.122574, 73.041733, 49.059219, 0.0, 87.898399, 0.442159, 0.018607, 1.887228, 0.020463, 113.918839, 34.67009, 63.725445, 3.034383, 21.42205, 0.423046, 40.560581, 37.032238, 40.695488, 40.684235, 1.834172, 0.010383, 2.312221, 33.952171, 41.477753, 47.362877, 34.564808, 2.260708, 55.296112, 139.188416, 50.291588, 97.447594, 29.581085, 1.765105, 7.794528, 17.022861, 137.643524, 45.862652, 141.177414, 0.041576, 0.011142, 0.0, 0.0, 105.590355, 44.761181, 0.274584, 0.123445, 0.056071, 6.970812, 38.881016, 43.470654, 0.594756, 3.304204, 48.735451, 57.453758]
1776709896.816	0	950	950	8.516478e-05	2.765604	2.765604	4.658089	17.206810	3.364311	0.000000	3.046370	3.046745	3.046745			2	0.000000	hard_ce	0.000000	-0.108111	0.327770	-2.176539	2.695688	1.000000	0.000000	3.899246	0.082461	0.003486	0.000000	1.000000	0.000000	0.091237	4.082760	4.039105	0.122840	0.013537	1.034249	0.857874	0.432786	0.888635	0.479924	0.851610	42.729564	7.751592	2.000000	2.000000	0.944444	0.037842	0.127080	1.000000	0.000000	4.995310	[0.017727, 0.016282, 0.014562, 0.015237, 0.015245, 0.01549, 0.014928, 0.018847, 0.014254, 0.016455, 0.017378, 0.014968, 0.01435, 0.015705, 0.01538, 0.019775, 0.016794, 0.019574, 0.014337, 0.014755, 0.014403, 0.015409, 0.015867, 0.016631, 0.01655, 0.015442, 0.014357, 0.015649, 0.014729, 0.016099, 0.015923, 0.014952, 0.015554, 0.018174, 0.018606, 0.021204, 0.016857, 0.015116, 0.014743, 0.01464, 0.0138, 0.017858, 0.016399, 0.047081, 0.015672, 0.015467, 0.015031, 0.014908, 0.021483, 0.015216, 0.014554, 0.016015, 0.015829, 0.016146, 0.017094, 0.016705, 0.015353, 0.014403, 0.021115, 0.016925]	[0.04071, 0.000712, 0.033162, 0.040426, 0.015788, 0.032166, 0.002177, 0.019124, 0.006348, 0.0, 0.07428, 0.0, 0.0, 0.000712, 0.0, 0.069519, 0.014221, 0.006551, 0.002543, 0.001973, 0.0, 0.0, 0.000753, 0.028931, 0.002299, 0.000631, 0.000203, 0.0, 0.002482, 0.006531, 0.011719, 0.017415, 0.000387, 0.035136, 0.077372, 0.034587, 0.035034, 0.001546, 2e-05, 0.00236, 0.007182, 0.081726, 0.041463, 0.045451, 0.0, 0.0, 0.0, 0.0, 0.080688, 0.035014, 0.000264, 0.0, 0.0, 0.004761, 0.037394, 0.00767, 0.0, 0.001221, 0.000102, 0.039246]	5.291667	34.133334	0.000000	1083.522235	0.999972	0.007300	0.000279	[46.886074, 41.693962, 32.843014, 59.438652, 24.351759, 32.167282, 6.634035, 78.649307, 41.334446, 0.06354, 98.550766, 0.406298, 0.034905, 3.291207, 0.0, 101.079224, 51.525352, 55.319866, 5.574743, 25.693996, 0.625194, 40.77124, 35.084724, 59.783016, 18.531822, 1.829302, 0.571727, 1.1301, 13.124086, 43.611294, 41.39497, 27.248783, 4.116476, 46.214226, 131.903259, 49.449413, 82.383812, 34.913185, 2.036233, 3.532212, 18.766556, 144.476227, 46.258648, 135.715652, 0.0, 0.0, 0.0, 0.0, 94.780685, 43.38089, 0.706249, 0.529108, 0.946825, 13.253707, 45.715714, 57.491436, 0.178268, 7.717124, 37.808334, 56.481133]
1776709967.920	0	1000	1000	8.353189e-05	2.833040	2.833040	4.636374	17.247931	3.372839	0.000000	2.958607	2.986245	2.986245	3.034853	20.797930	2	0.000000	hard_ce	0.000000	-0.076346	0.340534	-2.275220	2.846381	1.000000	0.000000	3.906184	0.084322	0.003515	0.000000	1.000000	0.000000	0.091568	4.091410	3.976811	0.168702	0.011782	1.025234	0.858600	0.433073	0.890345	0.477902	0.851229	44.130191	8.960577	2.000000	2.000000	0.935417	0.039697	0.128946	1.000000	0.000000	5.019514	[0.019694, 0.016451, 0.013676, 0.01519, 0.015152, 0.016008, 0.015058, 0.018432, 0.014132, 0.017431, 0.017655, 0.015138, 0.014337, 0.015259, 0.015572, 0.019999, 0.016501, 0.01983, 0.014415, 0.015109, 0.014683, 0.015522, 0.016545, 0.015872, 0.016745, 0.015041, 0.014536, 0.015709, 0.014787, 0.016116, 0.015903, 0.015169, 0.015828, 0.017854, 0.019257, 0.022415, 0.017518, 0.014982, 0.014539, 0.015053, 0.01352, 0.01781, 0.016668, 0.046319, 0.015362, 0.015508, 0.01498, 0.015092, 0.019367, 0.015067, 0.014525, 0.015778, 0.015943, 0.015876, 0.017569, 0.016376, 0.015146, 0.014215, 0.019126, 0.016637]	[0.041341, 0.000183, 0.0, 0.048848, 0.001404, 0.037984, 0.011149, 0.038879, 0.001017, 2e-05, 0.02065, 2e-05, 2e-05, 0.000692, 0.0, 0.067993, 0.006409, 0.016724, 0.001912, 0.001851, 0.0, 0.027039, 0.001465, 0.001872, 0.004272, 0.000875, 0.0, 0.000102, 0.000366, 0.002319, 0.041117, 0.018372, 0.00238, 0.040487, 0.084351, 0.025309, 0.073507, 2e-05, 0.0, 0.004557, 0.00236, 0.082214, 0.029989, 0.094198, 0.0, 0.0, 0.0, 0.0, 0.035889, 0.038818, 0.000142, 0.0, 6.1e-05, 0.006917, 0.035177, 0.010091, 0.0, 0.001241, 0.000244, 0.03715]	5.375000	34.133334	0.000000	1113.495847	0.999971	0.007429	0.000305	[58.909847, 45.029938, 0.0, 56.045071, 4.438647, 41.400707, 17.458977, 79.942825, 37.409962, 0.716651, 103.819031, 0.622893, 0.0, 1.377305, 0.0, 99.51915, 43.962658, 81.167747, 4.130693, 21.490273, 0.981702, 42.82534, 41.018856, 34.441345, 39.021545, 2.521017, 0.369677, 0.234543, 3.972508, 44.71994, 46.495049, 24.225073, 5.140127, 51.234413, 140.077515, 44.251389, 95.959587, 32.885395, 2.606298, 5.805826, 8.528686, 134.335114, 44.156643, 155.178757, 0.0, 0.0, 0.250238, 0.0, 86.903748, 44.694359, 0.185517, 0.020689, 0.101807, 24.721272, 41.384113, 51.062965, 0.01212, 5.714561, 47.643139, 46.876831]
1776710033.668	1	1050	1050	8.183861e-05	2.680545	2.680545	4.316576	17.082699	3.372322	0.000000	2.808385	2.869286	2.869286			2	0.000000	hard_ce	0.000000	-0.070864	0.334487	-2.201170	2.951971	1.000000	0.000000	3.945300	0.077667	0.003402	0.000000	1.000000	0.000000	0.088070	3.935273	3.796052	0.127058	0.012049	0.980571	0.809509	0.432864	0.886490	0.470649	0.848373	43.147048	8.523979	2.000000	2.000000	0.945139	0.035849	0.119485	1.000000	0.000000	5.082008	[0.017474, 0.017421, 0.013892, 0.015205, 0.015275, 0.016317, 0.015011, 0.020515, 0.014032, 0.015967, 0.017018, 0.015596, 0.014714, 0.015649, 0.015647, 0.022152, 0.01656, 0.018133, 0.014453, 0.015143, 0.014816, 0.015611, 0.015983, 0.015593, 0.017838, 0.015164, 0.014397, 0.015711, 0.015158, 0.01609, 0.015832, 0.015724, 0.015833, 0.021493, 0.0203, 0.019932, 0.018184, 0.016057, 0.015089, 0.014651, 0.013953, 0.018179, 0.017018, 0.034393, 0.015341, 0.015391, 0.01533, 0.015638, 0.019077, 0.014921, 0.015263, 0.016254, 0.016028, 0.016636, 0.017754, 0.016378, 0.01562, 0.014943, 0.018497, 0.017759]	[0.001465, 0.039917, 0.0, 0.043457, 0.000142, 0.036967, 0.002421, 0.039368, 0.004822, 0.0, 0.05308, 0.0, 0.0, 0.000509, 0.0, 0.073893, 0.007304, 0.0071, 0.001485, 0.00179, 0.0, 0.001709, 0.000326, 0.001322, 0.036641, 0.002462, 0.0, 0.0, 0.000346, 0.001322, 0.030579, 0.033468, 0.00116, 0.040995, 0.081523, 0.026672, 0.073547, 0.000834, 0.0, 0.002462, 0.002279, 0.086019, 0.037415, 0.09137, 0.0, 0.0, 0.0, 0.0, 0.041606, 0.035706, 0.000305, 0.0, 0.0, 0.003174, 0.00647, 0.006836, 0.0, 0.000671, 0.000102, 0.038961]	5.583333	34.133335	0.000000	1145.724757	0.999971	0.007469	0.000317	[41.686497, 46.036568, 0.040955, 53.59005, 0.95395, 42.136276, 12.455375, 81.087532, 40.44804, 0.0, 91.346313, 0.051827, 0.039953, 13.810036, 0.0, 115.104111, 43.015251, 77.369461, 4.698777, 20.903511, 0.657091, 41.838058, 31.645529, 23.411587, 45.545807, 9.262641, 0.240089, 0.098903, 17.272621, 42.126381, 45.410656, 28.874624, 2.252226, 52.936157, 124.054008, 45.851624, 92.476059, 34.812534, 2.885395, 5.948162, 7.544205, 153.680878, 46.759441, 149.946762, 0.015052, 0.0, 0.0, 0.049964, 93.221489, 42.753868, 0.379362, 0.025012, 0.028491, 7.635063, 46.146042, 46.846004, 0.014059, 18.379642, 44.923454, 57.276649]
1776710098.897	1	1100	1100	8.008980e-05	2.741979	2.741979	4.513151	17.182684	3.374446	0.000000	2.813730	2.835377	2.835377			2	0.000000	hard_ce	0.000000	-0.075390	0.367830	-2.286116	2.939817	1.000000	0.000000	3.927643	0.082283	0.003084	0.000000	1.000000	0.000000	0.086120	3.842673	3.661766	0.137101	0.011685	0.956419	0.797642	0.433303	0.885776	0.463802	0.847229	44.233723	8.323565	2.000000	2.000000	0.945139	0.035123	0.129443	1.000000	0.000000	5.088715	[0.017172, 0.015973, 0.013683, 0.015231, 0.015379, 0.015894, 0.014981, 0.024476, 0.013683, 0.016597, 0.017191, 0.015437, 0.014582, 0.015189, 0.015644, 0.024588, 0.016305, 0.01993, 0.014235, 0.016238, 0.014339, 0.015328, 0.015997, 0.016653, 0.01807, 0.014888, 0.014185, 0.015969, 0.014817, 0.015802, 0.01585, 0.015251, 0.015987, 0.019258, 0.019999, 0.022187, 0.018493, 0.01519, 0.014594, 0.01486, 0.013664, 0.017249, 0.017462, 0.033116, 0.01532, 0.015039, 0.014695, 0.015247, 0.019136, 0.014962, 0.015135, 0.016425, 0.016137, 0.015852, 0.017496, 0.016547, 0.015645, 0.014731, 0.018037, 0.017979]	[0.040771, 0.000529, 0.0, 0.04303, 0.002157, 0.03835, 0.001831, 0.050639, 0.0, 2e-05, 0.048604, 0.0, 0.0, 0.000407, 0.0, 0.073669, 0.006632, 0.029419, 0.00116, 0.003825, 0.0, 4.1e-05, 0.003988, 0.002238, 0.015625, 0.002502, 0.0, 0.0, 0.010783, 0.001139, 0.036397, 0.018392, 0.002482, 0.029765, 0.036235, 0.027974, 0.073181, 0.0, 4.1e-05, 0.006429, 0.002543, 0.118123, 0.041341, 0.06189, 0.0, 0.0, 0.0, 0.0, 0.052816, 0.03951, 0.00059, 0.000346, 0.0, 0.003316, 0.023031, 0.0071, 0.0, 0.000529, 0.000997, 0.039612]	5.500000	34.133334	0.000000	1134.633519	0.999971	0.007359	0.000294	[47.334953, 39.247963, 0.299977, 54.692074, 5.227746, 40.063026, 6.385756, 97.304962, 32.436569, 0.069269, 94.563828, 0.117872, 0.0, 0.780628, 0.024374, 117.201477, 43.876556, 85.363701, 4.149176, 28.663586, 0.207287, 35.726883, 40.573158, 27.403095, 40.806641, 5.717562, 0.284637, 0.278909, 28.799778, 38.909092, 47.53994, 29.440725, 4.034662, 42.954323, 126.897263, 45.917656, 95.976959, 19.328053, 2.873117, 13.48669, 17.040686, 136.151215, 48.078182, 145.065338, 0.060661, 0.0, 0.014973, 0.016442, 84.883018, 48.863556, 1.009289, 11.413276, 0.078495, 6.266927, 37.91375, 47.238258, 0.433605, 14.414183, 50.480743, 53.617546]
1776710164.853	1	1150	1150	7.829048e-05	2.883729	2.883729	4.409855	17.003380	3.361964	0.000000	2.756873	2.784059	2.784059			2	0.000000	hard_ce	0.000000	-0.084600	0.349682	-2.464432	3.232485	1.000000	0.000000	3.938432	0.081879	0.002710	0.000000	1.000000	0.000000	0.086672	3.869669	3.673771	0.136444	0.010802	0.968711	0.808430	0.432952	0.885067	0.463778	0.846534	44.235823	9.137382	2.000000	2.000000	0.938194	0.037615	0.126142	1.000000	0.000000	5.075678	[0.016609, 0.016381, 0.013927, 0.015959, 0.015647, 0.01584, 0.015362, 0.021005, 0.014022, 0.016003, 0.016962, 0.015333, 0.014444, 0.015071, 0.0158, 0.023373, 0.016344, 0.018296, 0.014132, 0.015959, 0.014663, 0.015398, 0.016467, 0.017148, 0.016619, 0.015366, 0.014362, 0.015979, 0.015561, 0.015696, 0.017736, 0.015525, 0.015811, 0.019429, 0.0219, 0.023194, 0.018449, 0.015723, 0.014783, 0.01498, 0.013838, 0.017169, 0.016936, 0.033794, 0.015604, 0.015262, 0.014838, 0.015123, 0.017602, 0.015384, 0.015413, 0.016576, 0.016273, 0.016158, 0.016649, 0.016716, 0.015181, 0.01515, 0.017354, 0.017719]	[0.040527, 8.1e-05, 0.0, 0.03835, 0.001607, 0.037211, 0.001587, 0.036194, 0.000142, 0.0, 0.031311, 0.0, 0.0, 0.000387, 0.0, 0.071899, 0.008464, 0.010905, 0.000834, 0.003825, 0.0, 0.011861, 0.001526, 0.005961, 0.003499, 0.003479, 2e-05, 2e-05, 0.009867, 0.00411, 0.040649, 0.028503, 0.000997, 0.041036, 0.086548, 0.020487, 0.070577, 0.0, 0.000244, 0.004456, 0.003052, 0.079305, 0.030579, 0.068319, 0.0, 0.000387, 0.0, 0.0, 0.073059, 0.040955, 0.001099, 0.0, 0.0, 0.004069, 0.032633, 0.009603, 6.1e-05, 0.000916, 0.000203, 0.038595]	5.541667	34.133335	0.000000	1165.059672	0.999971	0.007437	0.000324	[48.167564, 55.157959, 0.206101, 45.249218, 5.302538, 43.074993, 4.187866, 78.666985, 36.790813, 0.0, 76.440735, 0.107439, 0.130213, 0.490692, 0.0, 117.745071, 43.204391, 78.294586, 1.653727, 22.62306, 0.410905, 29.758331, 38.759155, 47.334991, 23.624035, 3.743187, 0.032776, 0.116157, 49.290428, 40.800163, 57.032829, 38.314476, 1.652715, 55.426514, 143.487549, 39.355957, 94.754562, 31.174343, 1.89313, 6.409199, 8.652568, 132.544586, 45.242229, 150.716629, 0.0, 0.977171, 0.010753, 0.103346, 92.547226, 47.507904, 1.011454, 0.017493, 0.026334, 6.832827, 43.514046, 42.282497, 0.734165, 12.29954, 49.129623, 52.98431]
1776710237.858	1	1200	1200	7.644582e-05	2.497694	2.497694	4.317379	17.059551	3.335528	0.000000	2.754360	2.752115	2.752115	2.988507	19.856021	2	0.000000	hard_ce	0.000000	-0.092951	0.377378	-2.741818	3.382302	1.000000	0.000000	3.931737	0.081312	0.002830	0.000000	1.000000	0.000000	0.085797	3.827816	3.666281	0.143636	0.010725	0.974102	0.799742	0.433186	0.887010	0.459994	0.845418	45.394027	9.407436	2.000000	2.000000	0.940972	0.035059	0.127565	1.000000	0.000000	4.990573	[0.016375, 0.016306, 0.014141, 0.015263, 0.015695, 0.01506, 0.01516, 0.022991, 0.013896, 0.016272, 0.017477, 0.015563, 0.014955, 0.015335, 0.016151, 0.022105, 0.016352, 0.019377, 0.01404, 0.015342, 0.014283, 0.015875, 0.016218, 0.01926, 0.018694, 0.014736, 0.014547, 0.01595, 0.015231, 0.016537, 0.014902, 0.015491, 0.015649, 0.025121, 0.019985, 0.019386, 0.018542, 0.015623, 0.015118, 0.015302, 0.013802, 0.01745, 0.017558, 0.027897, 0.01559, 0.015015, 0.014928, 0.014858, 0.018916, 0.01449, 0.015237, 0.016234, 0.015927, 0.016088, 0.017533, 0.018215, 0.015636, 0.015198, 0.016386, 0.018735]	[0.042847, 0.000407, 0.0, 0.031067, 0.007955, 0.021077, 0.003072, 0.003377, 0.006673, 0.0, 0.051473, 2e-05, 0.0, 0.000285, 0.0, 0.067749, 0.00769, 0.033, 0.000387, 0.004232, 0.0, 0.0, 0.019267, 0.037191, 0.036092, 0.00175, 0.0, 0.0, 0.001628, 0.011251, 0.035217, 0.029724, 0.002035, 0.041402, 0.046509, 0.026042, 0.070475, 0.001811, 0.00059, 0.004761, 0.00354, 0.095195, 0.0295, 0.053324, 0.0, 0.0, 0.0, 0.0, 0.080078, 0.03361, 0.000529, 0.0, 2e-05, 0.003621, 0.001587, 0.013123, 2e-05, 0.001017, 0.000224, 0.037557]	5.625000	34.133335	0.000000	1131.479599	0.999973	0.007193	0.000321	[52.469307, 57.148849, 0.932357, 47.580994, 6.350947, 21.779402, 6.967827, 60.170395, 39.837032, 0.02048, 93.984589, 0.448909, 0.0, 0.761683, 0.0, 108.450302, 44.741638, 110.553001, 2.847251, 25.139006, 0.333743, 39.908928, 40.537971, 48.750347, 48.58638, 2.123936, 0.0, 0.254468, 31.353231, 42.426456, 45.945503, 39.280952, 2.129966, 57.541912, 135.882568, 42.988487, 96.413712, 32.708031, 4.104667, 8.635013, 9.335557, 139.464233, 43.813026, 137.617493, 0.0, 0.013054, 0.02667, 0.098441, 97.151917, 44.648048, 1.239767, 0.018973, 0.111203, 8.847828, 33.281067, 45.206398, 0.388465, 12.348464, 20.225393, 54.073814]
1776710302.809	1	1250	1250	7.456112e-05	2.523506	2.523506	3.934449	17.155272	3.350092	0.000000	2.689401	2.713096	2.713096			2	0.000000	hard_ce	0.000000	-0.057419	0.357666	-2.462687	3.156165	1.000000	0.000000	3.956268	0.076385	0.002818	0.000000	1.000000	0.000000	0.083003	3.703390	3.521636	0.145835	0.009108	0.938427	0.772171	0.432904	0.887280	0.453146	0.842894	44.862012	9.321157	2.000000	2.000000	0.940278	0.032244	0.120525	1.000000	0.000000	4.998344	[0.01792, 0.016482, 0.014275, 0.015385, 0.015854, 0.016701, 0.015478, 0.01897, 0.014359, 0.015631, 0.017976, 0.015091, 0.014663, 0.015718, 0.016767, 0.02204, 0.016583, 0.01771, 0.014304, 0.015297, 0.015019, 0.015681, 0.016375, 0.01851, 0.017057, 0.015224, 0.014535, 0.016011, 0.015452, 0.016573, 0.015636, 0.015469, 0.015711, 0.016602, 0.018392, 0.022149, 0.01913, 0.015764, 0.015416, 0.015529, 0.013985, 0.018032, 0.0177, 0.030688, 0.015897, 0.015512, 0.014922, 0.014707, 0.018746, 0.015152, 0.014886, 0.016003, 0.016029, 0.016379, 0.017201, 0.018341, 0.015457, 0.015323, 0.018987, 0.018613]	[0.041158, 0.000203, 0.0, 0.021118, 0.007039, 0.033712, 0.005717, 0.014994, 0.005575, 0.0, 0.062683, 2e-05, 0.0, 0.000549, 0.0, 0.067281, 0.006917, 0.010315, 0.005514, 0.014201, 2e-05, 0.001343, 0.001811, 0.035299, 0.004008, 0.001078, 0.0, 4.1e-05, 0.001729, 0.027486, 0.022034, 0.021688, 0.000692, 0.030619, 0.036011, 0.02887, 0.072774, 0.001444, 0.000163, 0.007324, 0.001872, 0.119425, 0.027384, 0.062663, 2e-05, 0.0, 0.0, 0.0, 0.070272, 0.035746, 0.000407, 0.0, 0.0, 0.004374, 0.032694, 0.017537, 0.0, 0.001383, 0.000387, 0.034403]	5.041667	34.133335	0.000000	1132.977425	0.999973	0.007189	0.000304	[51.872208, 54.080513, 0.899465, 61.401123, 17.983215, 51.390957, 10.071473, 73.401268, 38.373833, 0.0, 94.056381, 0.045652, 0.0, 0.352369, 0.0, 114.157074, 35.775402, 68.013573, 4.223797, 39.389313, 0.252995, 40.957439, 38.865807, 50.197979, 35.546295, 1.663875, 0.018628, 0.269852, 14.252017, 44.233116, 40.902683, 22.089504, 1.202793, 44.40155, 117.697021, 48.029861, 106.246422, 31.873556, 3.356491, 6.320199, 10.435699, 134.837082, 45.759045, 138.998764, 0.756003, 0.0, 0.0, 0.0, 96.467392, 46.756725, 0.472438, 0.019726, 0.32359, 6.149419, 41.376766, 45.071423, 0.130178, 14.972811, 51.410187, 50.197113]
1776710367.736	1	1300	1300	7.264178e-05	2.544524	2.544524	4.128681	17.213402	3.360077	0.000000	2.802402	2.763968	2.763968			2	0.000000	hard_ce	0.000000	-0.051744	0.351157	-2.478114	3.143666	1.000000	0.000000	3.950635	0.077570	0.002983	0.000000	1.000000	0.000000	0.084458	3.768799	3.620277	0.140265	0.008997	0.976596	0.798627	0.433249	0.889752	0.453024	0.843305	44.954178	8.698717	2.000000	2.000000	0.940972	0.033956	0.121185	1.000000	0.000000	4.980211	[0.017078, 0.016257, 0.014518, 0.015533, 0.015789, 0.01538, 0.014872, 0.019506, 0.014461, 0.015677, 0.018056, 0.015017, 0.01422, 0.015782, 0.016455, 0.021497, 0.016907, 0.018295, 0.01409, 0.015541, 0.01488, 0.015614, 0.016334, 0.017078, 0.018301, 0.015084, 0.014891, 0.015908, 0.015263, 0.016419, 0.015797, 0.015724, 0.015545, 0.015927, 0.020517, 0.022328, 0.019497, 0.015738, 0.015234, 0.015287, 0.013827, 0.017596, 0.017742, 0.034639, 0.015573, 0.015721, 0.014969, 0.014686, 0.018505, 0.014917, 0.014813, 0.016157, 0.015939, 0.016513, 0.018423, 0.017377, 0.015411, 0.015183, 0.017523, 0.018185]	[0.002096, 0.038981, 0.0, 0.045939, 0.002319, 0.029378, 0.007874, 0.0554, 0.022176, 0.0, 0.062236, 0.0, 0.0, 0.000468, 0.0, 0.068441, 0.013428, 0.014567, 0.002055, 0.004232, 6.1e-05, 0.002706, 0.003581, 0.002747, 0.009725, 0.000916, 0.0, 8.1e-05, 0.010518, 0.002584, 0.021769, 0.013957, 0.000387, 0.023376, 0.052246, 0.031759, 0.071106, 0.0, 0.000142, 0.006897, 0.002787, 0.110881, 0.031881, 0.057658, 0.0, 0.0, 0.0, 0.0, 0.067952, 0.019552, 0.00059, 0.0, 8.1e-05, 0.004985, 0.029561, 0.009379, 0.0, 0.000773, 0.002177, 0.037598]	5.458333	34.133334	0.000000	1115.821266	0.999972	0.007294	0.000314	[40.948692, 49.730282, 0.220483, 58.840698, 11.218355, 43.301189, 19.427376, 89.643143, 42.66077, 0.0, 98.269493, 0.09438, 0.0, 1.469801, 0.016143, 116.00518, 56.21772, 74.309349, 3.380675, 23.194653, 0.379406, 41.662292, 38.991589, 35.63958, 40.722599, 1.122485, 0.0, 0.199917, 17.529842, 39.593796, 40.623383, 17.419125, 0.388727, 41.877148, 139.331909, 47.25761, 98.556625, 23.739124, 2.121192, 8.809715, 16.353584, 138.314972, 45.062939, 142.458145, 0.30806, 2.913157, 0.0, 0.016441, 93.358643, 42.722816, 0.790405, 0.250582, 0.809893, 7.281375, 40.230034, 45.219524, 0.142668, 13.518039, 40.905716, 52.428627]
1776710433.814	1	1350	1350	7.069332e-05	2.282065	2.282065	4.628225	17.237274	3.345526	0.000000	2.705368	2.725431	2.725431			2	0.000000	hard_ce	0.000000	-0.066246	0.370294	-2.536886	3.205531	1.000000	0.000000	3.922770	0.087560	0.002931	0.000000	1.000000	0.000000	0.083526	3.728069	3.630234	0.150852	0.010366	0.979659	0.808890	0.433675	0.888754	0.451179	0.842301	46.108888	9.350964	2.000000	2.000000	0.940972	0.043448	0.131672	1.000000	0.000000	5.043086	[0.016957, 0.015683, 0.014092, 0.015194, 0.015734, 0.016255, 0.014904, 0.018638, 0.014208, 0.01569, 0.017404, 0.014945, 0.014413, 0.015594, 0.015635, 0.024726, 0.017198, 0.018711, 0.014187, 0.015322, 0.014727, 0.015511, 0.015671, 0.017171, 0.019467, 0.014895, 0.014708, 0.015876, 0.014863, 0.01615, 0.017222, 0.015619, 0.015471, 0.017319, 0.020127, 0.019103, 0.018197, 0.015739, 0.015008, 0.01564, 0.013544, 0.017532, 0.017668, 0.036279, 0.015848, 0.015208, 0.014804, 0.014585, 0.022925, 0.014696, 0.014858, 0.016004, 0.015493, 0.0161, 0.018581, 0.01728, 0.015213, 0.01495, 0.017403, 0.017052]	[0.040324, 0.000549, 0.0, 0.039327, 0.003418, 0.031779, 0.003337, 0.013977, 0.014384, 2e-05, 0.057821, 0.0, 0.0, 0.000387, 0.0, 0.06897, 0.012919, 0.024801, 0.001831, 0.002889, 4.1e-05, 6.1e-05, 0.015381, 0.034688, 0.026245, 0.000732, 0.0, 0.0, 0.013977, 0.004679, 0.027303, 0.019572, 0.000732, 0.033732, 0.082194, 0.023966, 0.06071, 0.000142, 0.000142, 0.00887, 0.002563, 0.067932, 0.028198, 0.091309, 0.0, 0.0, 0.0, 0.0, 0.045959, 0.026774, 0.000692, 0.0, 0.0, 0.00295, 0.013997, 0.01123, 8.1e-05, 0.000448, 0.000631, 0.037333]	5.458333	34.133334	0.000000	1131.084572	0.999972	0.007315	0.000322	[45.081844, 39.313347, 0.143122, 49.271812, 5.00077, 44.399548, 4.04155, 75.026047, 40.257217, 0.020574, 82.728012, 0.185002, 0.658375, 1.290695, 0.120377, 111.652847, 57.91412, 76.234146, 4.203799, 25.091114, 0.597372, 39.679214, 38.862492, 46.47686, 42.653824, 1.086596, 0.0, 0.588486, 33.619713, 41.53196, 52.054058, 30.344633, 2.038259, 45.676308, 135.485901, 40.683342, 89.230972, 28.995338, 2.604876, 9.397921, 10.192106, 138.880249, 44.92794, 155.901749, 0.138846, 0.005155, 0.0, 0.018832, 99.35894, 43.178795, 1.12055, 8.781322, 0.666535, 7.593862, 37.273365, 52.939911, 0.535058, 12.448177, 41.586845, 48.209389]
1776710505.973	1	1400	1400	6.872133e-05	2.881409	2.881409	4.785062	17.220875	3.337812	0.000000	2.710588	2.712173	2.712173	2.970789	19.507309	2	0.000000	hard_ce	0.000000	-0.078699	0.346452	-2.347953	3.025348	1.000000	0.000000	3.908468	0.088693	0.003126	0.000000	1.000000	0.000000	0.081758	3.644844	3.567879	0.158535	0.010054	0.969893	0.802674	0.433518	0.894328	0.446214	0.840680	44.701670	8.842120	2.000000	2.000000	0.942361	0.046624	0.130762	1.000000	0.000000	5.018174	[0.01705, 0.015264, 0.013936, 0.015246, 0.015457, 0.016525, 0.015471, 0.018243, 0.014095, 0.015457, 0.017728, 0.015102, 0.014199, 0.015591, 0.015535, 0.023216, 0.017014, 0.017917, 0.014303, 0.015298, 0.014953, 0.015332, 0.016173, 0.016554, 0.018645, 0.015045, 0.014798, 0.015592, 0.015278, 0.016136, 0.016786, 0.01565, 0.015396, 0.016909, 0.019772, 0.019462, 0.017839, 0.015445, 0.015354, 0.015147, 0.013663, 0.018312, 0.017331, 0.045388, 0.015591, 0.015266, 0.014505, 0.014951, 0.019248, 0.014928, 0.014676, 0.015675, 0.015515, 0.016338, 0.017478, 0.016889, 0.015425, 0.014899, 0.018372, 0.016636]	[0.04012, 0.000264, 0.0, 0.040548, 0.004964, 0.037211, 0.003764, 0.040568, 0.000102, 6.1e-05, 0.045329, 4.1e-05, 0.0, 0.001221, 0.0, 0.06425, 0.015828, 0.020752, 0.002421, 0.002747, 2e-05, 0.013143, 0.019389, 0.003031, 0.035339, 0.001383, 0.0, 0.0, 0.011841, 0.002502, 0.026917, 0.023112, 0.003235, 0.037659, 0.039856, 0.030253, 0.059652, 0.0, 0.000285, 0.004069, 0.00175, 0.101135, 0.036723, 0.083069, 0.0, 0.0, 0.0, 0.0, 0.046366, 0.038656, 0.001424, 0.0, 8.1e-05, 0.006653, 0.002563, 0.013224, 0.0, 0.000468, 0.000651, 0.03536]	5.083333	34.133334	0.000000	1153.502988	0.999972	0.007317	0.000315	[49.053864, 39.302193, 0.0, 56.97665, 13.947556, 47.205421, 5.79678, 79.58506, 32.090359, 0.103003, 88.642456, 0.073051, 0.0, 1.571977, 0.0, 120.607933, 54.317108, 77.35511, 3.455995, 22.570625, 0.173033, 42.402164, 42.611572, 37.901405, 45.484646, 0.967658, 0.0, 0.823825, 28.575726, 41.091354, 43.371185, 26.898184, 5.442823, 48.830635, 137.583115, 46.390545, 90.736404, 25.958723, 2.066863, 5.208175, 7.261794, 140.29306, 44.323402, 151.211334, 0.286468, 0.0, 0.0, 0.0, 89.943283, 47.430817, 1.039045, 4.923788, 0.666024, 5.965181, 37.152035, 45.188564, 0.585968, 11.525543, 45.613831, 49.416763]
1776710570.369	1	1450	1450	6.673148e-05	2.816487	2.816487	4.886487	17.261757	3.310146	0.000000	2.779097	2.757405	2.757405			2	0.000000	hard_ce	0.000000	-0.087278	0.380140	-2.438516	3.067039	1.000000	0.000000	3.891915	0.092030	0.003005	0.000000	1.000000	0.000000	0.083764	3.736522	3.603212	0.148226	0.010608	0.990545	0.807890	0.434129	0.893871	0.446996	0.840351	45.954122	9.193975	2.000000	2.000000	0.943750	0.042186	0.141874	1.000000	0.000000	5.085803	[0.017578, 0.016254, 0.013425, 0.014887, 0.015839, 0.016897, 0.014874, 0.020952, 0.013725, 0.015763, 0.017881, 0.014774, 0.014551, 0.015351, 0.015257, 0.025482, 0.017845, 0.01766, 0.014132, 0.015007, 0.014895, 0.015298, 0.016164, 0.016486, 0.018996, 0.014883, 0.014303, 0.015632, 0.014774, 0.015855, 0.017141, 0.015347, 0.015178, 0.021461, 0.018439, 0.019903, 0.017365, 0.015364, 0.014785, 0.014935, 0.013608, 0.01842, 0.017035, 0.039721, 0.015518, 0.015099, 0.014701, 0.014615, 0.018443, 0.014846, 0.014732, 0.015084, 0.015427, 0.016629, 0.017722, 0.016761, 0.015117, 0.014712, 0.019634, 0.016836]	[0.040446, 0.000468, 0.0, 0.039449, 0.008545, 0.037191, 0.003377, 0.01711, 8.1e-05, 0.0, 0.055522, 0.0, 0.0, 0.000834, 0.0, 0.064087, 0.014486, 0.043152, 0.002014, 0.004781, 0.0, 0.003357, 0.03068, 0.026754, 0.035889, 0.000875, 0.0, 0.0, 0.009542, 0.002625, 0.026571, 0.022034, 0.0012, 0.03835, 0.039408, 0.023702, 0.04244, 0.002401, 6.1e-05, 0.003805, 0.002502, 0.088725, 0.034932, 0.088135, 0.0, 0.0, 0.0, 0.0, 0.044698, 0.040731, 0.000977, 0.0, 8.1e-05, 0.005859, 0.002848, 0.011373, 0.0, 0.000264, 0.001078, 0.03656]	4.958333	34.133334	0.000000	1139.416847	0.999973	0.007142	0.000297	[47.217583, 46.756783, 0.198006, 52.866131, 12.219835, 56.120613, 5.950332, 74.1297, 36.152153, 0.042582, 90.406281, 0.061348, 0.0, 1.661747, 0.016483, 116.553268, 63.199577, 83.998482, 3.94219, 31.700689, 0.022394, 42.231857, 43.914665, 42.674622, 45.622795, 1.774826, 0.049227, 0.245743, 28.112814, 38.986732, 41.652622, 33.59203, 1.651188, 51.44545, 123.238388, 42.871666, 84.087914, 35.753662, 2.032957, 3.875949, 4.743788, 135.181702, 45.351788, 148.993835, 0.041268, 0.025398, 0.146208, 0.0, 89.235809, 48.300407, 0.42539, 0.06343, 0.665444, 6.30895, 36.552265, 46.104111, 0.117682, 8.27964, 42.493801, 47.937847]
1776710635.315	1	1500	1500	6.472947e-05	2.939060	2.939060	4.104308	16.950890	3.336107	0.000000	2.733168	2.746689	2.746689			2	0.000000	hard_ce	0.000000	-0.077720	0.332818	-2.295670	2.871680	1.000000	0.000000	3.960296	0.075294	0.003273	0.000000	1.000000	0.000000	0.081253	3.623787	3.451587	0.126684	0.010002	0.943950	0.783597	0.434213	0.892957	0.443638	0.839421	43.805158	8.691318	2.000000	2.000000	0.941667	0.032570	0.118018	1.000000	0.000000	5.091237	[0.017253, 0.016816, 0.014128, 0.015173, 0.016571, 0.017418, 0.015688, 0.020959, 0.014253, 0.01597, 0.01807, 0.01508, 0.015102, 0.015554, 0.015671, 0.022956, 0.016125, 0.017587, 0.014419, 0.015556, 0.015283, 0.015547, 0.016114, 0.016717, 0.017702, 0.01546, 0.014685, 0.016191, 0.015023, 0.016088, 0.016838, 0.015018, 0.015532, 0.021709, 0.018741, 0.019493, 0.017861, 0.015508, 0.015154, 0.015158, 0.014257, 0.017713, 0.016993, 0.031021, 0.016134, 0.015237, 0.015082, 0.014949, 0.020463, 0.015318, 0.015276, 0.015476, 0.015747, 0.016687, 0.01756, 0.016565, 0.015471, 0.015195, 0.017523, 0.017162]	[0.04071, 0.000956, 0.0, 0.028178, 0.023661, 0.038737, 0.003255, 0.035807, 0.000285, 8.1e-05, 0.020793, 6.1e-05, 0.0, 0.000651, 0.0, 0.073039, 0.004028, 0.005229, 0.00057, 0.004964, 2e-05, 0.038676, 0.02063, 0.005575, 0.002543, 0.001078, 0.0, 0.000163, 0.001119, 0.015137, 0.025736, 0.013021, 0.001078, 0.040426, 0.058207, 0.015625, 0.077759, 0.000183, 0.0, 0.002604, 0.003438, 0.102417, 0.016602, 0.095988, 0.0, 0.0, 0.0, 0.0, 0.049703, 0.040426, 0.000692, 0.0, 0.000224, 0.004578, 0.036296, 0.008097, 0.0, 0.000854, 0.000326, 0.039775]	5.333333	34.133335	0.000000	1119.574198	0.999971	0.007520	0.000349	[46.013748, 66.946381, 0.15392, 58.091255, 23.27107, 48.499065, 13.642515, 78.939651, 36.266029, 0.085833, 87.914841, 0.185892, 0.0, 2.526785, 0.0, 112.635635, 41.844322, 71.415207, 3.580374, 32.325821, 0.098044, 43.999466, 41.186275, 36.60553, 38.456356, 1.973198, 0.120827, 1.168827, 11.058249, 41.738674, 44.95237, 23.626675, 3.148746, 52.124096, 125.873581, 35.920975, 96.971069, 31.424725, 2.235296, 6.422497, 10.142014, 136.527679, 42.169403, 148.950165, 0.595109, 0.0, 0.016721, 0.305489, 95.209595, 46.331352, 1.140635, 0.115727, 0.665242, 7.340796, 46.134277, 43.671371, 0.033839, 9.623606, 41.572483, 54.010723]
1776710700.437	1	1550	1550	6.272107e-05	2.579624	2.579624	4.041203	17.003475	3.332309	0.000000	2.671034	2.691685	2.691685			2	0.000000	hard_ce	0.000000	-0.072785	0.330447	-2.344423	3.036375	1.000000	0.000000	3.956769	0.074385	0.003136	0.000000	1.000000	0.000000	0.082866	3.695542	3.554235	0.115592	0.009362	0.983944	0.812432	0.434061	0.892337	0.443301	0.839226	42.990453	8.005947	2.000000	2.000000	0.946528	0.030959	0.117811	1.000000	0.000000	5.054267	[0.017459, 0.016589, 0.014137, 0.015152, 0.01634, 0.016078, 0.015753, 0.019201, 0.014107, 0.015888, 0.019503, 0.015415, 0.014978, 0.015629, 0.015666, 0.021766, 0.016614, 0.017461, 0.014459, 0.015676, 0.015162, 0.015531, 0.016146, 0.017445, 0.017876, 0.015692, 0.014731, 0.015777, 0.015305, 0.016069, 0.018327, 0.015181, 0.015453, 0.017643, 0.019226, 0.019061, 0.017187, 0.015469, 0.015227, 0.01542, 0.014098, 0.018135, 0.017462, 0.034933, 0.016003, 0.015452, 0.015161, 0.014931, 0.01856, 0.01554, 0.014914, 0.015473, 0.015661, 0.0169, 0.018086, 0.016688, 0.015424, 0.015037, 0.018674, 0.017071]	[0.03949, 0.002279, 0.0, 0.035767, 0.003438, 0.037781, 0.008382, 0.016357, 0.000122, 0.0, 0.05898, 0.0, 0.0, 0.000407, 0.0, 0.070862, 0.005819, 0.019552, 0.000468, 0.004476, 0.0, 0.00059, 0.010437, 0.038961, 0.003459, 0.001282, 0.0, 0.0, 0.020365, 0.010661, 0.026489, 0.007955, 0.001099, 0.040344, 0.072042, 0.019999, 0.05249, 0.0, 6.1e-05, 0.001933, 0.002401, 0.078044, 0.040304, 0.086466, 6.1e-05, 0.0, 0.0, 0.0, 0.051331, 0.040609, 8.1e-05, 0.0, 0.0, 0.004435, 0.038188, 0.013245, 0.0, 0.000142, 0.000366, 0.031982]	5.041667	34.133334	0.000000	1122.850878	0.999971	0.007351	0.000335	[44.45628, 57.643581, 0.101821, 58.799328, 5.746016, 48.642807, 9.334826, 79.083267, 31.902527, 0.037339, 95.504395, 0.139263, 0.32743, 1.412481, 0.069147, 112.140121, 44.858379, 62.135201, 2.754003, 32.899422, 0.096362, 41.562138, 40.012077, 63.226776, 34.864384, 1.611593, 0.0, 0.277521, 35.179176, 38.933479, 43.937561, 25.626129, 5.67689, 46.754559, 126.059494, 38.282631, 87.940613, 29.236317, 2.095526, 3.622667, 6.370978, 139.97049, 49.33186, 148.840317, 1.671829, 0.0, 0.009285, 0.033767, 91.939896, 48.002464, 0.234384, 0.8825, 0.497128, 9.248005, 48.862663, 47.671658, 0.049932, 9.076217, 45.977623, 46.345535]
1776710771.335	1	1600	1600	6.071203e-05	2.745909	2.745909	4.128578	16.930843	3.312267	0.000000	2.719919	2.702886	2.702886	2.938172	18.881297	2	0.000000	hard_ce	0.000000	-0.088719	0.348576	-2.397051	3.097986	1.000000	0.000000	3.947460	0.078200	0.003100	0.000000	1.000000	0.000000	0.082642	3.686501	3.529880	0.139425	0.009601	0.980120	0.808649	0.434329	0.893280	0.442589	0.838927	44.033592	8.769376	2.000000	2.000000	0.947222	0.033706	0.122694	1.000000	0.000000	4.998609	[0.016961, 0.016141, 0.014125, 0.015322, 0.016418, 0.014967, 0.01671, 0.021141, 0.014101, 0.015749, 0.018647, 0.015604, 0.014474, 0.015528, 0.01549, 0.02387, 0.016767, 0.017926, 0.014347, 0.015659, 0.015158, 0.015545, 0.016414, 0.016609, 0.018773, 0.01569, 0.014595, 0.01546, 0.015196, 0.016464, 0.018386, 0.015395, 0.015323, 0.017855, 0.019193, 0.019033, 0.017698, 0.015508, 0.015233, 0.01558, 0.014019, 0.018288, 0.017284, 0.032797, 0.015625, 0.015381, 0.015234, 0.015044, 0.018092, 0.015917, 0.014965, 0.015624, 0.015618, 0.016568, 0.017663, 0.01662, 0.015355, 0.015144, 0.018712, 0.016994]	[0.040039, 0.001506, 0.0, 0.022156, 0.022664, 0.031901, 0.008586, 0.068766, 4.1e-05, 0.0, 0.046082, 0.0, 0.0, 0.000427, 0.0, 0.067851, 0.0118, 0.017456, 0.001099, 0.005737, 0.0, 0.0, 0.003743, 0.002787, 0.013367, 0.000753, 0.0, 0.0, 0.001058, 0.020081, 0.039673, 0.016927, 0.001383, 0.010864, 0.06071, 0.024495, 0.069295, 0.000203, 0.000163, 0.005737, 0.003031, 0.097677, 0.033264, 0.082275, 0.0, 0.0, 0.0, 0.0, 0.043762, 0.04069, 0.000305, 2e-05, 0.0, 0.004964, 0.027201, 0.011129, 0.0, 0.000407, 0.001017, 0.036906]	4.958333	34.133335	0.000000	1109.246613	0.999972	0.007304	0.000326	[45.083202, 56.208618, 0.267579, 60.285149, 26.943693, 39.462997, 21.135342, 95.666016, 32.298748, 0.041984, 87.767395, 0.888001, 0.369752, 1.161097, 0.020727, 115.639816, 46.809647, 83.346947, 2.524398, 32.287388, 0.051591, 38.191875, 38.173775, 32.696045, 50.804245, 2.137795, 0.0, 0.343504, 13.850601, 42.459602, 49.95607, 20.379211, 1.858322, 39.668331, 128.341919, 36.223114, 96.025009, 29.661797, 2.380498, 9.750447, 7.722293, 141.571228, 44.559647, 129.162125, 0.040596, 0.0, 0.0, 0.380481, 89.770744, 51.781898, 1.083254, 0.856919, 0.3304, 8.879461, 39.384171, 45.455322, 0.922879, 9.28694, 47.346313, 48.303131]
1776710834.162	1	1650	1650	5.870812e-05	2.575436	2.575436	3.838951	16.792500	3.312752	0.000000	2.671468	2.680935	2.680935			2	0.000000	hard_ce	0.000000	-0.087261	0.324075	-2.399236	3.012637	1.000000	0.000000	3.973802	0.071169	0.003289	0.000000	1.000000	0.000000	0.082609	3.685061	3.526301	0.131438	0.009513	0.978208	0.817065	0.434673	0.893590	0.442914	0.838837	43.564845	8.514572	2.000000	2.000000	0.946528	0.028895	0.113443	1.000000	0.000000	5.019745	[0.017106, 0.016407, 0.014249, 0.015669, 0.016472, 0.015441, 0.015705, 0.019807, 0.014512, 0.016138, 0.018077, 0.015522, 0.014778, 0.015575, 0.015815, 0.021014, 0.01652, 0.017869, 0.014658, 0.016036, 0.015244, 0.015528, 0.016674, 0.017309, 0.017343, 0.015751, 0.015005, 0.015776, 0.015232, 0.016461, 0.017688, 0.015141, 0.01565, 0.01878, 0.019846, 0.02062, 0.017582, 0.015711, 0.015346, 0.015316, 0.014256, 0.018754, 0.0171, 0.030504, 0.015841, 0.015427, 0.015329, 0.015073, 0.018909, 0.0156, 0.015193, 0.015881, 0.015925, 0.016551, 0.017303, 0.017619, 0.015455, 0.01492, 0.017329, 0.017655]	[0.041606, 0.00061, 0.0, 0.037577, 0.024373, 0.034973, 0.002889, 0.01945, 0.000346, 2e-05, 0.046651, 0.0, 0.0, 0.000142, 0.0, 0.067627, 0.007263, 0.01359, 0.001038, 0.003418, 4.1e-05, 0.000264, 0.001892, 0.02653, 0.005859, 0.001017, 0.0, 0.0, 0.000285, 0.00413, 0.040181, 0.016337, 0.001485, 0.036764, 0.063232, 0.031514, 0.069071, 0.000427, 2e-05, 0.002665, 0.002828, 0.102356, 0.034281, 0.082418, 0.0, 0.0, 0.0, 0.0, 0.04484, 0.040202, 0.000142, 0.0, 0.0, 0.003316, 0.035645, 0.012838, 0.0, 0.000692, 0.000305, 0.036845]	4.916667	34.133334	0.000000	1123.923136	0.999972	0.007258	0.000331	[47.231987, 61.302696, 0.190666, 59.454979, 27.753601, 47.437065, 10.871883, 77.848587, 36.378597, 0.019303, 93.592552, 0.478226, 0.298439, 0.70288, 0.0, 101.944092, 42.57729, 79.985497, 3.345079, 30.791691, 0.080116, 40.92347, 36.961426, 43.118858, 37.280869, 1.496801, 0.0, 0.433621, 13.886795, 40.177849, 52.442348, 21.110134, 2.374346, 47.302094, 128.432648, 48.986412, 92.962059, 31.788467, 1.846698, 5.858825, 8.110859, 142.373703, 45.244766, 143.512482, 0.254991, 0.0, 0.034495, 0.017072, 90.907463, 46.861618, 0.5796, 7.576047, 0.331007, 7.298709, 44.978634, 51.475441, 0.0, 6.637287, 34.510994, 47.625969]
1776710898.864	1	1700	1700	5.671511e-05	2.466546	2.466546	4.238422	16.922560	3.320229	0.000000	2.743485	2.713560	2.713560			2	0.000000	hard_ce	0.000000	-0.090498	0.341715	-2.395196	3.092722	1.000000	0.000000	3.941582	0.080167	0.003109	0.000000	1.000000	0.000000	0.080061	3.569316	3.406830	0.149432	0.009389	0.949538	0.780011	0.434484	0.892736	0.436758	0.837458	44.528918	9.083611	2.000000	2.000000	0.946528	0.037267	0.123067	1.000000	0.000000	4.973046	[0.01745, 0.016085, 0.01411, 0.015451, 0.016307, 0.015005, 0.015313, 0.020461, 0.014648, 0.016064, 0.017285, 0.0153, 0.014582, 0.015766, 0.015512, 0.020336, 0.017291, 0.018394, 0.014544, 0.016172, 0.014889, 0.015408, 0.016317, 0.016816, 0.017368, 0.015502, 0.015048, 0.015686, 0.015068, 0.016405, 0.016653, 0.015538, 0.015339, 0.019455, 0.020053, 0.020541, 0.017694, 0.015782, 0.015267, 0.015267, 0.014079, 0.018634, 0.016915, 0.038224, 0.015551, 0.01525, 0.015099, 0.015124, 0.019123, 0.014914, 0.015209, 0.015748, 0.015942, 0.016529, 0.017056, 0.017259, 0.015417, 0.014868, 0.015898, 0.016992]	[0.041382, 0.000285, 0.0, 0.023641, 0.018331, 0.023966, 0.002726, 0.026489, 0.015686, 2e-05, 0.059163, 0.0, 0.0, 0.000285, 0.0, 0.064596, 0.021871, 0.010152, 0.001282, 0.004557, 0.0, 0.000875, 0.012858, 0.01943, 0.005859, 0.001302, 0.0, 0.0, 0.000529, 0.018026, 0.02533, 0.022257, 0.002096, 0.037069, 0.054626, 0.020304, 0.06132, 0.0, 4.1e-05, 0.003255, 0.004354, 0.117879, 0.024882, 0.096456, 0.0, 0.0, 0.0, 0.0, 0.044556, 0.024272, 0.000285, 0.000203, 0.0, 0.004089, 0.032613, 0.013489, 0.0, 0.00059, 0.000203, 0.036519]	5.416667	34.133335	0.000000	1107.011002	0.999972	0.007288	0.000319	[54.337505, 52.694405, 1.041946, 48.115322, 20.29793, 35.33593, 12.092342, 74.977303, 39.594715, 0.455498, 92.05452, 0.080888, 0.372079, 0.704303, 0.0, 96.07222, 56.554455, 79.567596, 5.700647, 30.510176, 0.088815, 39.541817, 41.379051, 39.743958, 38.667179, 2.149329, 0.0, 0.194123, 20.234854, 42.508282, 44.075676, 32.546432, 5.1704, 51.598877, 126.814903, 42.605606, 92.005066, 25.7125, 2.070764, 9.038262, 12.012108, 155.058533, 44.162334, 156.481781, 0.0, 0.0, 0.401264, 0.0, 89.549896, 43.024956, 0.492385, 2.237749, 0.329067, 6.661081, 42.582882, 55.199219, 0.112851, 9.903727, 24.358791, 48.725761]
1776710963.589	1	1750	1750	5.473870e-05	2.176164	2.176164	4.658217	17.042141	3.310028	0.000000	2.670191	2.681032	2.681032			2	0.000000	hard_ce	0.000000	-0.091181	0.353397	-2.365795	2.938114	1.000000	0.000000	3.916429	0.087033	0.003098	0.000000	1.000000	0.000000	0.081588	3.634444	3.507398	0.153302	0.010517	0.986290	0.802224	0.434723	0.894205	0.437078	0.837272	44.510593	8.808680	2.000000	2.000000	0.946528	0.043276	0.130789	1.000000	0.000000	5.043551	[0.016327, 0.015741, 0.013726, 0.015275, 0.016271, 0.015085, 0.015661, 0.020562, 0.014295, 0.015827, 0.018104, 0.014941, 0.014383, 0.01548, 0.01558, 0.024493, 0.016495, 0.017892, 0.014261, 0.016373, 0.014796, 0.015359, 0.016235, 0.016896, 0.017353, 0.015413, 0.014623, 0.015504, 0.014772, 0.016304, 0.017556, 0.015015, 0.015138, 0.017747, 0.020708, 0.020567, 0.017942, 0.015324, 0.014934, 0.015308, 0.013872, 0.019121, 0.017076, 0.040161, 0.015238, 0.015323, 0.014978, 0.014843, 0.018968, 0.015109, 0.014798, 0.015403, 0.015696, 0.016676, 0.017191, 0.017267, 0.015169, 0.014734, 0.017286, 0.016824]	[0.040446, 0.001078, 0.0, 0.024089, 0.026713, 0.034098, 0.005636, 0.050985, 0.004232, 2e-05, 0.047587, 0.0, 0.0, 0.000264, 0.0, 0.069051, 0.007467, 0.011963, 0.000997, 0.005025, 0.0, 0.000264, 0.010579, 0.004944, 0.005717, 0.001241, 0.0, 0.0, 0.000814, 0.0177, 0.037781, 0.013774, 0.001404, 0.026917, 0.038005, 0.025309, 0.072571, 2e-05, 6.1e-05, 0.003601, 0.003215, 0.114705, 0.036418, 0.074483, 0.0, 0.0, 0.0, 0.0, 0.056803, 0.036296, 0.000244, 0.0, 0.0, 0.004069, 0.033529, 0.0236, 0.0, 0.00118, 0.000346, 0.02476]	5.000000	34.133334	0.000000	1126.027710	0.999973	0.007160	0.000319	[44.089989, 58.018158, 0.0, 52.397385, 26.974373, 40.376308, 15.550754, 87.146202, 39.289879, 0.338095, 90.095787, 0.073315, 0.0, 0.255493, 0.0, 118.067345, 44.75338, 74.930664, 2.754102, 30.105268, 0.01384, 37.983807, 40.860481, 36.499428, 40.915764, 1.561557, 0.0, 0.366783, 15.654217, 42.764507, 46.836876, 24.817831, 1.286942, 45.369396, 125.149773, 41.438782, 95.378006, 29.742636, 2.240506, 5.847934, 9.360981, 147.344666, 46.887611, 148.040344, 0.0, 0.0, 0.191747, 0.016987, 95.142014, 45.345047, 0.49339, 0.033753, 0.344723, 7.836386, 42.576004, 55.878304, 0.107184, 7.09239, 38.501808, 42.861137]
1776711033.815	1	1800	1800	5.278458e-05	2.844719	2.844719	4.228220	16.965460	3.320293	0.000000	2.693302	2.687761	2.687761	2.905775	18.279410	2	0.000000	hard_ce	0.000000	-0.090605	0.344350	-2.377285	3.145938	1.000000	0.000000	3.935849	0.079622	0.003063	0.000000	1.000000	0.000000	0.080210	3.568556	3.397972	0.160561	0.009934	0.957411	0.782742	0.434539	0.895665	0.432817	0.836304	43.976569	9.006356	2.000000	2.000000	0.943750	0.034141	0.125104	1.000000	0.000000	5.013126	[0.016926, 0.01586, 0.013849, 0.015436, 0.016368, 0.015115, 0.015314, 0.020436, 0.014303, 0.015938, 0.018584, 0.015008, 0.014472, 0.015368, 0.015756, 0.021732, 0.016912, 0.018012, 0.014411, 0.015261, 0.014911, 0.015468, 0.016427, 0.017047, 0.016685, 0.015608, 0.014722, 0.015524, 0.014904, 0.016322, 0.017525, 0.015083, 0.015407, 0.018109, 0.019605, 0.021343, 0.018749, 0.015635, 0.015007, 0.015405, 0.013875, 0.019035, 0.017375, 0.036717, 0.015212, 0.015489, 0.015115, 0.014885, 0.018546, 0.015192, 0.014884, 0.015592, 0.015915, 0.016735, 0.016758, 0.017104, 0.015217, 0.014929, 0.019873, 0.017007]	[0.041728, 0.001139, 0.0, 0.022746, 0.02004, 0.030172, 0.004944, 0.043132, 0.010315, 4.1e-05, 0.058167, 0.0, 0.0, 0.000183, 0.0, 0.06545, 0.009583, 0.009115, 0.00118, 0.003357, 2e-05, 0.000366, 0.002421, 0.003825, 0.008016, 0.000814, 0.0, 0.000102, 0.003235, 0.019206, 0.027954, 0.015828, 0.00175, 0.036051, 0.067688, 0.032145, 0.076619, 0.000305, 0.000183, 0.003194, 0.002869, 0.095337, 0.039795, 0.064535, 0.0, 0.0, 0.0, 0.0, 0.061117, 0.029968, 4.1e-05, 0.0, 0.0, 0.005493, 0.02891, 0.028158, 0.0, 0.000956, 0.001546, 0.020264]	5.041667	34.133334	0.000000	1121.653814	0.999972	0.007238	0.000320	[45.733223, 51.302074, 0.0, 48.852417, 22.803486, 33.67638, 13.195479, 86.953903, 40.31171, 0.020796, 92.965446, 0.037161, 0.0, 0.504559, 0.0, 114.644577, 46.392151, 73.142288, 2.549948, 25.597097, 0.015641, 39.772861, 37.382435, 36.775169, 38.693218, 1.07477, 0.0, 0.582695, 19.720654, 42.271423, 44.483093, 26.528545, 1.157467, 46.115112, 133.705841, 48.756851, 99.840454, 34.424465, 2.100066, 3.102211, 6.246364, 160.920654, 47.890755, 140.047348, 0.020794, 0.0, 0.019015, 0.0, 95.457321, 43.711929, 0.168838, 0.185547, 0.414599, 7.386259, 41.110821, 58.46373, 0.030676, 11.907728, 35.446075, 43.385925]
1776711098.006	1	1850	1850	5.085836e-05	2.858980	2.858980	4.647799	16.918755	3.297738	0.000000	2.705030	2.706613	2.706613			2	0.000000	hard_ce	0.000000	-0.115411	0.339098	-2.366211	3.022195	1.000000	0.000000	3.910806	0.085039	0.003066	0.000000	1.000000	0.000000	0.080387	3.577623	3.466614	0.146110	0.010160	0.977741	0.812881	0.434919	0.894423	0.434180	0.836540	43.411587	8.339300	2.000000	2.000000	0.945139	0.040887	0.129190	1.000000	0.000000	5.049922	[0.016256, 0.015708, 0.013834, 0.015435, 0.016414, 0.015203, 0.015526, 0.020454, 0.014324, 0.015646, 0.017813, 0.01484, 0.014493, 0.015577, 0.015414, 0.020591, 0.016486, 0.018061, 0.014427, 0.015767, 0.015034, 0.015266, 0.016205, 0.016389, 0.017064, 0.0155, 0.014636, 0.015599, 0.01451, 0.016214, 0.017414, 0.014724, 0.015126, 0.018072, 0.018653, 0.019951, 0.017878, 0.015459, 0.01497, 0.015008, 0.013919, 0.019088, 0.016685, 0.045905, 0.015295, 0.015465, 0.01527, 0.014751, 0.02011, 0.015174, 0.014763, 0.015614, 0.01568, 0.016607, 0.016522, 0.017475, 0.01514, 0.014952, 0.018517, 0.017128]	[0.041239, 0.000183, 0.0, 0.035828, 0.015299, 0.030538, 0.01652, 0.056803, 0.014608, 0.000102, 0.016581, 0.0, 0.0, 0.000163, 0.0, 0.068542, 0.010356, 0.014506, 0.00238, 0.011312, 0.0, 0.028646, 0.003133, 0.002075, 0.014709, 0.000977, 0.0, 0.0, 0.001038, 0.006205, 0.041382, 0.010946, 0.001648, 0.024373, 0.045654, 0.020406, 0.063517, 0.0, 0.000203, 0.001811, 0.001811, 0.122498, 0.029175, 0.060547, 0.0, 0.0, 0.0, 0.0, 0.081136, 0.025635, 0.000142, 0.0, 0.0, 0.003764, 0.022705, 0.01652, 0.0, 0.001017, 0.000488, 0.032878]	5.083333	34.133335	0.000000	1103.137596	0.999973	0.007133	0.000309	[44.922668, 55.914818, 0.0, 50.078857, 30.880127, 39.995491, 27.55331, 90.356041, 41.063896, 0.191027, 94.223007, 0.120201, 0.018325, 1.521061, 0.0, 100.529724, 47.067879, 72.848633, 5.711416, 36.584549, 0.019131, 43.298336, 36.461697, 33.247761, 39.133102, 1.777509, 0.0, 0.403822, 7.046877, 41.668877, 48.219528, 16.548916, 2.461084, 42.994408, 120.620842, 45.2075, 88.568443, 31.802032, 2.749738, 3.99403, 9.302155, 150.914948, 45.078339, 144.968048, 0.0, 0.0, 0.0, 0.0, 106.357513, 42.370419, 0.35822, 0.085968, 0.343327, 10.475805, 37.2444, 57.568092, 0.144389, 11.695999, 40.635727, 44.652061]
1776711162.175	1	1900	1900	4.896556e-05	2.616467	2.616467	4.211261	16.921467	3.322308	0.000000	2.632439	2.659122	2.659122			2	0.000000	hard_ce	0.000000	-0.089489	0.338391	-2.280317	2.999533	1.000000	0.000000	3.941544	0.078830	0.003106	0.000000	1.000000	0.000000	0.079953	3.557133	3.407772	0.155509	0.009804	0.957025	0.794306	0.434877	0.895967	0.433259	0.836281	43.764145	8.865210	2.000000	2.000000	0.942361	0.034383	0.123277	1.000000	0.000000	5.037580	[0.016988, 0.01615, 0.013843, 0.015911, 0.016575, 0.015827, 0.015535, 0.01931, 0.014462, 0.015827, 0.017839, 0.014972, 0.014565, 0.015716, 0.015507, 0.020717, 0.016764, 0.01854, 0.014349, 0.015199, 0.015313, 0.015217, 0.016189, 0.016952, 0.017019, 0.015656, 0.014563, 0.015737, 0.014906, 0.015984, 0.017541, 0.015313, 0.015337, 0.018544, 0.018735, 0.019552, 0.018273, 0.015538, 0.014997, 0.015742, 0.013863, 0.018675, 0.017027, 0.038637, 0.015533, 0.015521, 0.015353, 0.014809, 0.019877, 0.015453, 0.015045, 0.015652, 0.015793, 0.016856, 0.016563, 0.016878, 0.015419, 0.015228, 0.018951, 0.017167]	[0.04126, 0.000305, 0.0, 0.039836, 0.016134, 0.035197, 0.007914, 0.016907, 0.01711, 0.0, 0.027507, 0.0, 0.0, 0.000488, 0.0, 0.066569, 0.007568, 0.011556, 0.000854, 0.006266, 2e-05, 0.024089, 0.003255, 0.034139, 0.032918, 0.000916, 4.1e-05, 6.1e-05, 0.000854, 0.001973, 0.034932, 0.018799, 0.001465, 0.031006, 0.035624, 0.025106, 0.075012, 0.000285, 8.1e-05, 0.005554, 0.00415, 0.119548, 0.037537, 0.090413, 0.0, 0.0, 0.0, 0.0, 0.04246, 0.023336, 0.000285, 0.0, 0.0, 0.003825, 0.006673, 0.012065, 0.0, 0.001383, 0.000346, 0.036377]	5.458333	34.133334	0.000000	1089.662989	0.999971	0.007380	0.000331	[45.870064, 58.364544, 0.0, 52.389904, 25.519001, 41.007511, 19.570303, 73.805664, 39.500973, 0.040509, 89.465286, 0.148741, 0.0, 1.873022, 0.01581, 99.471375, 49.09137, 77.959793, 5.307646, 34.99556, 0.087302, 43.83017, 37.437481, 45.441784, 43.339279, 2.5941, 0.169638, 1.351614, 13.577171, 37.621403, 45.604652, 25.59388, 3.32948, 46.413872, 117.375504, 41.319897, 93.568596, 31.22718, 2.61277, 9.051456, 10.067154, 142.196411, 46.554535, 151.917969, 0.223839, 0.019791, 0.0, 0.0, 89.356293, 42.315578, 0.310287, 0.0, 0.054693, 9.480198, 36.607685, 53.148384, 0.122742, 14.958579, 46.804749, 47.916851]
1776711226.119	1	1950	1950	4.711163e-05	2.631929	2.631929	4.530573	17.034016	3.328286	0.000000	2.675561	2.656953	2.656953			2	0.000000	hard_ce	0.000000	-0.086862	0.351987	-2.313155	3.064839	1.000000	0.000000	3.925906	0.083950	0.003135	0.000000	1.000000	0.000000	0.080665	3.592847	3.420027	0.153252	0.009161	0.967809	0.789622	0.435244	0.896234	0.433119	0.836202	44.253495	8.738704	2.000000	2.000000	0.943056	0.038680	0.129219	1.000000	0.000000	5.076695	[0.017155, 0.01594, 0.013715, 0.015249, 0.016468, 0.016195, 0.015757, 0.019979, 0.014378, 0.015605, 0.018104, 0.015017, 0.014239, 0.015437, 0.015669, 0.021805, 0.016555, 0.018831, 0.014301, 0.015272, 0.014933, 0.015264, 0.016306, 0.01671, 0.01719, 0.015368, 0.014567, 0.01565, 0.014824, 0.015996, 0.017463, 0.015235, 0.015444, 0.01734, 0.019883, 0.021851, 0.018249, 0.0155, 0.014874, 0.015385, 0.01362, 0.018765, 0.017252, 0.039227, 0.015363, 0.015432, 0.014952, 0.014794, 0.019652, 0.015041, 0.014717, 0.015461, 0.015889, 0.016602, 0.016597, 0.017053, 0.015267, 0.015083, 0.018618, 0.016904]	[0.041463, 2e-05, 0.0, 0.012858, 0.021708, 0.037272, 0.005758, 0.051392, 0.020487, 4.1e-05, 0.031087, 0.0, 0.0, 0.000142, 0.0, 0.069784, 0.011373, 0.013407, 0.000956, 0.003662, 0.0, 0.029236, 0.00413, 0.002767, 0.030599, 0.000814, 0.0, 0.000102, 0.000285, 0.02891, 0.025655, 0.015808, 0.00238, 0.028727, 0.034281, 0.03363, 0.069397, 2e-05, 0.000122, 0.002991, 0.004313, 0.119222, 0.040955, 0.04954, 0.0, 0.0, 0.0, 0.0, 0.073364, 0.018921, 0.000244, 0.0, 0.0, 0.00472, 0.00824, 0.030314, 0.0, 0.001119, 0.00061, 0.017171]	5.208333	34.133335	0.000000	1106.254921	0.999972	0.007232	0.000322	[49.32272, 56.02449, 0.0, 43.162777, 29.460907, 44.754711, 24.474777, 87.513382, 37.820736, 0.02277, 90.433563, 0.033804, 0.0, 1.152348, 0.067252, 105.601685, 49.639538, 81.45282, 5.147187, 30.694359, 0.037622, 43.395061, 36.591438, 34.208286, 42.678127, 1.622087, 0.677999, 0.832265, 8.561764, 44.291664, 45.775322, 21.032402, 6.098135, 45.596233, 121.383957, 46.644737, 92.514145, 31.205038, 2.708583, 7.139211, 10.528177, 145.058075, 48.125072, 139.489075, 0.0, 0.105817, 0.0, 0.0, 93.356339, 41.308681, 0.176093, 0.034904, 0.163043, 9.254934, 36.493309, 56.675735, 0.061796, 12.070875, 42.158691, 43.16555]
1776711296.608	1	2000	2000	4.530189e-05	2.847593	2.847593	4.568964	16.974194	3.321665	0.000000	2.672176	2.681023	2.681023	2.879322	17.802196	2	0.000000	hard_ce	0.000000	-0.095772	0.349494	-2.468615	2.972752	1.000000	0.000000	3.922369	0.084295	0.002989	0.000000	1.000000	0.000000	0.081593	3.634413	3.518155	0.149285	0.009764	1.002376	0.817225	0.435147	0.897147	0.433365	0.835919	44.189180	8.649283	2.000000	2.000000	0.945833	0.039489	0.129100	1.000000	0.000000	5.072301	[0.016705, 0.015991, 0.013702, 0.015277, 0.016491, 0.014757, 0.015272, 0.019953, 0.014361, 0.015643, 0.018055, 0.015242, 0.01416, 0.015433, 0.015606, 0.023459, 0.016338, 0.018919, 0.01422, 0.015716, 0.01482, 0.01537, 0.016192, 0.017797, 0.017263, 0.015486, 0.014621, 0.015717, 0.014861, 0.016074, 0.018033, 0.015385, 0.015246, 0.017421, 0.019439, 0.019089, 0.018127, 0.015897, 0.014761, 0.015562, 0.013744, 0.018615, 0.017203, 0.040738, 0.015508, 0.015526, 0.015175, 0.014747, 0.01981, 0.014876, 0.014855, 0.015792, 0.015728, 0.016804, 0.016953, 0.016741, 0.015463, 0.015254, 0.017223, 0.016786]	[0.040914, 0.00057, 0.0, 0.028097, 0.026245, 0.027751, 0.002543, 0.026855, 0.013774, 0.0, 0.008057, 0.0, 0.0, 0.000305, 0.0, 0.072164, 0.007548, 0.009745, 0.00057, 0.00767, 2e-05, 0.037435, 0.007324, 0.032552, 0.005066, 0.000854, 0.0, 0.000244, 0.000244, 0.01359, 0.039876, 0.014893, 0.001221, 0.02242, 0.034871, 0.024414, 0.072225, 0.00533, 0.000102, 0.002828, 0.00356, 0.120992, 0.037496, 0.060832, 0.0, 0.0, 0.0, 0.0, 0.07432, 0.026733, 0.000366, 0.0, 0.0, 0.004395, 0.035197, 0.013611, 0.0, 0.000814, 0.000203, 0.033162]	5.000000	34.133335	0.000000	1101.409660	0.999973	0.007132	0.000313	[45.27243, 60.570889, 0.158039, 50.806068, 35.193207, 42.313637, 22.070837, 78.65242, 39.696362, 0.061195, 87.79863, 0.078096, 0.0, 0.702523, 0.019447, 111.445419, 45.527615, 77.556496, 2.824393, 37.95969, 0.019014, 44.192665, 39.205574, 46.46434, 38.617863, 2.499277, 0.0, 0.961572, 7.518209, 41.359024, 45.823574, 18.799084, 2.73567, 43.861229, 118.327049, 40.548496, 94.863304, 37.427967, 3.080218, 4.409989, 7.798448, 144.247314, 45.697174, 141.563477, 0.0, 0.097741, 0.0, 0.0, 96.611572, 43.176525, 0.483792, 0.103879, 0.678525, 9.363144, 42.268051, 51.19453, 0.136662, 11.652153, 38.423534, 45.082016]
1776711360.844	2	2050	2050	4.354153e-05	2.577481	2.577481	4.397358	16.990799	3.328686	0.000000	2.430650	2.502019	2.502019			2	0.000000	hard_ce	0.000000	-0.083418	0.344555	-2.310202	3.090710	1.000000	0.000000	3.939020	0.081569	0.003166	0.000000	1.000000	0.000000	0.079007	3.517181	3.358611	0.146659	0.008989	0.948956	0.781303	0.435072	0.892264	0.429518	0.834944	42.910231	8.377003	2.000000	2.000000	0.943056	0.038279	0.124859	1.000000	0.000000	5.110172	[0.016797, 0.01588, 0.013746, 0.015166, 0.016657, 0.015349, 0.015695, 0.01983, 0.014324, 0.015889, 0.01835, 0.015157, 0.014429, 0.015599, 0.015646, 0.022922, 0.016656, 0.018134, 0.014372, 0.015016, 0.01483, 0.015423, 0.016348, 0.017045, 0.017602, 0.015647, 0.014589, 0.015933, 0.014953, 0.01622, 0.017993, 0.015181, 0.0155, 0.018447, 0.0213, 0.021279, 0.017848, 0.015764, 0.014795, 0.015681, 0.013841, 0.01837, 0.017207, 0.036026, 0.015599, 0.0155, 0.015192, 0.014704, 0.019498, 0.014936, 0.01503, 0.01572, 0.015764, 0.016517, 0.016895, 0.016632, 0.015355, 0.015121, 0.017423, 0.016679]	[0.04126, 0.000285, 0.0, 0.016032, 0.019531, 0.03713, 0.012451, 0.027405, 0.003703, 2e-05, 0.056356, 0.0, 0.0, 0.000183, 0.0, 0.072062, 0.006612, 0.009115, 0.000875, 0.002543, 2e-05, 0.003113, 0.017741, 0.014689, 0.011312, 0.000936, 0.0, 4.1e-05, 0.001485, 0.025696, 0.026062, 0.0118, 0.001343, 0.041199, 0.058716, 0.029012, 0.074463, 0.000224, 4.1e-05, 0.003153, 0.003174, 0.104574, 0.019491, 0.068095, 0.0, 0.0, 0.0, 0.0, 0.062866, 0.036845, 0.000264, 0.0, 0.0, 0.003927, 0.02773, 0.020528, 0.0, 0.000468, 0.000427, 0.025004]	5.416667	34.133334	0.000000	1121.620956	0.999972	0.007335	0.000321	[47.173515, 56.091614, 0.004751, 44.401226, 25.557175, 46.104336, 29.504469, 79.69548, 39.670227, 0.062898, 90.438065, 0.06983, 0.01444, 0.536755, 0.017643, 110.973434, 48.911217, 73.931351, 4.074622, 21.139421, 0.0, 42.28532, 41.378242, 39.127228, 41.937057, 1.681348, 0.0, 0.378611, 14.477169, 43.581902, 45.302521, 19.444511, 1.840717, 50.412453, 138.702011, 44.997124, 95.15654, 32.438202, 2.41604, 6.809849, 7.956932, 139.776794, 41.885944, 142.930466, 0.0, 0.0, 0.0, 0.0, 95.616028, 44.253536, 0.49029, 0.039519, 0.58998, 8.089962, 39.859024, 53.421463, 0.038701, 9.420467, 40.038834, 42.852791]
1776711426.847	2	2100	2100	4.183561e-05	2.656265	2.656265	4.067661	16.912663	3.308025	0.000000	2.368051	2.405924	2.405924			2	0.000000	hard_ce	0.000000	-0.086860	0.347611	-2.398028	3.107760	1.000000	0.000000	3.952463	0.077409	0.003083	0.000000	1.000000	0.000000	0.080848	3.599071	3.432767	0.152666	0.009500	0.977800	0.799806	0.435260	0.888638	0.430830	0.835548	42.477776	8.279100	2.000000	2.000000	0.944444	0.032182	0.122636	1.000000	0.000000	5.097956	[0.016968, 0.016047, 0.013793, 0.015359, 0.016521, 0.015006, 0.015823, 0.019757, 0.014519, 0.01583, 0.019219, 0.015148, 0.014325, 0.015637, 0.015774, 0.023788, 0.016831, 0.018014, 0.014455, 0.015523, 0.014805, 0.015471, 0.016689, 0.017467, 0.017759, 0.015616, 0.014573, 0.015855, 0.01482, 0.016264, 0.019751, 0.015138, 0.015706, 0.017763, 0.020616, 0.020301, 0.018005, 0.016047, 0.014862, 0.015406, 0.014111, 0.018541, 0.017141, 0.032187, 0.015542, 0.015509, 0.015173, 0.014783, 0.018936, 0.015004, 0.015007, 0.015947, 0.015865, 0.016344, 0.017188, 0.016353, 0.015401, 0.015277, 0.017785, 0.016658]	[0.041158, 0.000346, 0.0, 0.018778, 0.017944, 0.03479, 0.014262, 0.023173, 0.001973, 0.000102, 0.023092, 0.0, 0.0, 6.1e-05, 0.0, 0.071777, 0.007263, 0.013, 0.000814, 0.004639, 0.0, 0.03066, 0.0271, 0.023763, 0.004761, 0.000753, 0.0, 0.0, 0.000854, 0.02299, 0.032694, 0.012716, 0.002075, 0.036702, 0.075643, 0.023356, 0.070699, 0.007914, 0.000183, 0.002665, 0.003845, 0.073792, 0.016012, 0.068604, 0.0, 0.0, 2e-05, 0.0, 0.062805, 0.037882, 0.000163, 0.0, 0.0, 0.003153, 0.035685, 0.016235, 0.0, 0.000753, 0.003784, 0.028564]	5.666667	34.133335	0.000000	1103.298498	0.999971	0.007434	0.000340	[46.814407, 54.797054, 0.063036, 46.150414, 28.689545, 42.969543, 24.989346, 77.024239, 35.147568, 0.188772, 89.372375, 0.084674, 0.090127, 0.432177, 0.017802, 114.155663, 47.145325, 77.402985, 4.237583, 29.487883, 0.0, 43.295563, 42.813934, 43.380348, 37.656883, 1.749155, 0.052956, 1.20354, 11.745791, 43.483593, 47.581051, 21.575048, 5.392982, 50.269585, 132.564209, 42.693844, 91.843765, 36.362652, 2.553368, 4.762173, 6.226732, 132.073151, 42.545982, 140.966171, 0.0, 0.0, 0.0, 0.0, 94.048546, 44.509747, 1.078693, 0.094918, 0.669693, 8.437078, 42.818817, 51.217129, 0.169489, 8.912028, 49.326172, 44.664776]
1776711493.126	2	2150	2150	4.018903e-05	2.118792	2.118792	4.339358	16.933823	3.276552	0.000000	2.370993	2.386893	2.386893			2	0.000000	hard_ce	0.000000	-0.097627	0.357859	-2.412700	3.355764	1.000000	0.000000	3.926994	0.086398	0.002925	0.000000	1.000000	0.000000	0.080483	3.582053	3.363105	0.179719	0.009451	0.959912	0.779570	0.435525	0.885198	0.429773	0.834904	43.412847	9.510668	2.000000	2.000000	0.945139	0.040146	0.132650	1.000000	0.000000	5.027605	[0.016843, 0.016131, 0.013906, 0.015346, 0.016516, 0.015063, 0.015466, 0.019224, 0.014483, 0.015773, 0.019213, 0.014786, 0.01425, 0.01555, 0.015462, 0.025566, 0.01684, 0.017931, 0.014216, 0.015724, 0.014931, 0.015086, 0.016306, 0.016762, 0.017364, 0.015612, 0.014569, 0.015801, 0.014615, 0.015989, 0.018415, 0.015014, 0.015467, 0.018364, 0.020069, 0.022611, 0.01752, 0.015619, 0.014904, 0.015771, 0.013978, 0.01862, 0.016742, 0.035075, 0.015406, 0.015524, 0.015134, 0.014865, 0.018817, 0.015136, 0.015049, 0.015712, 0.015703, 0.016557, 0.016431, 0.017091, 0.015254, 0.01508, 0.017923, 0.016825]	[0.040731, 0.000651, 0.0, 0.021444, 0.018433, 0.032511, 0.010539, 0.018636, 0.006063, 0.0, 0.043498, 0.0, 0.0, 0.00057, 0.0, 0.067525, 0.013855, 0.020203, 0.001506, 0.007914, 0.0, 0.019979, 0.011434, 0.024028, 0.020793, 0.001261, 0.0, 0.0, 0.001668, 0.020345, 0.023193, 0.012553, 0.001404, 0.039551, 0.068542, 0.02771, 0.062887, 0.000142, 0.000224, 0.004781, 0.004415, 0.104553, 0.006938, 0.063721, 0.0, 0.0, 0.0, 0.0, 0.065674, 0.034607, 0.000448, 0.0, 0.0, 0.004008, 0.018188, 0.016459, 0.0, 0.001058, 0.002686, 0.032674]	5.500000	34.133335	0.000000	1136.370626	0.999972	0.007339	0.000335	[46.424557, 50.221252, 0.011855, 46.818752, 34.489349, 43.621746, 23.996664, 76.070831, 39.21701, 0.148552, 89.189209, 0.068377, 0.0, 1.33218, 0.0, 121.443634, 45.298561, 74.250046, 3.467013, 32.124046, 0.040558, 42.759319, 39.854279, 43.464088, 45.241547, 1.814337, 0.0, 0.220849, 7.178707, 42.826443, 47.733543, 15.296804, 1.154932, 48.996899, 134.205597, 46.867455, 94.705887, 32.722519, 2.78918, 4.391518, 6.26836, 142.183624, 37.57687, 134.090668, 0.0, 0.0, 0.0, 0.101241, 99.810532, 45.712139, 0.848765, 0.136004, 0.32658, 7.235776, 38.914494, 44.97036, 0.081538, 7.891056, 50.230907, 51.163055]
1776711565.945	2	2200	2200	3.860651e-05	2.069229	2.069229	4.925213	17.000380	3.283139	0.000000	2.341820	2.358016	2.358016	2.924263	18.620489	2	0.000000	hard_ce	0.000000	-0.103986	0.375698	-2.527855	3.345167	1.000000	0.000000	3.907961	0.092402	0.002625	0.000000	1.000000	0.000000	0.081928	3.644088	3.499818	0.168022	0.009959	1.002900	0.823962	0.435663	0.886280	0.431171	0.835433	44.426080	8.799567	2.000000	2.000000	0.942361	0.044892	0.139913	1.000000	0.000000	5.074187	[0.016884, 0.015855, 0.013551, 0.015313, 0.016361, 0.015294, 0.015007, 0.018864, 0.014192, 0.015726, 0.020155, 0.014583, 0.014139, 0.015442, 0.015416, 0.022189, 0.016704, 0.017662, 0.013922, 0.015556, 0.014578, 0.015137, 0.016408, 0.016944, 0.01731, 0.015264, 0.014375, 0.015493, 0.014338, 0.015786, 0.02135, 0.01499, 0.015763, 0.021543, 0.022432, 0.021653, 0.017769, 0.015543, 0.014589, 0.015254, 0.013573, 0.018621, 0.016791, 0.036001, 0.0154, 0.015424, 0.014987, 0.014559, 0.01939, 0.014789, 0.014913, 0.015516, 0.015462, 0.016327, 0.016954, 0.016638, 0.015291, 0.014996, 0.018205, 0.016828]	[0.040181, 0.001038, 0.0, 0.032918, 0.026225, 0.037618, 0.003662, 0.00885, 0.005208, 2e-05, 0.021708, 4.1e-05, 0.0, 4.1e-05, 0.0, 0.070455, 0.008728, 0.014425, 0.000997, 0.003377, 4.1e-05, 0.033549, 0.009257, 0.032328, 0.021749, 0.000793, 0.0, 6.1e-05, 0.002055, 0.008769, 0.030884, 0.011597, 0.002441, 0.041321, 0.071594, 0.034587, 0.067851, 0.000183, 0.000163, 0.003092, 0.003133, 0.088053, 0.031291, 0.07432, 0.0, 0.0, 0.0, 0.0, 0.050944, 0.034322, 0.000509, 0.0, 0.0, 0.004618, 0.018372, 0.014994, 0.0, 0.00061, 0.00057, 0.030457]	5.708333	34.133335	0.000000	1130.158068	0.999972	0.007189	0.000335	[45.052498, 53.469849, 0.010022, 50.838875, 29.566236, 40.343243, 17.76174, 64.24823, 37.208294, 0.021984, 87.825012, 0.190023, 0.0, 0.378235, 0.117885, 108.720459, 47.86517, 81.300529, 4.827631, 24.517666, 0.074857, 43.688133, 38.021481, 46.302849, 44.341667, 1.667694, 0.006859, 0.664865, 20.608433, 39.712662, 50.611019, 20.034697, 3.447764, 56.721832, 132.474472, 48.161728, 93.117599, 29.331692, 2.105166, 12.230661, 8.839328, 142.499374, 47.063217, 136.907455, 0.015678, 0.0, 0.0, 0.0, 91.846062, 44.766735, 0.962798, 0.091015, 0.02713, 9.625858, 40.156929, 49.805389, 0.036765, 8.523005, 42.251392, 46.992184]
1776711631.451	2	2250	2250	3.709260e-05	2.591283	2.591283	5.009530	17.012196	3.267729	0.000000	2.342909	2.354266	2.354266			2	0.000000	hard_ce	0.000000	-0.109312	0.373032	-2.613486	3.419396	1.000000	0.000000	3.897753	0.093957	0.002758	0.000000	1.000000	0.000000	0.080018	3.555196	3.393767	0.172223	0.009466	0.970497	0.792217	0.435864	0.885404	0.427190	0.834223	43.786680	8.625019	2.000000	2.000000	0.945139	0.046483	0.141432	1.000000	0.000000	5.074756	[0.017336, 0.015983, 0.013565, 0.014986, 0.016274, 0.015624, 0.015278, 0.019119, 0.014496, 0.015447, 0.019235, 0.014791, 0.014055, 0.015464, 0.015399, 0.022031, 0.016977, 0.017836, 0.014044, 0.015055, 0.014819, 0.015037, 0.016192, 0.016893, 0.017182, 0.015261, 0.014278, 0.015292, 0.014507, 0.015817, 0.019495, 0.015063, 0.015365, 0.019009, 0.021675, 0.021142, 0.017533, 0.01583, 0.014609, 0.014966, 0.013424, 0.018879, 0.016787, 0.041756, 0.015404, 0.015394, 0.014963, 0.014701, 0.019428, 0.015348, 0.014746, 0.015508, 0.015389, 0.016341, 0.016763, 0.016262, 0.015256, 0.014887, 0.01907, 0.016735]	[0.0413, 0.000264, 0.0, 0.02183, 0.024231, 0.036947, 0.003377, 0.015564, 0.002808, 4.1e-05, 0.032084, 0.0, 0.0, 6.1e-05, 0.0, 0.06781, 0.013733, 0.023031, 0.000509, 0.004232, 2e-05, 0.024536, 0.003052, 0.026286, 0.012166, 0.001282, 0.0, 0.0, 0.000732, 0.019857, 0.029683, 0.015849, 0.001282, 0.040446, 0.061218, 0.032674, 0.056173, 0.001119, 0.000183, 0.002136, 0.003886, 0.11143, 0.023254, 0.065165, 0.0, 0.0, 0.0, 0.0, 0.060669, 0.037923, 0.000264, 0.0, 0.0, 0.005107, 0.027445, 0.012655, 0.0, 0.000956, 0.000631, 0.034098]	5.500000	34.133335	0.000000	1154.998688	0.999971	0.007464	0.000370	[49.402191, 54.630043, 0.008695, 47.2789, 29.365339, 49.548149, 13.531576, 70.627014, 36.461292, 0.061315, 87.160095, 0.052281, 0.0, 0.40576, 0.0, 113.383255, 49.935467, 75.281265, 2.675548, 22.930183, 0.145517, 42.9855, 33.442848, 44.82019, 41.59893, 1.233849, 0.0, 0.30008, 12.826221, 42.379852, 46.73127, 28.188766, 1.963552, 52.862328, 138.342743, 49.543457, 90.473923, 35.890358, 2.01717, 3.196731, 6.663072, 146.069992, 44.919357, 143.256104, 0.0, 0.0, 0.020626, 0.0, 96.280914, 47.016296, 0.794056, 0.010255, 0.0, 7.335507, 39.811058, 40.618874, 0.080297, 10.315922, 40.706673, 52.419418]
1776711695.966	2	2300	2300	3.565165e-05	2.110893	2.110893	4.846764	16.927927	3.255685	0.000000	2.270181	2.300679	2.300679			2	0.000000	hard_ce	0.000000	-0.115074	0.370843	-2.715256	3.439254	1.000000	0.000000	3.902656	0.092512	0.002646	0.000000	1.000000	0.000000	0.080225	3.562750	3.418122	0.175563	0.009854	0.983235	0.792695	0.435703	0.885396	0.425998	0.833937	43.609180	8.608240	2.000000	2.000000	0.945139	0.044108	0.140916	1.000000	0.000000	5.062038	[0.017533, 0.016538, 0.013599, 0.015128, 0.016274, 0.014861, 0.015279, 0.019531, 0.014307, 0.015378, 0.020006, 0.014774, 0.013853, 0.015331, 0.015613, 0.021842, 0.016771, 0.018129, 0.014171, 0.015117, 0.014654, 0.015125, 0.016426, 0.017495, 0.017102, 0.015169, 0.014487, 0.015334, 0.014588, 0.015816, 0.021072, 0.015165, 0.01546, 0.01775, 0.021408, 0.020333, 0.017723, 0.015577, 0.014568, 0.015402, 0.013699, 0.019327, 0.016663, 0.040419, 0.015237, 0.01535, 0.014919, 0.014701, 0.019043, 0.015105, 0.014599, 0.015565, 0.015554, 0.016174, 0.016998, 0.017234, 0.015149, 0.01492, 0.017903, 0.016753]	[0.04069, 0.001017, 0.0, 0.031759, 0.030518, 0.031596, 0.003215, 0.020365, 0.002787, 0.0, 0.027303, 0.0, 0.0, 0.000163, 0.0, 0.069621, 0.011922, 0.026937, 0.000834, 0.003662, 4.1e-05, 0.026021, 0.013367, 0.027018, 0.006165, 0.000936, 0.0, 6.1e-05, 0.001912, 0.009908, 0.032735, 0.008769, 0.001363, 0.035197, 0.059387, 0.026794, 0.054728, 2e-05, 0.000142, 0.003153, 0.003906, 0.114176, 0.017151, 0.066895, 0.0, 0.0, 0.0, 2e-05, 0.064229, 0.03776, 8.1e-05, 0.0, 0.0, 0.003459, 0.032837, 0.019165, 0.0, 0.000895, 0.000956, 0.028361]	5.458333	34.133335	0.000000	1119.925418	0.999971	0.007395	0.000352	[46.278549, 58.555359, 0.021841, 50.488434, 36.765774, 36.775604, 17.416191, 75.299614, 34.625961, 0.061299, 87.730492, 0.076153, 0.0, 0.562634, 0.0, 104.684921, 51.566296, 80.763428, 3.702786, 24.393026, 0.114388, 43.389725, 39.751595, 44.393719, 38.682316, 1.937785, 0.0, 0.67452, 13.285209, 41.053867, 49.197021, 16.10331, 3.719983, 49.349693, 134.666367, 46.763214, 90.553101, 32.114716, 2.761202, 5.352656, 9.378797, 151.380417, 42.447647, 139.265778, 0.0, 0.0, 0.0, 0.018875, 97.984802, 47.179424, 0.555231, 0.079786, 0.026355, 9.398097, 41.388588, 52.290474, 0.017098, 8.573619, 39.176739, 45.205582]
1776711760.126	2	2350	2350	3.428779e-05	2.368133	2.368133	4.777534	17.034130	3.276424	0.000000	2.344509	2.341842	2.341842			2	0.000000	hard_ce	0.000000	-0.093966	0.365367	-2.646800	3.548658	1.000000	0.000000	3.912521	0.090824	0.002736	0.000000	1.000000	0.000000	0.079841	3.544353	3.403821	0.172394	0.009631	0.979840	0.786023	0.435515	0.883753	0.424761	0.833471	43.783438	8.851095	2.000000	2.000000	0.945139	0.043355	0.138293	1.000000	0.000000	5.100346	[0.017234, 0.016303, 0.013566, 0.015161, 0.016105, 0.016079, 0.015084, 0.019095, 0.014286, 0.015414, 0.020577, 0.014745, 0.013874, 0.015398, 0.015714, 0.022909, 0.017161, 0.018237, 0.01416, 0.015347, 0.014761, 0.015127, 0.016425, 0.016659, 0.017318, 0.015282, 0.014565, 0.015396, 0.014736, 0.015972, 0.02006, 0.015167, 0.015699, 0.016688, 0.021187, 0.021825, 0.017573, 0.015617, 0.014697, 0.015319, 0.013676, 0.018624, 0.016727, 0.038483, 0.015232, 0.015357, 0.014887, 0.014802, 0.019355, 0.015222, 0.014543, 0.015431, 0.015738, 0.01647, 0.017102, 0.016523, 0.015018, 0.015139, 0.017871, 0.017281]	[0.040263, 0.001424, 0.0, 0.025879, 0.023417, 0.036906, 0.005371, 0.041829, 0.001302, 0.0, 0.05717, 0.0, 0.0, 0.000244, 0.0, 0.070699, 0.027588, 0.032796, 0.000793, 0.003398, 0.0, 0.003438, 0.014404, 0.017456, 0.021566, 0.000956, 0.0, 6.1e-05, 0.001058, 0.015869, 0.025269, 0.013326, 0.001404, 0.022359, 0.079529, 0.034424, 0.034973, 0.000346, 0.000203, 0.002848, 0.003479, 0.082886, 0.022868, 0.071676, 0.0, 0.0, 0.0, 0.0, 0.051208, 0.039164, 0.000163, 0.0, 0.0, 0.003845, 0.018087, 0.00883, 0.0, 0.001241, 0.001119, 0.036865]	5.291667	34.133335	0.000000	1125.225655	0.999973	0.007184	0.000335	[44.969734, 56.265572, 0.013479, 46.657394, 31.583693, 46.008736, 24.00028, 83.749573, 29.2523, 0.141598, 88.397003, 0.178058, 0.0, 0.759268, 0.0, 109.570587, 57.237923, 82.284744, 3.875471, 28.320667, 0.134581, 41.378502, 40.535042, 37.842377, 41.11824, 1.252548, 0.0, 1.079499, 10.854956, 42.412155, 47.846951, 18.154716, 8.035359, 44.924801, 134.569427, 47.934933, 79.466522, 32.887794, 2.319779, 4.633216, 8.977922, 136.527222, 42.70816, 146.631134, 0.0, 0.0, 0.0, 0.0, 95.205612, 48.025421, 0.402809, 0.279492, 0.032986, 10.223156, 39.080376, 40.825935, 0.067621, 11.982112, 42.448448, 53.934158]
1776711831.244	2	2400	2400	3.300495e-05	2.447176	2.447176	4.304149	16.922871	3.271967	0.000000	2.298544	2.316003	2.316003	2.918363	18.510966	2	0.000000	hard_ce	0.000000	-0.096829	0.367175	-2.580172	3.432603	1.000000	0.000000	3.933290	0.084894	0.002749	0.000000	1.000000	0.000000	0.078782	3.498660	3.294638	0.176765	0.009447	0.946034	0.762136	0.435751	0.885073	0.423224	0.832949	43.512384	8.912934	2.000000	2.000000	0.945139	0.036467	0.133322	1.000000	0.000000	5.051995	[0.016936, 0.016326, 0.01372, 0.015109, 0.016237, 0.015042, 0.01524, 0.019473, 0.014471, 0.015778, 0.019645, 0.015047, 0.013975, 0.015444, 0.015725, 0.024222, 0.016498, 0.018656, 0.01409, 0.016138, 0.014827, 0.01511, 0.016415, 0.017305, 0.01764, 0.015403, 0.014638, 0.015621, 0.014769, 0.016038, 0.019339, 0.01539, 0.015638, 0.017998, 0.020399, 0.020742, 0.017898, 0.01576, 0.014845, 0.015485, 0.013809, 0.019511, 0.01687, 0.033203, 0.015372, 0.015372, 0.015031, 0.01487, 0.019058, 0.015203, 0.015049, 0.015766, 0.015773, 0.016843, 0.017253, 0.017198, 0.015349, 0.015095, 0.017446, 0.016896]	[0.03953, 0.001912, 0.0, 0.026347, 0.018107, 0.030619, 0.007833, 0.023336, 0.005127, 8.1e-05, 0.055929, 0.0, 0.0, 0.000468, 0.0, 0.068787, 0.008565, 0.029236, 0.000712, 0.007711, 6.1e-05, 0.000407, 0.011047, 0.028809, 0.008708, 0.000956, 0.0, 0.000102, 0.001465, 0.015503, 0.029663, 0.016439, 0.001933, 0.03009, 0.053955, 0.022156, 0.060994, 4.1e-05, 0.000163, 0.003255, 0.005086, 0.112488, 0.018433, 0.07607, 0.0, 0.0, 0.0, 0.0, 0.053467, 0.034912, 0.000305, 0.0, 0.0, 0.004639, 0.032003, 0.020508, 4.1e-05, 0.000916, 0.004211, 0.026876]	5.125000	34.133334	0.000000	1098.982976	0.999973	0.007206	0.000321	[45.045181, 58.394371, 0.058153, 52.45507, 24.818604, 37.178986, 14.771826, 76.55806, 35.345493, 0.191715, 92.651047, 0.171143, 0.0, 1.364151, 0.0, 113.14328, 44.494041, 81.218002, 2.952531, 34.892887, 0.062917, 38.813778, 40.654701, 44.345589, 40.136372, 1.760523, 0.012266, 1.047698, 15.816589, 41.694305, 46.5084, 24.344282, 3.96549, 46.652611, 123.892746, 41.867661, 90.758469, 31.429031, 2.364267, 5.224657, 10.581065, 145.649918, 43.194641, 149.665298, 0.02718, 0.0, 0.0, 0.0, 93.557312, 45.978573, 0.889325, 0.142699, 0.039605, 10.080851, 41.147724, 49.759453, 0.085452, 8.92083, 45.508541, 45.714699]
1776711896.085	2	2450	2450	3.180679e-05	2.545022	2.545022	4.596603	16.927750	3.277908	0.000000	2.330126	2.322325	2.322325			2	0.000000	hard_ce	0.000000	-0.101120	0.365046	-2.669261	3.298210	1.000000	0.000000	3.923840	0.087883	0.002692	0.000000	1.000000	0.000000	0.078127	3.470105	3.269675	0.179508	0.009019	0.938135	0.757339	0.436009	0.883617	0.422653	0.832611	42.942422	8.612686	2.000000	2.000000	0.945139	0.039668	0.136098	1.000000	0.000000	5.088251	[0.016968, 0.016241, 0.013655, 0.015026, 0.016242, 0.015444, 0.015372, 0.019074, 0.014519, 0.015504, 0.020251, 0.015065, 0.013994, 0.015333, 0.01565, 0.024402, 0.016537, 0.018027, 0.014117, 0.015585, 0.014828, 0.015065, 0.016184, 0.01746, 0.018294, 0.015443, 0.014498, 0.015453, 0.014807, 0.016041, 0.02025, 0.015203, 0.015545, 0.01747, 0.021478, 0.022437, 0.017483, 0.015725, 0.014695, 0.015201, 0.013699, 0.018926, 0.016877, 0.033518, 0.015308, 0.01544, 0.015076, 0.014808, 0.018821, 0.015382, 0.01483, 0.01555, 0.015685, 0.01657, 0.01696, 0.016825, 0.0151, 0.015221, 0.01796, 0.016878]	[0.039958, 0.001485, 0.0, 0.021952, 0.019165, 0.032328, 0.007182, 0.020243, 0.004191, 8.1e-05, 0.050822, 0.0, 0.0, 0.000346, 0.0, 0.071493, 0.013672, 0.021851, 0.000753, 0.004049, 6.1e-05, 0.002747, 0.00238, 0.03125, 0.037028, 0.000732, 0.0, 4.1e-05, 0.00118, 0.019714, 0.032247, 0.015544, 0.000916, 0.03066, 0.051046, 0.030558, 0.055339, 0.000732, 0.000224, 0.002563, 0.005676, 0.120382, 0.026998, 0.07251, 0.0, 0.0, 0.0, 0.0, 0.054993, 0.036743, 0.000326, 2e-05, 0.0, 0.00415, 0.004028, 0.016907, 0.0, 0.000936, 0.002686, 0.029114]	4.791667	34.133335	0.000000	1135.639941	0.999972	0.007293	0.000352	[45.850914, 55.910553, 0.0, 52.228554, 29.016058, 39.893902, 16.305161, 78.045403, 36.606232, 0.0, 89.472069, 0.027489, 0.0, 0.896263, 0.007386, 120.479248, 45.842709, 80.394669, 2.642487, 26.561262, 0.02459, 39.990158, 36.07489, 45.474915, 48.038418, 1.358882, 0.01278, 0.385528, 12.472674, 40.938766, 48.083786, 22.359961, 1.643484, 44.765182, 133.528839, 48.444881, 87.200829, 35.081223, 1.863161, 3.451333, 10.321321, 148.376678, 44.493675, 141.841553, 0.0, 0.0, 0.0, 0.040388, 94.009819, 47.394524, 0.49295, 0.059759, 0.0, 5.74894, 36.015625, 46.211666, 0.041231, 9.783014, 43.788952, 48.005325]
1776711960.681	2	2500	2500	3.069678e-05	2.182452	2.182452	4.283567	16.868025	3.267913	0.000000	2.322927	2.318175	2.318175			2	0.000000	hard_ce	0.000000	-0.101969	0.366864	-2.558101	3.484924	1.000000	0.000000	3.937116	0.084585	0.002757	0.000000	1.000000	0.000000	0.078163	3.471879	3.260450	0.173376	0.008797	0.936219	0.757082	0.436092	0.885630	0.422483	0.832613	43.393553	8.994633	2.000000	2.000000	0.944444	0.036986	0.132184	1.000000	0.000000	5.030784	[0.017243, 0.016435, 0.013894, 0.01512, 0.016527, 0.015604, 0.01573, 0.019388, 0.014614, 0.01573, 0.01944, 0.014925, 0.014127, 0.01554, 0.015645, 0.02354, 0.016812, 0.01847, 0.01428, 0.016032, 0.014833, 0.015104, 0.016342, 0.017665, 0.018002, 0.015298, 0.014656, 0.015612, 0.014684, 0.016052, 0.01852, 0.015114, 0.015644, 0.018269, 0.020921, 0.021203, 0.017855, 0.015591, 0.014895, 0.015686, 0.013958, 0.019404, 0.016874, 0.031694, 0.015325, 0.01528, 0.015009, 0.014994, 0.018993, 0.015018, 0.015162, 0.01563, 0.015861, 0.016582, 0.017236, 0.017363, 0.015246, 0.015091, 0.01716, 0.017078]	[0.040487, 0.00116, 0.0, 0.031331, 0.024089, 0.033122, 0.006775, 0.013509, 0.013529, 2e-05, 0.064189, 0.0, 0.0, 0.000305, 0.0, 0.067566, 0.010173, 0.027405, 0.000997, 0.006307, 0.0, 0.001444, 0.004232, 0.029704, 0.011637, 0.000997, 0.0, 8.1e-05, 0.00238, 0.010539, 0.02065, 0.010783, 0.002055, 0.039022, 0.05011, 0.029215, 0.060832, 2e-05, 0.000142, 0.005249, 0.004008, 0.115316, 0.026062, 0.071126, 0.0, 0.0, 0.0, 0.0, 0.05308, 0.026204, 0.000163, 4.1e-05, 0.0, 0.003703, 0.029846, 0.015055, 0.0, 0.000793, 0.000793, 0.033752]	5.375000	34.133335	0.000000	1099.114087	0.999971	0.007354	0.000350	[46.019039, 55.14819, 0.005948, 48.973476, 31.219604, 43.273556, 23.481312, 75.929222, 38.369915, 0.041971, 95.712738, 0.06083, 0.0, 1.104536, 0.0, 106.152893, 49.305187, 83.923119, 4.658722, 32.109543, 0.052853, 39.453354, 38.376778, 44.423031, 43.815643, 1.604381, 0.0, 0.784934, 11.369079, 40.749401, 42.59935, 20.854759, 5.013835, 46.94458, 126.828789, 43.68309, 92.086143, 29.202015, 3.138184, 8.381726, 10.222518, 143.056717, 41.738289, 142.521255, 0.017419, 0.0, 0.043477, 0.0, 90.925293, 42.443584, 1.183005, 0.176183, 0.002886, 10.281763, 38.369926, 53.164803, 0.09224, 9.388891, 41.021996, 48.498093]
1776712024.917	2	2550	2550	2.967808e-05	2.567463	2.567463	4.526716	16.893410	3.275276	0.000000	2.376641	2.364870	2.364870			2	0.000000	hard_ce	0.000000	-0.104259	0.370417	-2.634255	3.588629	1.000000	0.000000	3.929349	0.085820	0.002685	0.000000	1.000000	0.000000	0.079063	3.511993	3.339911	0.161526	0.008744	0.962339	0.775628	0.436171	0.883948	0.423022	0.833137	42.965116	8.526988	2.000000	2.000000	0.943750	0.036667	0.134973	1.000000	0.000000	5.113173	[0.017111, 0.01639, 0.013716, 0.01508, 0.016588, 0.015899, 0.0156, 0.019626, 0.014341, 0.015502, 0.021364, 0.014918, 0.014117, 0.015422, 0.01564, 0.023519, 0.0169, 0.017869, 0.014093, 0.016033, 0.014838, 0.015028, 0.016431, 0.018057, 0.01733, 0.015552, 0.014513, 0.015612, 0.01452, 0.015896, 0.021213, 0.0151, 0.015505, 0.017759, 0.02171, 0.019647, 0.017725, 0.015798, 0.014615, 0.015256, 0.013676, 0.018575, 0.016929, 0.031685, 0.015366, 0.015453, 0.015006, 0.014814, 0.019296, 0.015106, 0.014914, 0.015568, 0.015644, 0.016463, 0.017979, 0.016608, 0.015197, 0.015303, 0.017793, 0.016793]	[0.0401, 0.001506, 0.0, 0.036235, 0.026815, 0.036051, 0.005127, 0.016825, 0.006124, 0.0, 0.056152, 0.0, 0.0, 4.1e-05, 0.0, 0.071065, 0.014852, 0.015503, 0.000753, 0.005249, 8.1e-05, 0.003011, 0.004191, 0.031433, 0.003357, 0.000834, 0.0, 4.1e-05, 0.000468, 0.005452, 0.026489, 0.012024, 0.000854, 0.034383, 0.067688, 0.030009, 0.061849, 0.00474, 0.000102, 0.003377, 0.003581, 0.087524, 0.034119, 0.077962, 0.0, 0.0, 0.0, 0.0, 0.050171, 0.034892, 0.000122, 0.0, 0.0, 0.003601, 0.036601, 0.013468, 0.0, 0.000753, 0.001383, 0.03304]	5.208333	34.133335	0.000000	1119.225072	0.999973	0.007163	0.000324	[45.179825, 56.422592, 0.003116, 49.948067, 34.933044, 46.869637, 25.262306, 77.660263, 38.058502, 0.063873, 91.794418, 0.069916, 0.0, 0.595175, 0.0, 110.515152, 51.568848, 72.151703, 4.364995, 31.993864, 0.060922, 39.927929, 38.651802, 44.373043, 35.776802, 1.501006, 0.0, 0.401013, 5.87111, 40.092903, 45.480347, 19.658573, 2.524279, 47.126869, 126.442032, 41.334881, 89.80526, 33.885437, 2.457514, 6.360484, 10.595409, 136.63475, 45.011856, 143.893631, 0.030439, 0.0, 0.0, 0.016773, 96.936447, 45.061417, 0.62015, 0.085672, 0.016515, 10.707062, 47.258984, 49.595787, 0.03405, 11.637777, 43.813835, 46.862038]
1776712095.355	2	2600	2600	2.875363e-05	2.605258	2.605258	4.471396	16.845814	3.266338	0.000000	2.339568	2.344913	2.344913	2.902565	18.220813	2	0.000000	hard_ce	0.000000	-0.112796	0.372732	-2.745594	3.481220	1.000000	0.000000	3.924471	0.086987	0.002608	0.000000	1.000000	0.000000	0.079257	3.521003	3.331108	0.174137	0.008470	0.963516	0.776397	0.436502	0.883135	0.422702	0.832872	42.901230	8.766447	2.000000	2.000000	0.944444	0.037047	0.136928	1.000000	0.000000	5.052945	[0.017513, 0.016151, 0.013752, 0.015195, 0.016432, 0.01552, 0.015683, 0.020285, 0.014509, 0.015336, 0.020866, 0.014918, 0.014052, 0.015397, 0.015671, 0.022006, 0.016474, 0.018636, 0.013981, 0.015661, 0.01477, 0.014984, 0.016385, 0.0174, 0.017781, 0.015451, 0.014556, 0.015468, 0.014808, 0.015885, 0.021234, 0.015307, 0.015567, 0.017124, 0.0218, 0.020033, 0.017584, 0.015882, 0.01475, 0.015369, 0.013683, 0.019017, 0.016772, 0.032552, 0.015361, 0.015362, 0.014943, 0.014812, 0.019172, 0.015226, 0.014771, 0.015564, 0.015622, 0.016738, 0.017401, 0.016954, 0.015152, 0.015303, 0.018642, 0.016779]	[0.041219, 0.000549, 0.0, 0.029724, 0.022461, 0.021912, 0.00352, 0.045431, 0.003988, 0.0, 0.053935, 0.0, 0.0, 6.1e-05, 0.0, 0.068319, 0.014262, 0.02002, 0.000631, 0.004008, 2e-05, 0.002563, 0.004842, 0.019185, 0.00588, 0.000977, 0.0, 8.1e-05, 0.001099, 0.011943, 0.030212, 0.017741, 0.001099, 0.017314, 0.049927, 0.029622, 0.061117, 0.000142, 0.000142, 0.003866, 0.00413, 0.115397, 0.029867, 0.0696, 0.0, 0.0, 0.0, 0.0, 0.053507, 0.036764, 8.1e-05, 0.0, 0.0, 0.004496, 0.034261, 0.017904, 0.0, 0.001465, 0.014486, 0.030233]	4.958333	34.133334	0.000000	1127.469304	0.999972	0.007306	0.000333	[49.238964, 55.263412, 0.007103, 51.573654, 34.274345, 41.005524, 10.291941, 83.282883, 35.262566, 0.112571, 90.032257, 0.009785, 0.011216, 0.370926, 0.0, 109.807274, 47.923653, 79.574104, 2.712875, 26.920919, 0.016199, 40.293301, 38.593742, 41.403316, 34.518543, 1.843626, 0.02997, 1.00389, 10.779647, 40.535515, 49.314724, 25.091835, 3.475075, 44.852997, 133.25032, 48.901253, 88.72023, 31.50705, 2.221146, 5.541393, 7.835289, 140.739166, 44.274063, 141.196884, 0.0, 0.015359, 0.0, 0.201163, 90.125938, 46.449333, 0.341494, 0.0, 0.013191, 8.367421, 44.340797, 48.26709, 0.018682, 10.786304, 56.311897, 49.146255]
1776712159.971	2	2650	2650	2.792608e-05	2.464970	2.464970	4.390308	16.821384	3.266451	0.000000	2.392490	2.370151	2.370151			2	0.000000	hard_ce	0.000000	-0.104575	0.364482	-2.675064	3.447080	1.000000	0.000000	3.943480	0.083491	0.002772	0.000000	1.000000	0.000000	0.079334	3.523428	3.337202	0.151207	0.009004	0.965654	0.781336	0.436404	0.883719	0.422604	0.832829	43.036263	8.266935	2.000000	2.000000	0.945139	0.036281	0.130700	1.000000	0.000000	5.085191	[0.017527, 0.016334, 0.013801, 0.015347, 0.016629, 0.016028, 0.015805, 0.019751, 0.014686, 0.015665, 0.019225, 0.015079, 0.01412, 0.015412, 0.015774, 0.02263, 0.017006, 0.01857, 0.014384, 0.015385, 0.014714, 0.015177, 0.016407, 0.0175, 0.018195, 0.015365, 0.014621, 0.015542, 0.014708, 0.016071, 0.020112, 0.015034, 0.015651, 0.018107, 0.022659, 0.019879, 0.017883, 0.016008, 0.014769, 0.015259, 0.013851, 0.019352, 0.016763, 0.029548, 0.015618, 0.015311, 0.014954, 0.014995, 0.019616, 0.015243, 0.015041, 0.015702, 0.015875, 0.01655, 0.017426, 0.016632, 0.015331, 0.015338, 0.017149, 0.016888]	[0.04071, 0.000814, 0.0, 0.021464, 0.026896, 0.036051, 0.002889, 0.023132, 0.004435, 4.1e-05, 0.046611, 0.0, 0.0, 0.000203, 0.0, 0.069194, 0.013509, 0.013123, 0.001038, 0.003255, 0.0, 0.003805, 0.002706, 0.028361, 0.006836, 0.000793, 0.0, 0.000244, 0.001119, 0.020243, 0.035156, 0.01296, 0.000875, 0.031514, 0.058695, 0.030029, 0.066284, 0.001729, 0.000224, 0.002299, 0.003479, 0.116923, 0.022013, 0.070312, 0.0, 0.0, 0.0, 0.0, 0.057027, 0.036377, 0.000203, 0.0, 0.0, 0.003886, 0.033529, 0.011088, 0.0, 0.000427, 0.001078, 0.036418]	5.291667	34.133334	0.000000	1139.399920	0.999972	0.007328	0.000328	[48.40332, 54.983276, 0.0, 46.837097, 36.499493, 45.401466, 20.62891, 79.702209, 37.172821, 0.068365, 89.644592, 0.03001, 0.0, 0.699451, 0.016384, 111.302246, 49.480721, 72.740768, 4.111005, 23.108902, 0.072655, 40.502003, 35.109558, 43.232224, 38.313015, 1.374506, 0.01265, 1.279755, 9.048481, 42.343124, 46.292522, 18.416979, 2.352065, 46.673763, 135.97937, 49.109417, 92.97818, 35.84919, 2.451937, 3.592625, 9.241756, 145.928284, 42.920654, 138.526779, 0.490245, 0.0, 0.02091, 0.0, 96.117851, 45.200203, 0.933287, 0.037768, 0.00788, 9.439629, 41.470123, 47.015442, 0.049633, 10.741142, 44.803173, 49.240219]
1776712223.670	2	2700	2700	2.719781e-05	2.504462	2.504462	4.575922	16.808378	3.273643	0.000000	2.363776	2.361666	2.361666			2	0.000000	hard_ce	0.000000	-0.109791	0.359973	-2.692376	3.340599	1.000000	0.000000	3.930858	0.087344	0.002816	0.000000	1.000000	0.000000	0.078803	3.500627	3.323245	0.163140	0.008549	0.959261	0.774290	0.436750	0.882773	0.422545	0.832876	42.920182	8.264676	2.000000	2.000000	0.942361	0.040432	0.134256	1.000000	0.000000	5.072401	[0.017102, 0.016284, 0.013819, 0.015181, 0.016218, 0.015537, 0.015871, 0.019312, 0.014661, 0.015295, 0.019135, 0.015088, 0.014163, 0.015318, 0.015664, 0.022614, 0.017016, 0.018758, 0.014202, 0.015476, 0.014862, 0.015041, 0.016189, 0.01796, 0.01824, 0.015503, 0.014631, 0.015344, 0.015028, 0.016132, 0.020716, 0.015324, 0.01547, 0.016749, 0.021643, 0.02033, 0.017815, 0.015825, 0.014774, 0.015196, 0.013755, 0.018794, 0.016547, 0.033258, 0.015407, 0.015432, 0.014926, 0.01494, 0.020482, 0.015513, 0.014722, 0.015568, 0.015648, 0.016697, 0.017371, 0.016723, 0.015078, 0.015375, 0.017491, 0.01679]	[0.040568, 0.000997, 0.0, 0.017232, 0.024312, 0.032837, 0.003784, 0.034607, 0.001729, 6.1e-05, 0.046244, 0.0, 0.0, 0.000203, 0.0, 0.069336, 0.010274, 0.013204, 0.001038, 0.003703, 0.0, 0.003031, 0.002747, 0.031352, 0.013733, 0.000834, 0.0, 0.000142, 0.001119, 0.024475, 0.036479, 0.015198, 0.000916, 0.016703, 0.060323, 0.029765, 0.069234, 0.000224, 0.000122, 0.002848, 0.003194, 0.121724, 0.019328, 0.076579, 0.0, 0.0, 0.0, 0.0, 0.051839, 0.039144, 0.000163, 2e-05, 0.0, 0.004598, 0.025553, 0.015828, 0.0, 0.00057, 0.0012, 0.030884]	5.416667	34.133335	0.000000	1109.335815	0.999971	0.007441	0.000348	[46.546684, 55.057842, 0.0, 45.448864, 30.513725, 42.651951, 21.234104, 78.881721, 36.945332, 0.167129, 86.312828, 0.007208, 0.106913, 1.070172, 0.0, 105.301575, 52.571972, 80.173576, 4.664288, 25.692808, 0.05266, 40.669983, 36.03495, 45.214653, 44.219982, 1.339857, 0.025788, 0.923712, 11.891594, 44.022171, 50.912193, 25.489851, 2.140666, 44.868454, 134.362457, 41.773342, 91.492882, 31.137218, 2.077091, 7.851517, 9.979984, 146.840912, 41.873665, 141.639496, 0.016551, 0.0, 0.0, 0.0, 92.538757, 45.835892, 0.740489, 0.0, 0.0, 8.404744, 39.562141, 55.035614, 0.047579, 9.432294, 40.81723, 45.38504]
1776712288.261	2	2750	2750	2.657091e-05	2.441447	2.441447	4.750717	16.863638	3.271809	0.000000	2.345855	2.353057	2.353057			2	0.000000	hard_ce	0.000000	-0.110070	0.368059	-2.684244	3.470567	1.000000	0.000000	3.921362	0.089379	0.002805	0.000000	1.000000	0.000000	0.079281	3.522713	3.350677	0.164663	0.009082	0.967213	0.784245	0.436766	0.882791	0.423246	0.833155	43.181946	8.455989	2.000000	2.000000	0.943750	0.041412	0.137346	1.000000	0.000000	5.083942	[0.016822, 0.016292, 0.013739, 0.015432, 0.016215, 0.016056, 0.015579, 0.020252, 0.014598, 0.015358, 0.018917, 0.015023, 0.014306, 0.015374, 0.015498, 0.023124, 0.01662, 0.018489, 0.014032, 0.015074, 0.014803, 0.015058, 0.016113, 0.017381, 0.018423, 0.015413, 0.014481, 0.015378, 0.014933, 0.015946, 0.020088, 0.015494, 0.015435, 0.017528, 0.02063, 0.019606, 0.017773, 0.015853, 0.014719, 0.015175, 0.013576, 0.018971, 0.016654, 0.035303, 0.015432, 0.015258, 0.014926, 0.0148, 0.020604, 0.015438, 0.014824, 0.015545, 0.015578, 0.016639, 0.017653, 0.016596, 0.01516, 0.015349, 0.018255, 0.016409]	[0.039368, 0.002014, 0.0, 0.036967, 0.019653, 0.034668, 0.004089, 0.037801, 0.001892, 0.0, 0.039754, 0.0, 0.0, 0.000203, 0.0, 0.07017, 0.013509, 0.009542, 0.000671, 0.003723, 4.1e-05, 0.007161, 0.003092, 0.025981, 0.009094, 0.001017, 0.0, 0.000102, 0.001058, 0.004822, 0.038595, 0.020549, 0.000854, 0.018941, 0.05068, 0.02828, 0.066549, 0.001058, 0.000244, 0.002584, 0.003764, 0.11908, 0.026713, 0.079325, 0.0, 0.0, 0.0, 0.0, 0.050598, 0.038981, 0.000387, 0.0, 0.0, 0.005127, 0.030884, 0.023417, 0.0, 0.000631, 0.002808, 0.02356]	5.250000	34.133334	0.000000	1123.909157	0.999971	0.007378	0.000334	[45.42651, 61.846031, 0.0, 52.359447, 29.483318, 39.357815, 17.131445, 83.99469, 36.572777, 0.036035, 86.614563, 0.0, 0.05199, 0.773836, 0.0, 110.950989, 47.124233, 70.254662, 3.997792, 25.543915, 0.196071, 41.497761, 33.826141, 43.221951, 41.730827, 1.468276, 0.018128, 0.41613, 12.440902, 37.850616, 49.944191, 27.029755, 1.502979, 41.49427, 129.62973, 43.834579, 94.086136, 33.328209, 1.905609, 6.119425, 11.524826, 150.289719, 44.811169, 140.525528, 0.019944, 0.0, 0.0, 0.0, 97.404114, 47.218742, 0.693646, 0.059262, 0.287185, 8.409637, 41.047005, 50.38298, 0.102602, 9.90785, 47.181011, 45.073086]
1776712358.915	2	2800	2800	2.604718e-05	2.537985	2.537985	4.604951	16.967560	3.271881	0.000000	2.398561	2.388777	2.388777	2.893860	18.062891	2	0.000000	hard_ce	0.000000	-0.106258	0.385136	-2.773412	3.540586	1.000000	0.000000	3.913126	0.090727	0.002752	0.000000	1.000000	0.000000	0.079798	3.545609	3.342461	0.187186	0.008831	0.965742	0.783636	0.436882	0.882828	0.424071	0.833479	43.401846	8.940426	2.000000	2.000000	0.944444	0.039963	0.141490	1.000000	0.000000	5.043959	[0.017524, 0.016235, 0.013632, 0.015011, 0.016368, 0.015894, 0.015551, 0.021124, 0.014457, 0.015406, 0.019364, 0.014784, 0.014131, 0.015314, 0.015515, 0.023182, 0.017058, 0.018767, 0.014032, 0.015208, 0.01477, 0.014862, 0.016267, 0.016993, 0.018024, 0.015482, 0.014438, 0.015359, 0.014757, 0.015919, 0.020773, 0.015309, 0.015391, 0.017769, 0.020486, 0.019509, 0.01768, 0.01574, 0.014668, 0.015233, 0.013538, 0.019034, 0.016648, 0.034809, 0.01529, 0.015344, 0.014892, 0.014749, 0.019547, 0.01537, 0.014788, 0.015533, 0.015496, 0.016642, 0.017351, 0.016751, 0.015181, 0.015182, 0.019438, 0.016431]	[0.040548, 0.000834, 0.0, 0.021667, 0.024109, 0.029867, 0.006632, 0.053121, 0.003927, 4.1e-05, 0.044861, 0.0, 0.0, 0.000509, 0.0, 0.065837, 0.018514, 0.016459, 0.001119, 0.005758, 2e-05, 0.005514, 0.004679, 0.014791, 0.01241, 0.000916, 0.0, 0.000102, 0.001119, 0.019999, 0.036011, 0.013224, 0.001729, 0.014486, 0.055196, 0.023336, 0.060221, 0.000163, 8.1e-05, 0.003886, 0.004598, 0.114827, 0.021932, 0.087728, 0.0, 0.0, 0.0, 0.0, 0.043376, 0.036296, 0.000407, 0.0, 0.0, 0.005514, 0.026876, 0.019409, 0.0, 0.00061, 0.007426, 0.029317]	5.208333	34.133335	0.000000	1144.008484	0.999971	0.007446	0.000335	[47.896088, 53.27702, 0.0, 47.989681, 35.418552, 41.125374, 26.595219, 90.753708, 37.422756, 0.084657, 85.013649, 0.049675, 0.008477, 0.527328, 0.0, 114.455467, 48.637524, 71.039177, 3.719425, 26.899502, 0.052362, 39.593067, 37.325283, 41.11895, 40.961216, 1.597295, 0.0, 0.625953, 7.321852, 41.065895, 53.065598, 17.464315, 1.979549, 36.968689, 131.163757, 47.860104, 94.446068, 30.048687, 1.901066, 5.507726, 11.158999, 144.064392, 44.124809, 139.772995, 0.018493, 0.014427, 0.0, 0.0, 93.82357, 45.7841, 0.912099, 0.038461, 0.059414, 7.745381, 40.689163, 48.448212, 0.104274, 9.905685, 54.095028, 46.259838]
1776712422.076	2	2850	2850	2.562812e-05	2.242552	2.242552	4.720901	16.925331	3.266293	0.000000	2.326126	2.342177	2.342177			2	0.000000	hard_ce	0.000000	-0.113090	0.377340	-2.644819	3.449433	1.000000	0.000000	3.908845	0.091486	0.002908	0.000000	1.000000	0.000000	0.079714	3.541718	3.328612	0.181170	0.008581	0.960593	0.780457	0.436926	0.882990	0.424257	0.833498	43.010050	8.668304	2.000000	2.000000	0.946528	0.041304	0.141668	1.000000	0.000000	5.061148	[0.017238, 0.017105, 0.013661, 0.01506, 0.016464, 0.016148, 0.015712, 0.019817, 0.014488, 0.01553, 0.020021, 0.014769, 0.014267, 0.015337, 0.015427, 0.024022, 0.016433, 0.018523, 0.014042, 0.015105, 0.014868, 0.014876, 0.016024, 0.01736, 0.017597, 0.01538, 0.014391, 0.015335, 0.014737, 0.015713, 0.018617, 0.015122, 0.015353, 0.018472, 0.020314, 0.020161, 0.017533, 0.015379, 0.014583, 0.015848, 0.013671, 0.018869, 0.016533, 0.036396, 0.01525, 0.015223, 0.014912, 0.014697, 0.01998, 0.015252, 0.014923, 0.015449, 0.015472, 0.016367, 0.017139, 0.016824, 0.015165, 0.015023, 0.019388, 0.016635]	[0.02417, 0.017537, 0.0, 0.032064, 0.028239, 0.035889, 0.0047, 0.019267, 0.003255, 0.0, 0.047709, 0.0, 0.0, 0.000224, 0.0, 0.070028, 0.008931, 0.015361, 0.001567, 0.004537, 0.0, 0.021545, 0.00413, 0.029989, 0.004557, 0.000997, 0.0, 8.1e-05, 0.000834, 0.009603, 0.017049, 0.011759, 0.001485, 0.033061, 0.06189, 0.024862, 0.067362, 0.00059, 0.000142, 0.007874, 0.003764, 0.115112, 0.012716, 0.082255, 0.0, 0.0, 0.0, 0.0, 0.049683, 0.037069, 0.000142, 0.0, 0.0, 0.00297, 0.035299, 0.015381, 0.0, 0.000834, 0.001058, 0.03243]	5.125000	34.133335	0.000000	1110.142759	0.999973	0.007184	0.000313	[43.075375, 58.492977, 0.0, 48.046791, 35.905197, 43.141762, 22.885481, 80.315636, 37.649563, 0.007282, 94.214195, 0.021607, 0.02205, 0.657071, 0.0, 111.443359, 48.258423, 74.063393, 3.905748, 29.966221, 0.111033, 42.896179, 36.631641, 44.469402, 38.314232, 1.988072, 0.0, 1.055803, 8.970844, 40.680695, 42.406948, 19.140629, 3.255489, 44.349571, 127.078552, 46.247177, 92.454285, 30.2341, 2.211647, 7.692409, 12.381652, 146.344727, 41.754738, 133.653442, 0.144471, 0.016492, 0.0, 0.0, 95.963394, 44.248486, 0.327827, 0.121038, 0.307173, 9.732251, 42.396347, 47.904182, 0.040808, 9.441942, 52.791412, 48.168846]
1776712486.301	2	2900	2900	2.531494e-05	2.308262	2.308262	4.631038	16.882444	3.276316	0.000000	2.308472	2.316892	2.316892			2	0.000000	hard_ce	0.000000	-0.107184	0.367293	-2.638590	3.466187	1.000000	0.000000	3.924328	0.087721	0.002775	0.000000	1.000000	0.000000	0.079803	3.544580	3.322552	0.162263	0.009273	0.958959	0.787162	0.436810	0.882980	0.424004	0.833290	42.489576	8.096358	2.000000	2.000000	0.946528	0.038291	0.137152	1.000000	0.000000	5.128034	[0.016963, 0.016603, 0.013745, 0.014995, 0.016624, 0.015666, 0.01553, 0.02087, 0.014609, 0.015612, 0.019216, 0.014864, 0.014254, 0.015369, 0.015585, 0.022665, 0.016725, 0.019036, 0.014141, 0.015572, 0.014793, 0.014885, 0.016296, 0.01742, 0.017734, 0.015343, 0.014563, 0.015476, 0.014637, 0.015922, 0.017897, 0.014862, 0.015411, 0.018386, 0.021512, 0.021388, 0.017968, 0.015537, 0.014617, 0.015333, 0.013816, 0.018816, 0.016687, 0.034118, 0.01525, 0.015189, 0.014909, 0.014798, 0.020768, 0.015335, 0.015002, 0.015535, 0.015662, 0.01636, 0.017133, 0.016245, 0.015339, 0.015039, 0.018597, 0.016781]	[0.039164, 0.002462, 0.0, 0.025513, 0.031108, 0.036418, 0.003601, 0.037211, 0.007853, 0.0, 0.062419, 0.0, 0.0, 0.000244, 0.0, 0.071065, 0.009013, 0.009603, 0.000875, 0.003682, 2e-05, 0.00887, 0.01416, 0.01766, 0.004089, 0.000854, 0.0, 0.000122, 0.000346, 0.016154, 0.01414, 0.00946, 0.000936, 0.027974, 0.063985, 0.027568, 0.07192, 0.000102, 0.000102, 0.002909, 0.002991, 0.104716, 0.017131, 0.082743, 0.0, 0.0, 0.0, 0.0, 0.049276, 0.033, 0.000224, 0.0, 0.0, 0.003499, 0.035685, 0.013123, 0.0, 0.000366, 0.002421, 0.033223]	4.875000	34.133334	0.000000	1134.397349	0.999971	0.007402	0.000339	[45.657806, 59.094463, 0.0, 47.784252, 38.077698, 45.526802, 22.12534, 82.951012, 38.903637, 0.038304, 94.286469, 0.0, 0.0, 0.325622, 0.0, 111.903709, 46.963207, 70.103378, 3.155796, 28.60701, 0.016411, 41.016846, 41.246429, 41.721909, 39.499413, 1.509675, 0.0, 0.375982, 7.204704, 42.210388, 41.768055, 17.783417, 1.205208, 44.916153, 133.339355, 47.316895, 94.466293, 32.157906, 1.66271, 3.181412, 7.129986, 140.618011, 42.485764, 141.460373, 0.017759, 0.0, 0.0, 0.0, 96.495262, 45.528534, 0.535658, 0.0, 0.020481, 6.149618, 43.092278, 45.607109, 0.283392, 11.747157, 49.915459, 48.809551]
1776712548.871	2	2950	2950	2.510854e-05	2.613538	2.613538	4.671735	16.858753	3.272269	0.000000	2.340274	2.326792	2.326792			2	0.000000	hard_ce	0.000000	-0.112218	0.373332	-2.712626	3.396713	1.000000	0.000000	3.923033	0.087652	0.002756	0.000000	1.000000	0.000000	0.080949	3.596116	3.429594	0.164333	0.009357	0.996180	0.805762	0.436891	0.882992	0.425043	0.833562	43.020800	8.157404	2.000000	2.000000	0.947222	0.036529	0.138775	1.000000	0.000000	5.103767	[0.017324, 0.016855, 0.013737, 0.015157, 0.016419, 0.015655, 0.015785, 0.020282, 0.014581, 0.015516, 0.020717, 0.014913, 0.014159, 0.015285, 0.015563, 0.023288, 0.016278, 0.01947, 0.014113, 0.015267, 0.014528, 0.015053, 0.016273, 0.017787, 0.017975, 0.015437, 0.014471, 0.015393, 0.014557, 0.015833, 0.021843, 0.014878, 0.015575, 0.018183, 0.021142, 0.020333, 0.017833, 0.01596, 0.014554, 0.015246, 0.013764, 0.01901, 0.016645, 0.029895, 0.01526, 0.01519, 0.014801, 0.01475, 0.021525, 0.015197, 0.014917, 0.015674, 0.015581, 0.016413, 0.017273, 0.016397, 0.015232, 0.015141, 0.017515, 0.016603]	[0.033915, 0.007609, 0.0, 0.025574, 0.026774, 0.035889, 0.008606, 0.019897, 0.00411, 0.0, 0.034485, 0.0, 0.0, 0.000163, 0.0, 0.072184, 0.006877, 0.009827, 0.00057, 0.003459, 4.1e-05, 0.015076, 0.004476, 0.032267, 0.004618, 0.000814, 0.0, 6.1e-05, 0.000529, 0.016093, 0.036133, 0.011068, 0.001343, 0.030721, 0.056702, 0.029032, 0.072347, 0.000854, 4.1e-05, 0.002035, 0.003316, 0.113322, 0.02771, 0.069316, 0.0, 0.0, 0.0, 0.0, 0.058777, 0.036357, 0.000285, 0.0, 0.0, 0.003662, 0.035624, 0.015564, 0.0, 0.000407, 0.000977, 0.030497]	5.083333	34.133335	0.000000	1094.098569	0.999973	0.007200	0.000333	[43.729443, 59.434677, 0.0, 44.65255, 34.03933, 41.163597, 34.150921, 83.918686, 36.017574, 0.028381, 90.350739, 0.009741, 0.0, 1.370874, 0.0, 107.202202, 45.494934, 78.980179, 4.527718, 29.418819, 0.101246, 42.532887, 37.949059, 43.331448, 41.929897, 1.46874, 0.0, 0.747184, 8.879605, 42.212158, 46.91053, 16.195621, 3.743808, 41.006668, 129.04837, 41.435326, 92.789597, 31.970093, 1.843814, 7.90216, 11.719309, 145.032684, 43.556763, 134.932114, 0.065958, 0.0, 0.0, 0.0, 97.059959, 45.705822, 0.422813, 0.032075, 0.0, 10.187965, 42.071388, 53.072708, 0.311812, 9.1459, 42.91761, 45.276653]
1776712619.036	2	3000	3000	2.500950e-05	2.716119	2.716119	4.652736	16.897366	3.272848	0.000000	2.342995	2.347836	2.347836	2.882189	17.853312	2	0.000000	hard_ce	0.000000	-0.110755	0.379820	-2.776747	3.609280	1.000000	0.000000	3.919313	0.089002	0.002614	0.000000	1.000000	0.000000	0.079870	3.546570	3.361908	0.163031	0.009128	0.974937	0.793260	0.436887	0.882305	0.423023	0.832868	43.088223	8.347280	2.000000	2.000000	0.944444	0.037263	0.140741	1.000000	0.000000	5.097991	[0.017038, 0.016516, 0.013671, 0.015249, 0.016401, 0.015787, 0.015493, 0.020594, 0.014559, 0.01553, 0.020306, 0.014922, 0.014201, 0.015335, 0.015526, 0.022804, 0.016585, 0.019279, 0.013991, 0.015309, 0.014584, 0.014939, 0.016136, 0.018093, 0.018591, 0.01547, 0.014417, 0.015348, 0.014745, 0.0158, 0.020028, 0.015041, 0.015467, 0.018734, 0.022386, 0.019275, 0.017902, 0.015826, 0.014556, 0.015168, 0.013544, 0.019181, 0.016574, 0.031239, 0.015268, 0.01514, 0.014835, 0.014639, 0.020783, 0.015346, 0.014955, 0.015616, 0.01554, 0.016544, 0.017267, 0.016429, 0.015257, 0.015207, 0.018501, 0.016532]	[0.038859, 0.002686, 0.0, 0.033752, 0.026347, 0.033691, 0.006022, 0.01943, 0.004191, 2e-05, 0.041077, 0.0, 0.0, 0.000142, 0.0, 0.070353, 0.006592, 0.011332, 0.000549, 0.004069, 4.1e-05, 0.017537, 0.003296, 0.03304, 0.023865, 0.001078, 0.0, 6.1e-05, 0.000732, 0.007935, 0.026693, 0.011963, 0.001322, 0.029826, 0.059875, 0.024455, 0.072917, 0.000814, 0.000102, 0.002787, 0.003235, 0.11554, 0.020691, 0.072998, 0.0, 0.0, 0.0, 0.0, 0.058492, 0.036377, 0.000285, 0.0, 0.0, 0.005107, 0.018107, 0.021973, 0.0, 0.000895, 0.004822, 0.024028]	5.041667	34.133335	0.000000	1129.793162	0.999971	0.007400	0.000343	[45.79425, 57.78738, 0.051175, 49.647289, 34.891926, 45.071545, 23.220215, 74.897537, 36.904037, 0.0, 89.349442, 0.0, 0.016919, 0.36995, 0.0, 114.723587, 45.236107, 72.7379, 3.385406, 25.84848, 0.022809, 41.499977, 37.652206, 47.767132, 46.918526, 1.537619, 0.019808, 0.315864, 8.653959, 38.633858, 44.949718, 22.746189, 2.356543, 46.670013, 135.285767, 41.391785, 96.160065, 31.683867, 1.679965, 6.402881, 7.33151, 141.592636, 41.716751, 136.009155, 0.009459, 0.0, 0.0, 0.0, 93.633896, 46.593513, 0.809841, 0.046636, 0.04094, 6.658315, 39.919003, 48.680832, 0.338533, 11.010637, 54.128754, 47.197968]
