# run_started_at	20260423_070852
# arg	batch_size	12
# arg	bbh_task	"boolean_expressions"
# arg	bf16	0
# arg	block_size	150
# arg	bnb_4bit_compute_dtype	"float16"
# arg	bnb_4bit_quant_type	"nf4"
# arg	bnb_4bit_use_double_quant	1
# arg	dataset	"winogrande"
# arg	device	"cuda"
# arg	epochs	3
# arg	eval_dataset	"winogrande"
# arg	eval_every	200
# arg	eval_max_samples	200
# arg	eval_split	"validation"
# arg	fp16	0
# arg	grad_accum	1
# arg	gradient_checkpointing	0
# arg	init_new_router_from_legacy	1
# arg	llm_int8_threshold	6.0
# arg	load_in_4bit	0
# arg	load_in_8bit	0
# arg	load_in_fp16	0
# arg	log_every	50
# arg	lora_alpha	16
# arg	lora_dropout	0.05
# arg	lora_r	16
# arg	lora_target_modules	""
# arg	lr	8e-05
# arg	max_grad_norm	1.0
# arg	min_lr_ratio	0.1
# arg	mix_datasets	"piqa,siqa"
# arg	mmlu_answer_mode	"text"
# arg	mmlu_subjects	"all"
# arg	model_path	"/root/models/Dynamic_MoE"
# arg	num_proc	16
# arg	output_dir	"/mnt/data/models/fv1_winogrande"
# arg	router_anchor_loss_coef	0.01
# arg	router_anchor_momentum	0.99
# arg	router_aux_loss_coef	0.0
# arg	router_budget_end_ratio	1.0
# arg	router_budget_loss_coef	0.0
# arg	router_budget_start_ratio	0.5
# arg	router_budget_target_count	0.0
# arg	router_budget_tau	0.05
# arg	router_context_scale	null
# arg	router_ema_momentum	0.99
# arg	router_entmax_alpha	1.7
# arg	router_lr_mult	1.0
# arg	router_pull_loss_coef	0.0
# arg	router_pull_loss_coef_final	null
# arg	router_pull_loss_schedule_end_ratio	1.0
# arg	router_pull_loss_schedule_start_ratio	0.5
# arg	router_pull_loss_type	"soft"
# arg	router_pull_loss_type_final	""
# arg	router_pull_loss_type_switch_ratio	0.5
# arg	router_pull_temperature	1.0
# arg	router_softmax_temperature	0.8
# arg	router_top_k	2
# arg	router_top_p_final	null
# arg	router_top_p_schedule_end_ratio	1.0
# arg	router_top_p_schedule_start_ratio	0.5
# arg	router_topk	0
# arg	router_use_ema_update	1
# arg	router_use_entmax	0
# arg	router_use_softmax_temperature	1
# arg	router_z_loss_coef	0.0
# arg	save_every	200
# arg	seed	42
# arg	share_router_expert_embedding	-1
# arg	stage	2
# arg	stage1_data_ratio	0.2
# arg	stage1_distill_temperature	1.0
# arg	stage1_epochs	1
# arg	stage1_grad_accum	1
# arg	stage1_kl_coef	1.0
# arg	stage1_log_every	50
# arg	stage1_logit_coef	1.0
# arg	stage1_logit_loss_type	"huber"
# arg	stage1_lr	0.0002
# arg	stage1_max_grad_norm	1.0
# arg	stage1_teacher_path	""
# arg	stage1_use_logit_loss	1
# arg	stage2_include_validation_in_train	0
# arg	stage2_init_path	"/mnt/data/models/fv1_winogrande/ckpt_after_stage1"
# arg	stage2_validation_train_ratio	0.2
# arg	stage2_validation_train_split	"validation"
# arg	stage_split_seed	42
# arg	top_p_threshold	null
# arg	train_extra_params_in_fp32	1
# arg	train_max_samples	null
# arg	train_new_router_params	1
# arg	train_split	"train"
# arg	use_bnb_8bit	0
# arg	use_label	1
# arg	use_router_context	-1
# arg	warmup_ratio	0.03
# arg	weight_decay	0.0
# arg	winogrande_config	"winogrande_xl"
time	epoch	global_step	optim_step	lr	loss	loss_ce	loss_pairwise	loss_anchor	loss_budget	loss_ma50	loss_ema	loss_ce_ema	eval_loss	eval_ce_loss	eval_pairwise_loss	eval_pairwise_acc	eval_pairwise_margin	eval_ppl	pairwise_coef	router_top_k	router_anchor_loss_coef	train_pairwise_acc	train_pairwise_margin	train_chosen_score	train_rejected_score	router_score_mean	router_score_std	router_score_min	router_score_max	router_weight_row_sum_mean	router_weight_row_sum_abs_err	router_weight_entropy	router_weight_top1_mass	route_prob_min	route_prob_has_neg	route_prob_row_sum_mean	route_prob_row_sum_abs_err	expert_key_pairwise_cos_mean	expert_key_pairwise_cos_max	expert_anchor_pairwise_cos_mean	expert_anchor_pairwise_cos_max	token_q_norm_mean	token_q_norm_std	dispatch_avg_selected_count	dispatch_soft_selected_count	dispatch_dead_expert_ratio	dispatch_top1_top2_margin	dispatch_topk_pre_mass_mean	dispatch_topk_post_sum_mean	dispatch_topk_post_sum_abs_err	expert_token_count_cv	dispatch_soft_load	dispatch_hard_load	anchor_active_expert_count	anchor_proto_count_mean	anchor_proto_count_min	anchor_proto_count_max	anchor_key_cosine_mean	anchor_proto_counts
1776899389.852	0	50	50	2.701987e-05	0.600009	0.599977	0.000000	0.003152	0.000000	2.389052	3.091228	3.091196							0.000000	2	0.010000	0.000000	0.000000	0.000000	0.000000	-0.048231	1.368858	-4.905299	8.114135	1.000000	0.000000	1.634083	0.484317	0.000229	0.000000	1.000000	0.000000	-0.053163	0.168895	-0.049455	0.213466	6.031244	1.368856	2.000000	2.000000	0.018229	0.335156	0.633479	1.000000	0.000000	1.052182	[0.091232, 0.060638, 0.063646, 0.080693, 0.067627, 0.043128, 0.071674, 0.063161, 0.053245, 0.069524, 0.060649, 0.048061, 0.070652, 0.044258, 0.048185, 0.063627]	[0.109306, 0.05463, 0.062662, 0.081829, 0.090231, 0.032106, 0.083565, 0.066574, 0.041713, 0.07206, 0.061667, 0.036389, 0.078773, 0.034537, 0.038241, 0.055718]	16.000000	224.999999	15.661567	1118.548088	0.996848	[393.039154, 195.747223, 241.720581, 285.669891, 300.185181, 131.171082, 299.882263, 225.756775, 168.579681, 240.166306, 220.458008, 126.629379, 257.877319, 129.470261, 171.532623, 212.114349]
1776899441.462	0	100	100	5.350993e-05	0.415119	0.415087	0.000000	0.003162	0.000000	0.370087	1.358327	1.358295							0.000000	2	0.010000	0.000000	0.000000	0.000000	0.000000	-0.044131	1.368213	-5.088727	8.006191	1.000000	0.000000	1.602392	0.499156	0.000227	0.000000	1.000000	0.000000	-0.053159	0.169159	-0.049455	0.213466	6.001154	1.392893	2.000000	2.000000	0.028646	0.354249	0.644064	1.000000	0.000000	1.169086	[0.104464, 0.062024, 0.057825, 0.079772, 0.072118, 0.040827, 0.078964, 0.059003, 0.050616, 0.061727, 0.056069, 0.046078, 0.069082, 0.043499, 0.050321, 0.067611]	[0.133218, 0.054005, 0.047963, 0.07544, 0.099005, 0.026782, 0.097338, 0.063935, 0.037153, 0.059977, 0.057731, 0.031597, 0.074468, 0.031111, 0.04463, 0.065648]	16.000000	224.999999	17.094156	1125.373395	0.996838	[405.562836, 227.274033, 199.422394, 311.364807, 289.747559, 123.6436, 303.19281, 236.521851, 169.689545, 234.564133, 203.845566, 128.421326, 247.512451, 129.138794, 155.166504, 234.931931]
1776899495.882	0	150	150	8.000000e-05	0.349354	0.349322	0.000000	0.003189	0.000000	0.384908	0.743456	0.743424							0.000000	2	0.010000	0.000000	0.000000	0.000000	0.000000	-0.040774	1.385323	-4.816360	8.358575	1.000000	0.000000	1.579655	0.505113	0.000208	0.000000	1.000000	0.000000	-0.053150	0.170540	-0.049455	0.213466	5.987820	1.411667	2.000000	2.000000	0.023438	0.362292	0.647933	1.000000	0.000000	1.087299	[0.101258, 0.054217, 0.057965, 0.084521, 0.066263, 0.044487, 0.069331, 0.063478, 0.049622, 0.067912, 0.052126, 0.046192, 0.072735, 0.050698, 0.049884, 0.06931]	[0.127917, 0.043704, 0.051088, 0.083542, 0.085972, 0.030301, 0.084931, 0.06831, 0.043403, 0.074421, 0.045926, 0.031551, 0.080301, 0.041852, 0.040718, 0.066065]	16.000000	225.000001	11.978413	1134.176788	0.996811	[436.68866, 191.793686, 187.822327, 319.027222, 290.924286, 103.382874, 286.035645, 224.553696, 177.324707, 269.474731, 187.469849, 115.506638, 268.975891, 153.155396, 147.460342, 240.404083]
1776899555.301	0	200	200	7.998222e-05	0.341278	0.341246	0.000000	0.003217	0.000000	0.394004	0.516608	0.516576	0.338892	0.338892	0.000000	0.000000	0.000000	1.403391	0.000000	2	0.010000	0.000000	0.000000	0.000000	0.000000	-0.043910	1.385171	-4.954763	8.316659	1.000000	0.000000	1.588958	0.500771	0.000228	0.000000	1.000000	0.000000	-0.053137	0.171204	-0.049455	0.213466	5.877773	1.305486	2.000000	2.000000	0.033854	0.354522	0.647019	1.000000	0.000000	1.172563	[0.093168, 0.050001, 0.050164, 0.081243, 0.069206, 0.040685, 0.074142, 0.054304, 0.063266, 0.077089, 0.067329, 0.047672, 0.077658, 0.047653, 0.04481, 0.061612]	[0.116458, 0.040856, 0.03838, 0.077662, 0.096968, 0.02537, 0.085324, 0.055949, 0.058588, 0.089861, 0.066944, 0.035486, 0.084144, 0.036366, 0.031204, 0.06044]	16.000000	224.999999	11.060092	1162.725801	0.996783	[416.222626, 175.591919, 146.650055, 280.541321, 312.674286, 106.210892, 292.528076, 195.243286, 204.800507, 285.540436, 256.35556, 133.755646, 293.349701, 137.783554, 130.976868, 231.775436]
1776899607.233	0	250	250	7.992745e-05	0.336137	0.336104	0.000000	0.003259	0.000000	0.362585	0.419977	0.419945							0.000000	2	0.010000	0.000000	0.000000	0.000000	0.000000	-0.045899	1.408601	-5.127187	8.413334	1.000000	0.000000	1.545068	0.518830	0.000197	0.000000	1.000000	0.000000	-0.053135	0.171883	-0.049455	0.213466	5.887658	1.310513	2.000000	2.000000	0.026042	0.378119	0.659541	1.000000	0.000000	1.194447	[0.090427, 0.049238, 0.057342, 0.077861, 0.070368, 0.055535, 0.069647, 0.049531, 0.070214, 0.055953, 0.069345, 0.05261, 0.070425, 0.049812, 0.049715, 0.061979]	[0.107222, 0.035926, 0.055833, 0.070185, 0.093681, 0.071481, 0.062269, 0.040556, 0.066759, 0.049421, 0.076505, 0.049282, 0.081435, 0.041736, 0.044144, 0.053565]	15.958333	225.000000	11.713347	1136.903056	0.996741	[325.621338, 167.368927, 177.221649, 250.95874, 307.368286, 231.086639, 234.120407, 156.558762, 257.268921, 205.203583, 268.783783, 202.243439, 280.77887, 145.440887, 165.489243, 224.486725]
1776899661.137	0	300	300	7.983572e-05	0.435196	0.435163	0.000000	0.003277	0.000000	0.362783	0.386868	0.386835							0.000000	2	0.010000	0.000000	0.000000	0.000000	0.000000	-0.050366	1.436502	-5.015809	8.844165	1.000000	0.000000	1.557436	0.511312	0.000199	0.000000	1.000000	0.000000	-0.053123	0.171960	-0.049455	0.213466	5.945218	1.265134	2.000000	2.000000	0.036458	0.368221	0.654404	1.000000	0.000000	1.159447	[0.094112, 0.051276, 0.054801, 0.080333, 0.067314, 0.064214, 0.067644, 0.057527, 0.066121, 0.05445, 0.059231, 0.066652, 0.064282, 0.041903, 0.051509, 0.05863]	[0.112269, 0.045139, 0.049699, 0.083565, 0.094653, 0.074907, 0.059051, 0.053449, 0.062708, 0.048148, 0.053704, 0.068171, 0.063287, 0.029028, 0.046065, 0.056157]	16.000000	225.000000	13.727255	1070.467214	0.996723	[397.293427, 171.9888, 189.702087, 295.456665, 299.955444, 212.279114, 230.679367, 188.441086, 234.43042, 176.970734, 212.245285, 191.56012, 228.554977, 138.964233, 165.099731, 266.378632]
1776899716.523	0	350	350	7.970715e-05	0.303280	0.303247	0.000000	0.003298	0.000000	0.344979	0.360198	0.360165							0.000000	2	0.010000	0.000000	0.000000	0.000000	0.000000	-0.051595	1.448818	-5.059593	8.905813	1.000000	0.000000	1.499749	0.533949	0.000217	0.000000	1.000000	0.000000	-0.053113	0.172406	-0.049455	0.213466	5.952445	1.269885	2.000000	2.000000	0.018229	0.392925	0.674972	1.000000	0.000000	1.143640	[0.100153, 0.052628, 0.046648, 0.073604, 0.05979, 0.067404, 0.083123, 0.06502, 0.0658, 0.050574, 0.047756, 0.071882, 0.063891, 0.040344, 0.051379, 0.060005]	[0.119398, 0.042153, 0.041019, 0.077894, 0.090764, 0.062454, 0.076921, 0.066319, 0.063102, 0.044028, 0.035486, 0.073935, 0.06706, 0.030579, 0.040903, 0.067986]	16.000000	224.999999	11.884682	1141.393277	0.996702	[415.958099, 193.927719, 167.868164, 249.220551, 287.365204, 222.950287, 298.578857, 214.221527, 230.930054, 147.63446, 152.961655, 238.499741, 236.586487, 115.26857, 166.159271, 261.869446]
1776899776.484	0	400	400	7.954185e-05	0.236393	0.236360	0.000000	0.003319	0.000000	0.352262	0.355847	0.355814	0.347447	0.347447	0.000000	0.000000	0.000000	1.415449	0.000000	2	0.010000	0.000000	0.000000	0.000000	0.000000	-0.041454	1.451712	-5.056908	8.941147	1.000000	0.000000	1.435046	0.563368	0.000248	0.000000	1.000000	0.000000	-0.053109	0.172219	-0.049455	0.213466	5.817272	1.464118	2.000000	2.000000	0.036458	0.432943	0.693792	1.000000	0.000000	1.232636	[0.102743, 0.060011, 0.061087, 0.065299, 0.058212, 0.058096, 0.075798, 0.055222, 0.060173, 0.044529, 0.057729, 0.059989, 0.06491, 0.04586, 0.052883, 0.077461]	[0.115, 0.070787, 0.058565, 0.066111, 0.091875, 0.047014, 0.069028, 0.049977, 0.054699, 0.037523, 0.063495, 0.050069, 0.064491, 0.037801, 0.054444, 0.06912]	15.958333	224.999999	9.770597	1395.852613	0.996681	[392.959961, 236.868698, 193.747849, 242.24585, 288.226166, 226.793152, 257.13208, 221.123032, 193.71994, 132.850891, 215.021729, 187.268921, 253.985657, 126.95089, 162.377014, 268.728271]
1776899831.048	0	450	450	7.934000e-05	0.313419	0.313385	0.000000	0.003331	0.000000	0.343681	0.347642	0.347609							0.000000	2	0.010000	0.000000	0.000000	0.000000	0.000000	-0.037521	1.492000	-5.156767	8.727648	1.000000	0.000000	1.411397	0.568049	0.000225	0.000000	1.000000	0.000000	-0.053092	0.172687	-0.049455	0.213466	5.909183	1.231887	2.000000	2.000000	0.036458	0.435912	0.700187	1.000000	0.000000	1.351847	[0.111545, 0.054086, 0.054993, 0.063094, 0.055457, 0.060786, 0.080604, 0.053197, 0.065765, 0.049113, 0.060594, 0.047498, 0.07587, 0.039632, 0.049596, 0.07817]	[0.12206, 0.051042, 0.048519, 0.065486, 0.080949, 0.066875, 0.077106, 0.056019, 0.059051, 0.042546, 0.062153, 0.036042, 0.082824, 0.030208, 0.042986, 0.076134]	16.000000	225.000003	9.495191	1435.771729	0.996669	[412.043945, 213.487122, 172.213898, 226.192963, 250.396851, 236.814301, 293.249512, 205.373581, 213.107224, 161.604034, 228.977417, 138.719345, 272.984009, 117.151634, 170.351959, 287.332367]
1776899886.217	0	500	500	7.910180e-05	0.269603	0.269569	0.000000	0.003351	0.000000	0.346831	0.347686	0.347652							0.000000	2	0.010000	0.000000	0.000000	0.000000	0.000000	-0.033139	1.493613	-5.118632	9.216446	1.000000	0.000000	1.404025	0.568182	0.000231	0.000000	1.000000	0.000000	-0.053085	0.173014	-0.049455	0.213466	5.877622	1.296825	2.000000	2.000000	0.036458	0.432594	0.703770	1.000000	0.000000	1.348850	[0.119792, 0.057782, 0.056839, 0.062974, 0.05231, 0.064959, 0.074426, 0.049574, 0.061484, 0.056727, 0.058173, 0.046096, 0.073826, 0.042294, 0.04913, 0.073615]	[0.134745, 0.052917, 0.056181, 0.06206, 0.070648, 0.073796, 0.068264, 0.047269, 0.053403, 0.051366, 0.064745, 0.034444, 0.077963, 0.034005, 0.044653, 0.073542]	16.000000	224.999999	7.543487	1495.837504	0.996649	[460.019623, 234.086182, 190.47435, 224.652557, 249.398911, 256.037598, 270.818207, 193.669113, 194.892151, 185.224411, 212.71347, 107.502747, 284.047485, 104.46373, 165.879303, 266.1203]
1776899942.303	0	550	550	7.882751e-05	0.384933	0.384900	0.000000	0.003364	0.000000	0.354404	0.348490	0.348457							0.000000	2	0.010000	0.000000	0.000000	0.000000	0.000000	-0.039929	1.491653	-5.152001	9.537997	1.000000	0.000000	1.421402	0.562307	0.000181	0.000000	1.000000	0.000000	-0.053079	0.173654	-0.049455	0.213466	5.897144	1.150117	2.000000	2.000000	0.046875	0.428724	0.695890	1.000000	0.000000	1.372059	[0.116406, 0.055977, 0.050759, 0.062921, 0.052124, 0.056866, 0.092251, 0.055063, 0.064588, 0.051763, 0.054957, 0.050656, 0.069586, 0.041403, 0.049556, 0.075125]	[0.12419, 0.048588, 0.050926, 0.06412, 0.050532, 0.062014, 0.092546, 0.051852, 0.059722, 0.041991, 0.059884, 0.038102, 0.070833, 0.060324, 0.044745, 0.07963]	16.000000	225.000001	8.011073	1486.892733	0.996636	[439.958252, 216.276367, 175.48613, 212.167084, 218.679474, 235.693634, 338.795532, 190.086472, 204.669556, 163.41272, 217.686218, 124.190735, 259.966675, 176.55246, 164.32016, 262.058563]
1776900002.740	0	600	600	7.851740e-05	0.317664	0.317630	0.000000	0.003377	0.000000	0.330960	0.336832	0.336798	0.331238	0.331238	0.000000	0.000000	0.000000	1.392692	0.000000	2	0.010000	0.000000	0.000000	0.000000	0.000000	-0.036729	1.478821	-4.912256	9.242597	1.000000	0.000000	1.465722	0.548088	0.000228	0.000000	1.000000	0.000000	-0.053065	0.174152	-0.049455	0.213466	5.857448	1.076963	2.000000	2.000000	0.041667	0.415314	0.680862	1.000000	0.000000	1.418196	[0.108149, 0.052494, 0.052664, 0.064781, 0.048536, 0.065484, 0.097951, 0.050358, 0.065068, 0.04604, 0.059387, 0.046658, 0.077557, 0.038867, 0.056547, 0.069461]	[0.111134, 0.038819, 0.05581, 0.074676, 0.041458, 0.076157, 0.098056, 0.036019, 0.058704, 0.038009, 0.07669, 0.028542, 0.08956, 0.048449, 0.055509, 0.072407]	16.000000	224.999999	6.809940	1527.838142	0.996623	[413.067383, 178.24527, 179.055771, 241.1138, 210.056793, 260.743195, 333.370483, 161.175568, 204.384369, 172.268005, 223.242599, 144.966049, 291.389709, 161.060501, 193.105637, 232.754929]
1776900058.488	0	650	650	7.817179e-05	0.326411	0.326377	0.000000	0.003397	0.000000	0.327507	0.329236	0.329202							0.000000	2	0.010000	0.000000	0.000000	0.000000	0.000000	-0.031738	1.541169	-5.019126	9.702057	1.000000	0.000000	1.401941	0.570711	0.000051	0.000000	1.000000	0.000000	-0.053060	0.174928	-0.049455	0.213466	5.900623	1.099050	2.000000	2.000000	0.057292	0.439307	0.702114	1.000000	0.000000	1.501116	[0.111522, 0.054408, 0.04885, 0.057602, 0.050614, 0.068834, 0.106407, 0.044276, 0.059824, 0.049424, 0.053484, 0.046523, 0.081878, 0.041562, 0.049782, 0.075008]	[0.115856, 0.043194, 0.049074, 0.059444, 0.051343, 0.078889, 0.110972, 0.031852, 0.050741, 0.041204, 0.064699, 0.027361, 0.089838, 0.05662, 0.049074, 0.079838]	15.958333	225.000002	8.121329	1576.296595	0.996603	[407.336609, 185.197052, 179.714081, 218.216431, 227.561935, 271.728119, 373.029755, 153.746429, 187.841248, 181.070526, 206.680237, 115.02951, 306.477142, 167.774216, 162.882645, 255.714233]
1776900114.692	0	700	700	7.779104e-05	0.379212	0.379178	0.000000	0.003419	0.000000	0.332519	0.333651	0.333617							0.000000	2	0.010000	0.000000	0.000000	0.000000	0.000000	-0.031741	1.487688	-5.140261	9.311532	1.000000	0.000000	1.446093	0.552424	0.000181	0.000000	1.000000	0.000000	-0.053035	0.175203	-0.049455	0.213466	5.732792	1.145459	2.000000	2.000000	0.052083	0.417451	0.687396	1.000000	0.000000	1.378213	[0.118847, 0.053932, 0.049508, 0.05955, 0.056638, 0.063997, 0.104579, 0.049691, 0.056074, 0.048759, 0.051581, 0.048236, 0.075911, 0.041533, 0.052355, 0.068808]	[0.128426, 0.052037, 0.040139, 0.063681, 0.066204, 0.066806, 0.107847, 0.044769, 0.051551, 0.046991, 0.050671, 0.034583, 0.077685, 0.055972, 0.046273, 0.066366]	15.958333	225.000001	8.495102	1532.657036	0.996581	[440.33728, 188.981384, 154.257446, 196.18811, 250.721558, 255.115631, 413.46286, 191.363815, 180.056946, 171.863937, 202.719818, 118.667107, 261.073181, 168.935974, 174.327606, 231.92749]
1776900169.884	0	750	750	7.737554e-05	0.349482	0.349448	0.000000	0.003438	0.000000	0.321081	0.327128	0.327094							0.000000	2	0.010000	0.000000	0.000000	0.000000	0.000000	-0.038200	1.471734	-5.180208	9.325304	1.000000	0.000000	1.436543	0.557874	0.000187	0.000000	1.000000	0.000000	-0.053034	0.175528	-0.049455	0.213466	5.732517	1.187838	2.000000	2.000000	0.049479	0.421621	0.694126	1.000000	0.000000	1.335859	[0.108644, 0.054398, 0.05081, 0.069828, 0.0647, 0.060279, 0.098504, 0.05537, 0.053145, 0.049722, 0.051206, 0.049613, 0.067165, 0.039634, 0.054439, 0.072543]	[0.124421, 0.067222, 0.040718, 0.075116, 0.084491, 0.049005, 0.099838, 0.050787, 0.048588, 0.045231, 0.043704, 0.034954, 0.066829, 0.049051, 0.051065, 0.068981]	15.916667	224.999999	9.244278	1558.172925	0.996562	[451.545044, 204.965195, 129.820358, 250.726654, 310.922638, 231.611389, 384.946136, 202.869308, 184.692932, 163.213806, 172.277252, 128.016479, 220.526657, 158.416107, 177.865326, 227.584778]
1776900229.854	0	800	800	7.692572e-05	0.335324	0.335290	0.000000	0.003452	0.000000	0.325730	0.325585	0.325551	0.317828	0.317828	0.000000	0.000000	0.000000	1.374140	0.000000	2	0.010000	0.000000	0.000000	0.000000	0.000000	-0.039249	1.510143	-5.241514	9.405507	1.000000	0.000000	1.404847	0.569103	0.000132	0.000000	1.000000	0.000000	-0.053018	0.176096	-0.049455	0.213466	5.746159	1.138358	2.000000	2.000000	0.054688	0.437167	0.701040	1.000000	0.000000	1.371868	[0.112194, 0.052833, 0.048866, 0.064016, 0.069373, 0.064316, 0.104693, 0.051765, 0.052327, 0.046505, 0.05334, 0.050454, 0.067001, 0.040642, 0.053781, 0.067896]	[0.122917, 0.059398, 0.039514, 0.069792, 0.085463, 0.065417, 0.10412, 0.039352, 0.04287, 0.03625, 0.053449, 0.039815, 0.066273, 0.058935, 0.050926, 0.065509]	15.958333	225.000001	7.492733	1556.874794	0.996548	[449.512268, 191.265045, 153.363739, 238.865814, 308.672241, 240.945114, 359.266357, 168.923538, 178.68692, 132.097595, 199.991058, 155.718567, 226.538483, 171.123764, 187.85051, 237.179077]
1776900284.938	0	850	850	7.644203e-05	0.401940	0.401905	0.000000	0.003466	0.000000	0.324775	0.327807	0.327773							0.000000	2	0.010000	0.000000	0.000000	0.000000	0.000000	-0.047002	1.514750	-5.099556	9.132663	1.000000	0.000000	1.424729	0.557522	0.000169	0.000000	1.000000	0.000000	-0.053009	0.176210	-0.049455	0.213466	5.766333	1.107293	2.000000	2.000000	0.065104	0.414442	0.700601	1.000000	0.000000	1.363971	[0.098021, 0.048567, 0.055085, 0.063353, 0.050956, 0.062907, 0.101704, 0.052422, 0.062855, 0.043353, 0.058643, 0.056332, 0.071651, 0.035761, 0.056794, 0.081597]	[0.121111, 0.049838, 0.045, 0.063194, 0.060023, 0.067153, 0.102917, 0.044329, 0.056921, 0.030255, 0.057014, 0.046991, 0.069977, 0.047176, 0.052963, 0.085139]	15.958333	225.000001	7.007772	1441.882093	0.996534	[424.129578, 176.432037, 157.437897, 247.088135, 239.250854, 267.830658, 358.250366, 172.577072, 205.510406, 123.487595, 193.905365, 172.104248, 255.736359, 155.851196, 178.196533, 272.211792]
1776900340.111	0	900	900	7.592498e-05	0.298960	0.298925	0.000000	0.003471	0.000000	0.323935	0.325314	0.325279							0.000000	2	0.010000	0.000000	0.000000	0.000000	0.000000	-0.051421	1.523578	-5.206999	9.413224	1.000000	0.000000	1.387780	0.570360	0.000150	0.000000	1.000000	0.000000	-0.052994	0.176257	-0.049455	0.213466	5.815245	1.090209	2.000000	2.000000	0.059896	0.426319	0.714402	1.000000	0.000000	1.409770	[0.095741, 0.049009, 0.043249, 0.070374, 0.065495, 0.062496, 0.109259, 0.042456, 0.063363, 0.042513, 0.062963, 0.053559, 0.066774, 0.041874, 0.060595, 0.070281]	[0.121921, 0.048495, 0.02875, 0.070185, 0.096759, 0.065694, 0.108796, 0.029282, 0.057106, 0.030417, 0.066181, 0.042894, 0.072315, 0.03375, 0.057894, 0.06956]	15.958333	225.000003	6.973604	1387.340658	0.996529	[396.67514, 193.41301, 119.202072, 259.220459, 293.126862, 247.695358, 373.338959, 153.176086, 216.156708, 126.44928, 209.124634, 152.643326, 242.176025, 163.233765, 224.010101, 230.358276]
1776900394.676	0	950	950	7.537510e-05	0.297519	0.297484	0.000000	0.003487	0.000000	0.320860	0.321279	0.321244							0.000000	2	0.010000	0.000000	0.000000	0.000000	0.000000	-0.060247	1.581721	-5.378210	9.329133	1.000000	0.000000	1.316304	0.597235	0.000113	0.000000	1.000000	0.000000	-0.052974	0.176131	-0.049455	0.213466	5.923953	1.155870	2.000000	2.000000	0.059896	0.461899	0.732570	1.000000	0.000000	1.428752	[0.104794, 0.062139, 0.039134, 0.069618, 0.064717, 0.074889, 0.100736, 0.051867, 0.055991, 0.054436, 0.046508, 0.078147, 0.049326, 0.041269, 0.058122, 0.048309]	[0.127894, 0.066644, 0.024213, 0.08169, 0.074074, 0.07294, 0.095833, 0.038588, 0.050764, 0.043542, 0.034907, 0.080185, 0.050046, 0.061227, 0.062801, 0.034653]	15.916667	224.999999	8.031338	1653.399961	0.996513	[430.495697, 234.800812, 99.592735, 281.342773, 306.773376, 250.664124, 412.190491, 115.895164, 192.474457, 145.453552, 160.910767, 252.361481, 203.033173, 175.31778, 197.568039, 141.125839]
1776900455.529	0	1000	1000	7.479295e-05	0.284789	0.284754	0.000000	0.003502	0.000000	0.319645	0.317892	0.317857	0.291851	0.291851	0.000000	0.000000	0.000000	1.338903	0.000000	2	0.010000	0.000000	0.000000	0.000000	0.000000	-0.050841	1.525403	-5.239145	9.441751	1.000000	0.000000	1.399596	0.568815	0.000256	0.000000	1.000000	0.000000	-0.052955	0.176213	-0.049455	0.213466	5.737122	1.167516	2.000000	2.000000	0.046875	0.431530	0.706100	1.000000	0.000000	1.318109	[0.106568, 0.065057, 0.041353, 0.061811, 0.07308, 0.069818, 0.098506, 0.054539, 0.060455, 0.045247, 0.051727, 0.056182, 0.051818, 0.038409, 0.056882, 0.068547]	[0.11463, 0.084861, 0.026157, 0.062431, 0.101968, 0.065718, 0.093241, 0.053056, 0.053704, 0.043079, 0.043403, 0.047037, 0.05206, 0.038588, 0.059537, 0.060532]	15.875000	225.000001	8.977393	1401.264910	0.996498	[400.597839, 253.026169, 106.194603, 258.194214, 347.458008, 308.541046, 307.926178, 184.346985, 211.43425, 156.876633, 141.739059, 222.049561, 170.404556, 124.248795, 216.690918, 190.27124]
1776900511.813	0	1050	1050	7.417914e-05	0.354917	0.354882	0.000000	0.003507	0.000000	0.316107	0.315415	0.315380							0.000000	2	0.010000	0.000000	0.000000	0.000000	0.000000	-0.058759	1.560506	-5.456708	9.847820	1.000000	0.000000	1.347751	0.586825	0.000241	0.000000	1.000000	0.000000	-0.052944	0.176501	-0.049455	0.213466	5.781960	1.149349	2.000000	2.000000	0.059896	0.453638	0.720012	1.000000	0.000000	1.319119	[0.101195, 0.059328, 0.037371, 0.061266, 0.072918, 0.074578, 0.089913, 0.057524, 0.060912, 0.050186, 0.046318, 0.085092, 0.051147, 0.037602, 0.061631, 0.053018]	[0.124606, 0.060023, 0.023449, 0.073356, 0.095278, 0.081968, 0.074606, 0.04706, 0.056204, 0.041366, 0.033889, 0.090764, 0.049028, 0.043542, 0.065046, 0.039815]	15.958333	225.000005	9.488776	1445.687274	0.996493	[401.094788, 220.653061, 104.927856, 256.319214, 293.570679, 330.049561, 296.828278, 173.407715, 217.23349, 154.317307, 150.211319, 288.089264, 181.518372, 139.555725, 226.448898, 165.774597]
1776900567.747	0	1100	1100	7.353429e-05	0.263284	0.263249	0.000000	0.003512	0.000000	0.309616	0.313074	0.313039							0.000000	2	0.010000	0.000000	0.000000	0.000000	0.000000	-0.056041	1.573591	-5.503459	10.111784	1.000000	0.000000	1.381460	0.573465	0.000172	0.000000	1.000000	0.000000	-0.052938	0.176497	-0.049455	0.213466	5.791362	1.104610	2.000000	2.000000	0.052083	0.435003	0.711926	1.000000	0.000000	1.381342	[0.088114, 0.062692, 0.041135, 0.059141, 0.063833, 0.086022, 0.085886, 0.064992, 0.055481, 0.048607, 0.057416, 0.080678, 0.054085, 0.041477, 0.056467, 0.053973]	[0.094398, 0.057106, 0.026667, 0.081296, 0.071528, 0.115116, 0.075509, 0.054282, 0.045278, 0.040509, 0.0475, 0.092454, 0.047477, 0.040046, 0.06338, 0.047454]	15.958333	224.999999	6.973271	1398.623024	0.996488	[331.963409, 219.593079, 120.48037, 258.646088, 228.135406, 372.704407, 313.712372, 201.64006, 188.352219, 140.747635, 174.12561, 306.40863, 182.507385, 160.096436, 208.39035, 192.496674]
1776900624.745	0	1150	1150	7.285906e-05	0.315924	0.315888	0.000000	0.003527	0.000000	0.312194	0.311449	0.311414							0.000000	2	0.010000	0.000000	0.000000	0.000000	0.000000	-0.052424	1.549675	-5.398754	9.860710	1.000000	0.000000	1.423965	0.556439	0.000174	0.000000	1.000000	0.000000	-0.052930	0.176106	-0.049455	0.213466	5.673969	1.118483	2.000000	2.000000	0.067708	0.412059	0.700818	1.000000	0.000000	1.356292	[0.08404, 0.060555, 0.050625, 0.058171, 0.053011, 0.091535, 0.092874, 0.061816, 0.061329, 0.055642, 0.052195, 0.072281, 0.057223, 0.040919, 0.0477, 0.060083]	[0.081435, 0.055556, 0.038889, 0.062292, 0.047176, 0.131065, 0.106551, 0.05838, 0.051412, 0.055694, 0.040648, 0.076644, 0.055764, 0.029468, 0.045046, 0.063981]	15.958333	225.000000	6.822578	1324.689117	0.996473	[332.779846, 198.214447, 159.397217, 239.437424, 198.222412, 407.670227, 357.899353, 175.36174, 191.256653, 188.564972, 149.170898, 264.651123, 201.471054, 149.564468, 151.403488, 234.934845]
1776900686.967	0	1200	1200	7.215416e-05	0.310089	0.310053	0.000000	0.003538	0.000000	0.313512	0.316030	0.315995	0.309789	0.309789	0.000000	0.000000	0.000000	1.363138	0.000000	2	0.010000	0.000000	0.000000	0.000000	0.000000	-0.053787	1.555482	-5.334025	9.908003	1.000000	0.000000	1.377935	0.573416	0.000216	0.000000	1.000000	0.000000	-0.052926	0.176252	-0.049455	0.213466	5.642889	1.113526	2.000000	2.000000	0.062500	0.431806	0.715027	1.000000	0.000000	1.412123	[0.089309, 0.061213, 0.050042, 0.052353, 0.050179, 0.083793, 0.10021, 0.057969, 0.055381, 0.052011, 0.053489, 0.082392, 0.050814, 0.038162, 0.050177, 0.072504]	[0.102338, 0.05875, 0.042685, 0.052176, 0.048565, 0.105463, 0.11919, 0.045579, 0.045394, 0.046481, 0.038588, 0.088935, 0.045671, 0.039769, 0.04669, 0.073727]	15.875000	224.999999	6.180473	1383.787041	0.996462	[340.044495, 221.099792, 148.083466, 236.485352, 179.440155, 375.616669, 388.923523, 164.076721, 175.221161, 170.342102, 146.44696, 307.830566, 176.11615, 147.801086, 167.481857, 254.990082]
1776900742.606	0	1250	1250	7.142030e-05	0.289152	0.289116	0.000000	0.003552	0.000000	0.318279	0.318518	0.318483							0.000000	2	0.010000	0.000000	0.000000	0.000000	0.000000	-0.047477	1.602830	-5.681035	9.921881	1.000000	0.000000	1.312995	0.593608	0.000198	0.000000	1.000000	0.000000	-0.052928	0.176477	-0.049455	0.213466	5.792142	1.127100	2.000000	2.000000	0.062500	0.454887	0.732329	1.000000	0.000000	1.392178	[0.107784, 0.062561, 0.039832, 0.049235, 0.047286, 0.0812, 0.10935, 0.042546, 0.062702, 0.040037, 0.05471, 0.072388, 0.05902, 0.047766, 0.054771, 0.068813]	[0.126481, 0.061944, 0.029051, 0.066759, 0.040579, 0.088495, 0.106829, 0.028796, 0.053333, 0.030231, 0.043449, 0.074398, 0.059815, 0.066782, 0.04875, 0.074306]	15.958333	225.000000	6.631006	1496.827960	0.996448	[421.742035, 181.612427, 117.603325, 207.058716, 183.372543, 325.404022, 409.807861, 120.861008, 181.444336, 123.331741, 174.364594, 269.89679, 214.773193, 219.474762, 186.820175, 262.432587]
1776900798.507	0	1300	1300	7.065824e-05	0.372091	0.372056	0.000000	0.003556	0.000000	0.320114	0.321252	0.321217							0.000000	2	0.010000	0.000000	0.000000	0.000000	0.000000	-0.044023	1.562348	-5.232716	10.146118	1.000000	0.000000	1.377620	0.575204	0.000150	0.000000	1.000000	0.000000	-0.052920	0.175762	-0.049455	0.213466	5.707511	1.115575	2.000000	2.000000	0.067708	0.437758	0.712650	1.000000	0.000000	1.388521	[0.108402, 0.06663, 0.043133, 0.05542, 0.052979, 0.072691, 0.112082, 0.046622, 0.054592, 0.043391, 0.05836, 0.054032, 0.053126, 0.045736, 0.060749, 0.072056]	[0.122269, 0.070278, 0.034306, 0.059051, 0.050903, 0.075278, 0.13831, 0.034352, 0.044699, 0.037315, 0.05287, 0.038056, 0.049977, 0.059329, 0.060694, 0.072315]	15.875000	225.000002	7.338559	1428.367030	0.996444	[425.671478, 228.180038, 124.37056, 219.431549, 192.704269, 291.678284, 443.15976, 154.848633, 180.088043, 134.078674, 181.91153, 192.099487, 177.724884, 185.569702, 209.315369, 259.167725]
1776900853.491	0	1350	1350	6.986877e-05	0.278933	0.278897	0.000000	0.003558	0.000000	0.312964	0.316345	0.316309							0.000000	2	0.010000	0.000000	0.000000	0.000000	0.000000	-0.039120	1.602571	-5.498354	9.974927	1.000000	0.000000	1.378199	0.573819	0.000125	0.000000	1.000000	0.000000	-0.052909	0.176910	-0.049455	0.213466	5.885767	1.060595	2.000000	2.000000	0.054688	0.435220	0.712419	1.000000	0.000000	1.386946	[0.114638, 0.064827, 0.047308, 0.059464, 0.057505, 0.060679, 0.100982, 0.05311, 0.059085, 0.039169, 0.054753, 0.052257, 0.051647, 0.042518, 0.060412, 0.081645]	[0.119375, 0.068681, 0.043148, 0.053426, 0.057685, 0.073403, 0.104977, 0.08338, 0.050856, 0.031574, 0.051065, 0.036782, 0.048472, 0.033264, 0.059583, 0.084329]	15.833333	224.999997	10.285988	1452.410611	0.996442	[416.827332, 217.012329, 161.691986, 211.513474, 187.690353, 212.325668, 385.997009, 246.584641, 222.312622, 121.379379, 200.992676, 183.89592, 164.26062, 165.113678, 196.643616, 305.758728]
1776900913.481	0	1400	1400	6.905269e-05	0.366435	0.366399	0.000000	0.003564	0.000000	0.308803	0.312386	0.312351	0.301840	0.301840	0.000000	0.000000	0.000000	1.352345	0.000000	2	0.010000	0.000000	0.000000	0.000000	0.000000	-0.043360	1.597987	-5.376641	10.511242	1.000000	0.000000	1.368733	0.573415	0.000186	0.000000	1.000000	0.000000	-0.052907	0.176926	-0.049455	0.213466	5.792925	1.049642	2.000000	2.000000	0.088542	0.432296	0.714533	1.000000	0.000000	1.428304	[0.115508, 0.054198, 0.041421, 0.056957, 0.047282, 0.06731, 0.101361, 0.040157, 0.056117, 0.038486, 0.058401, 0.069462, 0.057847, 0.055446, 0.072893, 0.067155]	[0.12125, 0.053148, 0.033634, 0.063194, 0.040625, 0.087639, 0.11625, 0.021435, 0.048148, 0.028773, 0.052894, 0.062778, 0.058866, 0.074884, 0.071204, 0.065278]	15.916667	224.999998	6.630422	1443.986837	0.996436	[426.176117, 175.199265, 146.508057, 240.929871, 143.102753, 271.41095, 370.824554, 119.840347, 169.722656, 125.93071, 177.434509, 268.962891, 211.564316, 248.074402, 237.467072, 266.851654]
1776900969.466	0	1450	1450	6.821085e-05	0.392345	0.392309	0.000000	0.003576	0.000000	0.312260	0.313041	0.313005							0.000000	2	0.010000	0.000000	0.000000	0.000000	0.000000	-0.047848	1.591192	-5.356731	10.116665	1.000000	0.000000	1.349128	0.580562	0.000215	0.000000	1.000000	0.000000	-0.052909	0.176392	-0.049455	0.213466	5.699806	1.095520	2.000000	2.000000	0.075521	0.440195	0.720928	1.000000	0.000000	1.412370	[0.111574, 0.055719, 0.050854, 0.058298, 0.046387, 0.070979, 0.095355, 0.044635, 0.065377, 0.057404, 0.044353, 0.063647, 0.050275, 0.049205, 0.058746, 0.077193]	[0.116574, 0.047361, 0.055093, 0.06875, 0.04669, 0.069375, 0.103264, 0.032477, 0.060486, 0.050972, 0.034329, 0.052477, 0.049977, 0.06625, 0.052407, 0.093519]	15.916667	224.999998	5.434294	1462.017405	0.996424	[428.608398, 186.799316, 148.198792, 242.212158, 183.639008, 292.819336, 376.62851, 127.970642, 203.697678, 152.317657, 147.510468, 205.745407, 188.002487, 201.718307, 211.510223, 302.621704]
1776901024.655	0	1500	1500	6.734412e-05	0.324972	0.324936	0.000000	0.003586	0.000000	0.302758	0.309234	0.309198							0.000000	2	0.010000	0.000000	0.000000	0.000000	0.000000	-0.042122	1.646406	-5.706324	9.872195	1.000000	0.000000	1.309371	0.597261	0.000234	0.000000	1.000000	0.000000	-0.052899	0.175354	-0.049455	0.213466	5.952689	1.018429	2.000000	2.000000	0.080729	0.464424	0.730098	1.000000	0.000000	1.423905	[0.124546, 0.049145, 0.045931, 0.054435, 0.052778, 0.063605, 0.097683, 0.040599, 0.066033, 0.046375, 0.056767, 0.051473, 0.052833, 0.049237, 0.05841, 0.09015]	[0.128333, 0.04037, 0.044861, 0.051435, 0.055463, 0.068681, 0.104653, 0.039259, 0.068727, 0.03588, 0.053056, 0.040301, 0.054514, 0.063056, 0.055208, 0.096204]	15.916667	224.999999	6.238826	1576.690358	0.996414	[431.836121, 142.225754, 186.782654, 220.464844, 167.76738, 226.713959, 346.242065, 163.683441, 244.537704, 166.45607, 187.054916, 176.055908, 175.164108, 197.988571, 207.797516, 359.229065]
1776901079.762	0	1550	1550	6.645337e-05	0.291815	0.291778	0.000000	0.003603	0.000000	0.309384	0.309952	0.309916							0.000000	2	0.010000	0.000000	0.000000	0.000000	0.000000	-0.043330	1.647742	-5.794270	10.138192	1.000000	0.000000	1.304636	0.603607	0.000212	0.000000	1.000000	0.000000	-0.052886	0.176115	-0.049455	0.213466	6.003774	0.984562	2.000000	2.000000	0.096354	0.473010	0.734204	1.000000	0.000000	1.526392	[0.126318, 0.044996, 0.054886, 0.062476, 0.042612, 0.051315, 0.099353, 0.042851, 0.060941, 0.05374, 0.064877, 0.040643, 0.047779, 0.046395, 0.058771, 0.102047]	[0.137593, 0.03581, 0.056366, 0.079097, 0.028611, 0.053657, 0.101435, 0.030926, 0.057616, 0.073519, 0.064861, 0.023519, 0.043333, 0.035301, 0.05956, 0.118796]	15.875000	224.999998	3.799474	1826.226817	0.996397	[463.438782, 156.753098, 175.21373, 252.612595, 127.550034, 190.025925, 352.853943, 186.734924, 214.203369, 225.887314, 219.354095, 115.082367, 150.663452, 137.824432, 221.88559, 409.916443]
1776901141.159	0	1600	1600	6.553953e-05	0.303037	0.303001	0.000000	0.003609	0.000000	0.304677	0.310213	0.310177	0.291002	0.291002	0.000000	0.000000	0.000000	1.337767	0.000000	2	0.010000	0.000000	0.000000	0.000000	0.000000	-0.045667	1.648231	-5.613999	9.934925	1.000000	0.000000	1.258019	0.615614	0.000195	0.000000	1.000000	0.000000	-0.052877	0.175881	-0.049455	0.213466	5.929367	1.018017	2.000000	2.000000	0.096354	0.483772	0.747457	1.000000	0.000000	1.492214	[0.126764, 0.0538, 0.040444, 0.057723, 0.048875, 0.056428, 0.106267, 0.040515, 0.073385, 0.052277, 0.055209, 0.046721, 0.048755, 0.054785, 0.05893, 0.079121]	[0.131204, 0.057083, 0.033426, 0.074097, 0.042662, 0.064792, 0.119236, 0.048495, 0.078148, 0.041134, 0.05213, 0.028634, 0.050741, 0.045995, 0.054282, 0.07794]	15.875000	225.000000	4.565147	1652.437238	0.996391	[483.67865, 206.44725, 136.373749, 254.749069, 177.110275, 208.312347, 390.621399, 158.506363, 249.599594, 202.589325, 174.721237, 142.007004, 154.292969, 185.255066, 196.549973, 279.185883]
1776901196.709	0	1650	1650	6.460354e-05	0.258885	0.258849	0.000000	0.003610	0.000000	0.304740	0.309372	0.309336							0.000000	2	0.010000	0.000000	0.000000	0.000000	0.000000	-0.047139	1.668497	-5.718210	10.103097	1.000000	0.000000	1.253406	0.621870	0.000162	0.000000	1.000000	0.000000	-0.052869	0.176073	-0.049455	0.213466	5.828576	0.958028	2.000000	2.000000	0.111979	0.496876	0.746864	1.000000	0.000000	1.553688	[0.121872, 0.054656, 0.04509, 0.059427, 0.039037, 0.048006, 0.106664, 0.038519, 0.086284, 0.057542, 0.068215, 0.03557, 0.047328, 0.052167, 0.054247, 0.085375]	[0.135417, 0.050301, 0.043819, 0.078727, 0.025185, 0.055463, 0.104144, 0.029375, 0.104375, 0.073542, 0.064167, 0.019977, 0.041134, 0.041435, 0.050023, 0.082917]	15.958333	225.000003	4.812003	1784.158956	0.996390	[451.578583, 189.364685, 154.640167, 254.269882, 107.773186, 203.481903, 386.905457, 111.331177, 324.619202, 238.948654, 233.587616, 82.473442, 149.795166, 215.752121, 185.52359, 309.955292]
1776901256.492	1	1700	1700	6.364636e-05	0.294505	0.294469	0.000000	0.003624	0.000000	0.289857	0.294958	0.294922							0.000000	2	0.010000	0.000000	0.000000	0.000000	0.000000	-0.053458	1.684631	-5.587568	10.402655	1.000000	0.000000	1.229633	0.627047	0.000180	0.000000	1.000000	0.000000	-0.052864	0.176648	-0.049455	0.213466	5.880687	0.996966	2.000000	2.000000	0.098958	0.500039	0.754055	1.000000	0.000000	1.489802	[0.112244, 0.060407, 0.049234, 0.060029, 0.03841, 0.047908, 0.097939, 0.046026, 0.093174, 0.062785, 0.063831, 0.038642, 0.044131, 0.047404, 0.053105, 0.084732]	[0.123218, 0.054792, 0.048449, 0.08662, 0.023981, 0.042824, 0.097176, 0.037616, 0.10456, 0.08375, 0.065579, 0.023565, 0.038634, 0.034213, 0.047847, 0.087176]	15.916667	225.000001	3.847626	1689.734154	0.996376	[423.586731, 208.402145, 165.191299, 284.93689, 107.449699, 192.638641, 347.123627, 155.49736, 340.768372, 261.614197, 221.222717, 105.714256, 138.373199, 179.580139, 164.175064, 303.725769]
1776901312.835	1	1750	1750	6.266898e-05	0.338447	0.338410	0.000000	0.003621	0.000000	0.288189	0.288519	0.288482							0.000000	2	0.010000	0.000000	0.000000	0.000000	0.000000	-0.046766	1.682173	-5.799714	10.477574	1.000000	0.000000	1.251949	0.620613	0.000174	0.000000	1.000000	0.000000	-0.052855	0.177005	-0.049455	0.213466	5.985612	1.035220	2.000000	2.000000	0.088542	0.493050	0.748175	1.000000	0.000000	1.487718	[0.12402, 0.062065, 0.049131, 0.051537, 0.045098, 0.047851, 0.0931, 0.045153, 0.084972, 0.052627, 0.072905, 0.037438, 0.045997, 0.047858, 0.04889, 0.091358]	[0.127014, 0.055185, 0.044213, 0.074931, 0.029931, 0.051528, 0.085463, 0.042755, 0.096181, 0.074282, 0.067662, 0.022569, 0.046412, 0.036343, 0.043657, 0.101875]	15.916667	225.000004	4.735335	1709.115926	0.996379	[427.296326, 227.037354, 186.10025, 225.565109, 126.435295, 198.537766, 325.606689, 154.30896, 303.968231, 236.831635, 242.643906, 98.876831, 154.567841, 178.975876, 159.845825, 353.402191]
1776901375.883	1	1800	1800	6.167240e-05	0.328817	0.328781	0.000000	0.003626	0.000000	0.283315	0.285231	0.285195	0.284086	0.284086	0.000000	0.000000	0.000000	1.328547	0.000000	2	0.010000	0.000000	0.000000	0.000000	0.000000	-0.056297	1.691084	-5.621159	10.554311	1.000000	0.000000	1.261742	0.608169	0.000215	0.000000	1.000000	0.000000	-0.052846	0.177682	-0.049455	0.213466	6.029668	1.013379	2.000000	2.000000	0.093750	0.473919	0.742418	1.000000	0.000000	1.474579	[0.116806, 0.059296, 0.052593, 0.053865, 0.045543, 0.051058, 0.092566, 0.050033, 0.101664, 0.054415, 0.070762, 0.040243, 0.040941, 0.04317, 0.052486, 0.074559]	[0.119074, 0.061481, 0.046644, 0.066157, 0.03162, 0.054583, 0.093056, 0.052847, 0.114282, 0.074954, 0.068565, 0.020463, 0.034699, 0.0325, 0.047894, 0.081181]	15.958333	225.000001	4.737817	1513.099744	0.996374	[412.63916, 211.324951, 185.108978, 232.150085, 151.917908, 183.288635, 346.675598, 212.758057, 355.127625, 232.198517, 237.839111, 116.557678, 144.335846, 153.030792, 150.677643, 274.369568]
1776901431.833	1	1850	1850	6.065765e-05	0.392639	0.392603	0.000000	0.003626	0.000000	0.286607	0.286202	0.286166							0.000000	2	0.010000	0.000000	0.000000	0.000000	0.000000	-0.058748	1.713739	-5.858381	10.406841	1.000000	0.000000	1.262346	0.604939	0.000202	0.000000	1.000000	0.000000	-0.052839	0.177875	-0.049455	0.213466	6.116304	1.054142	2.000000	2.000000	0.078125	0.465320	0.744558	1.000000	0.000000	1.437041	[0.117285, 0.059636, 0.058253, 0.049316, 0.051199, 0.053498, 0.090084, 0.048561, 0.091889, 0.055443, 0.065196, 0.045287, 0.042244, 0.044986, 0.050737, 0.076387]	[0.118542, 0.06419, 0.05537, 0.053611, 0.042454, 0.055347, 0.090787, 0.067755, 0.101157, 0.049653, 0.067269, 0.029282, 0.03912, 0.038634, 0.04456, 0.082269]	15.833333	224.999997	5.602645	1528.826108	0.996374	[399.321747, 185.87207, 233.884979, 225.956146, 172.019135, 193.015472, 354.228516, 230.573044, 345.330139, 195.289185, 241.663254, 115.705124, 142.161758, 142.361603, 147.27533, 275.34259]
1776901486.824	1	1900	1900	5.962576e-05	0.244667	0.244631	0.000000	0.003631	0.000000	0.288156	0.287150	0.287114							0.000000	2	0.010000	0.000000	0.000000	0.000000	0.000000	-0.048655	1.653101	-5.666268	10.477404	1.000000	0.000000	1.281148	0.602215	0.000197	0.000000	1.000000	0.000000	-0.052835	0.178259	-0.049455	0.213466	5.849596	1.103699	2.000000	2.000000	0.059896	0.469611	0.734819	1.000000	0.000000	1.360168	[0.121665, 0.070787, 0.043993, 0.054134, 0.060305, 0.061703, 0.097473, 0.045254, 0.071279, 0.064626, 0.05607, 0.053832, 0.043958, 0.046308, 0.049287, 0.059326]	[0.124282, 0.076065, 0.039583, 0.065972, 0.0625, 0.058866, 0.103495, 0.039028, 0.07544, 0.05713, 0.050972, 0.038912, 0.038843, 0.066759, 0.046088, 0.056065]	15.958333	225.000001	6.361804	1545.873403	0.996369	[425.611389, 278.64624, 149.686066, 227.166367, 217.366394, 226.140228, 385.755493, 162.335999, 257.000732, 231.789764, 179.414276, 166.528564, 147.297867, 198.387253, 160.374207, 186.499268]
1776901544.665	1	1950	1950	5.857780e-05	0.253708	0.253672	0.000000	0.003634	0.000000	0.291555	0.287563	0.287527							0.000000	2	0.010000	0.000000	0.000000	0.000000	0.000000	-0.053517	1.719679	-5.851964	10.694728	1.000000	0.000000	1.209808	0.626621	0.000152	0.000000	1.000000	0.000000	-0.052825	0.178522	-0.049455	0.213466	6.061262	1.096206	2.000000	2.000000	0.070312	0.501213	0.752029	1.000000	0.000000	1.404362	[0.126033, 0.067328, 0.043655, 0.04931, 0.060649, 0.061562, 0.098247, 0.04542, 0.074432, 0.069356, 0.055591, 0.05874, 0.043493, 0.043939, 0.053137, 0.049107]	[0.127639, 0.070185, 0.041065, 0.062477, 0.064282, 0.070694, 0.102199, 0.045231, 0.075856, 0.062222, 0.050926, 0.049583, 0.03831, 0.058171, 0.048148, 0.033009]	15.875000	225.000002	7.297568	1535.023435	0.996366	[423.296844, 246.933441, 142.046738, 220.232819, 210.914734, 263.634888, 401.328064, 166.311279, 246.825607, 239.209106, 175.286865, 192.477936, 139.657028, 187.326401, 163.347427, 181.170898]
1776901607.451	1	2000	2000	5.751485e-05	0.306712	0.306675	0.000000	0.003631	0.000000	0.286922	0.289447	0.289411	0.298176	0.298176	0.000000	0.000000	0.000000	1.347399	0.000000	2	0.010000	0.000000	0.000000	0.000000	0.000000	-0.048356	1.680573	-5.906255	10.547633	1.000000	0.000000	1.279428	0.604238	0.000143	0.000000	1.000000	0.000000	-0.052816	0.179059	-0.049455	0.213466	5.937848	1.090069	2.000000	2.000000	0.067708	0.477941	0.730535	1.000000	0.000000	1.301976	[0.121974, 0.057501, 0.035725, 0.053094, 0.063575, 0.061669, 0.095233, 0.052291, 0.082307, 0.065107, 0.055151, 0.059004, 0.049924, 0.043573, 0.051023, 0.052851]	[0.127222, 0.05412, 0.029537, 0.055995, 0.069051, 0.066759, 0.099745, 0.065486, 0.088912, 0.056296, 0.050231, 0.054005, 0.048449, 0.034352, 0.051551, 0.048287]	15.958333	224.999999	9.084358	1314.437790	0.996369	[430.06601, 196.699524, 118.94207, 212.212692, 253.635498, 210.051331, 384.939331, 211.479233, 289.00293, 216.273056, 167.443756, 191.222198, 163.767044, 140.331909, 174.270691, 239.662766]
1776901663.166	1	2050	2050	5.643801e-05	0.270168	0.270132	0.000000	0.003642	0.000000	0.296725	0.290539	0.290503							0.000000	2	0.010000	0.000000	0.000000	0.000000	0.000000	-0.048200	1.665779	-5.769736	10.892598	1.000000	0.000000	1.268000	0.609807	0.000213	0.000000	1.000000	0.000000	-0.052814	0.179391	-0.049455	0.213466	5.901358	1.048695	2.000000	2.000000	0.057292	0.475657	0.743957	1.000000	0.000000	1.416667	[0.108073, 0.061116, 0.034714, 0.050592, 0.062524, 0.065994, 0.09587, 0.052462, 0.076338, 0.067696, 0.044353, 0.073451, 0.054559, 0.044249, 0.051001, 0.057007]	[0.119329, 0.053356, 0.029977, 0.038634, 0.061806, 0.061528, 0.110856, 0.065764, 0.079907, 0.059745, 0.032708, 0.079259, 0.055995, 0.036829, 0.050602, 0.063704]	15.958333	225.000000	7.146407	1476.851240	0.996359	[403.659424, 180.084656, 108.565903, 202.527802, 252.955246, 226.319305, 390.995087, 193.500702, 316.099213, 224.65509, 123.891472, 227.103455, 197.528839, 142.884842, 177.382904, 231.846115]
1776901722.329	1	2100	2100	5.534837e-05	0.239740	0.239704	0.000000	0.003643	0.000000	0.265825	0.274575	0.274539							0.000000	2	0.010000	0.000000	0.000000	0.000000	0.000000	-0.053189	1.690573	-5.630459	10.219444	1.000000	0.000000	1.252633	0.609536	0.000238	0.000000	1.000000	0.000000	-0.052816	0.180467	-0.049455	0.213466	5.847962	1.048070	2.000000	2.000000	0.085938	0.475918	0.743154	1.000000	0.000000	1.441741	[0.100853, 0.066671, 0.031991, 0.058609, 0.057734, 0.080893, 0.101252, 0.058627, 0.075375, 0.063826, 0.045334, 0.057134, 0.053269, 0.045395, 0.053827, 0.049211]	[0.107801, 0.059259, 0.022245, 0.071435, 0.084907, 0.07831, 0.11588, 0.049977, 0.076597, 0.054051, 0.033403, 0.050995, 0.053079, 0.044028, 0.052986, 0.045046]	15.791667	225.000001	6.888240	1486.031509	0.996357	[369.778748, 205.24028, 90.147659, 232.393112, 297.959076, 283.92334, 379.919769, 197.424072, 247.485153, 228.704559, 120.045364, 230.929565, 175.340515, 155.813461, 191.919769, 192.975632]
1776901778.155	1	2150	2150	5.424706e-05	0.298847	0.298810	0.000000	0.003646	0.000000	0.288519	0.282399	0.282363							0.000000	2	0.010000	0.000000	0.000000	0.000000	0.000000	-0.056630	1.758320	-6.062603	10.669167	1.000000	0.000000	1.180458	0.633769	0.000255	0.000000	1.000000	0.000000	-0.052807	0.180386	-0.049455	0.213466	6.003537	1.058431	2.000000	2.000000	0.080729	0.502789	0.764750	1.000000	0.000000	1.456048	[0.112309, 0.06207, 0.032978, 0.05201, 0.062244, 0.084821, 0.097635, 0.054028, 0.078945, 0.067428, 0.043874, 0.061523, 0.04907, 0.039546, 0.052069, 0.049449]	[0.117824, 0.057708, 0.02287, 0.064537, 0.093912, 0.084838, 0.10294, 0.042222, 0.081273, 0.060463, 0.034329, 0.055602, 0.044583, 0.032361, 0.055995, 0.048542]	15.833333	225.000000	5.929731	1534.445216	0.996354	[414.991882, 189.4776, 94.203354, 236.767365, 289.03595, 288.155365, 368.088715, 163.272095, 329.818176, 209.129211, 134.998169, 207.248154, 168.842743, 146.673737, 192.6492, 166.648376]
1776901841.806	1	2200	2200	5.313521e-05	0.306718	0.306682	0.000000	0.003646	0.000000	0.288994	0.286661	0.286624	0.302779	0.302779	0.000000	0.000000	0.000000	1.353615	0.000000	2	0.010000	0.000000	0.000000	0.000000	0.000000	-0.059047	1.719237	-5.980337	10.750207	1.000000	0.000000	1.213524	0.623192	0.000279	0.000000	1.000000	0.000000	-0.052797	0.180868	-0.049455	0.213466	5.956752	1.078852	2.000000	2.000000	0.078125	0.492732	0.753653	1.000000	0.000000	1.420531	[0.114687, 0.066497, 0.035441, 0.053129, 0.057604, 0.078252, 0.096367, 0.047836, 0.078013, 0.064513, 0.043886, 0.06454, 0.057976, 0.039961, 0.052592, 0.048706]	[0.122662, 0.061944, 0.027361, 0.062708, 0.080625, 0.06956, 0.105, 0.037269, 0.085463, 0.057153, 0.030231, 0.062847, 0.058542, 0.032454, 0.054931, 0.05125]	15.958333	225.000000	6.698289	1516.675308	0.996354	[434.826996, 253.433563, 95.607086, 238.50029, 296.996399, 300.099609, 363.359497, 158.492905, 249.033447, 203.381287, 126.036942, 189.848679, 193.332916, 131.691528, 185.105743, 180.25322]
1776901898.075	1	2250	2250	5.201397e-05	0.290515	0.290478	0.000000	0.003659	0.000000	0.280398	0.283698	0.283662							0.000000	2	0.010000	0.000000	0.000000	0.000000	0.000000	-0.056314	1.737010	-5.979063	10.772867	1.000000	0.000000	1.200255	0.629085	0.000229	0.000000	1.000000	0.000000	-0.052795	0.180808	-0.049455	0.213466	5.921717	1.049142	2.000000	2.000000	0.091146	0.498562	0.759608	1.000000	0.000000	1.483263	[0.116204, 0.073114, 0.030754, 0.053353, 0.06251, 0.085423, 0.097526, 0.049521, 0.073407, 0.066469, 0.044921, 0.050292, 0.048139, 0.044729, 0.055501, 0.048138]	[0.126968, 0.06875, 0.016389, 0.063588, 0.092685, 0.079051, 0.113981, 0.037083, 0.07294, 0.057917, 0.032894, 0.042662, 0.048241, 0.038241, 0.060648, 0.047963]	15.875000	225.000001	6.310986	1577.903442	0.996341	[406.803955, 241.901901, 87.743301, 227.034409, 303.454193, 309.947174, 356.56662, 155.042572, 255.440948, 243.466461, 135.249161, 194.008774, 158.407074, 156.084839, 199.464813, 169.383881]
1776901953.797	1	2300	2300	5.088449e-05	0.196269	0.196233	0.000000	0.003661	0.000000	0.274358	0.276740	0.276703							0.000000	2	0.010000	0.000000	0.000000	0.000000	0.000000	-0.057586	1.723197	-5.846222	11.029155	1.000000	0.000000	1.210627	0.623500	0.000239	0.000000	1.000000	0.000000	-0.052791	0.180726	-0.049455	0.213466	5.943392	1.053897	2.000000	2.000000	0.083333	0.491544	0.755456	1.000000	0.000000	1.422219	[0.106561, 0.068141, 0.033812, 0.054616, 0.057565, 0.090331, 0.097006, 0.050844, 0.069067, 0.068517, 0.048453, 0.055802, 0.048629, 0.045695, 0.056985, 0.047974]	[0.115069, 0.063958, 0.019954, 0.062778, 0.079375, 0.094815, 0.110532, 0.038542, 0.066551, 0.061551, 0.045208, 0.04412, 0.04956, 0.047986, 0.059444, 0.040556]	15.916667	224.999998	6.417528	1535.607297	0.996339	[390.062439, 246.321289, 78.84613, 241.954803, 251.290894, 309.876129, 366.927246, 160.202271, 243.041321, 238.404694, 173.78009, 176.313751, 164.141449, 205.556396, 200.608856, 152.672302]
1776902009.082	1	2350	2350	4.974792e-05	0.204423	0.204386	0.000000	0.003666	0.000000	0.278937	0.275850	0.275813							0.000000	2	0.010000	0.000000	0.000000	0.000000	0.000000	-0.060336	1.738432	-5.877759	10.879013	1.000000	0.000000	1.191122	0.630277	0.000182	0.000000	1.000000	0.000000	-0.052789	0.181302	-0.049455	0.213466	5.920825	1.053104	2.000000	2.000000	0.088542	0.493265	0.767288	1.000000	0.000000	1.494594	[0.09831, 0.059951, 0.035433, 0.057626, 0.066043, 0.09524, 0.094839, 0.05059, 0.066722, 0.067824, 0.055901, 0.058695, 0.040698, 0.045608, 0.060346, 0.046171]	[0.110116, 0.059699, 0.025093, 0.073218, 0.068241, 0.094537, 0.096551, 0.039931, 0.065556, 0.059861, 0.055556, 0.05125, 0.035556, 0.068171, 0.059028, 0.037639]	15.916667	224.999997	5.206466	1517.480019	0.996334	[381.351044, 198.176208, 89.857803, 260.767578, 275.572632, 349.53476, 377.915283, 128.842834, 222.473297, 211.517365, 215.702515, 162.659363, 140.071686, 218.139923, 215.481735, 151.935959]
1776902071.165	1	2400	2400	4.860545e-05	0.321145	0.321108	0.000000	0.003660	0.000000	0.289930	0.285619	0.285583	0.308646	0.308646	0.000000	0.000000	0.000000	1.361581	0.000000	2	0.010000	0.000000	0.000000	0.000000	0.000000	-0.061819	1.768690	-5.865251	11.047228	1.000000	0.000000	1.160956	0.639702	0.000130	0.000000	1.000000	0.000000	-0.052787	0.181075	-0.049455	0.213466	6.008040	1.015466	2.000000	2.000000	0.083333	0.505785	0.773620	1.000000	0.000000	1.479367	[0.091813, 0.067451, 0.03265, 0.051254, 0.064854, 0.092159, 0.096603, 0.057177, 0.067046, 0.066013, 0.051591, 0.060336, 0.042523, 0.051518, 0.059975, 0.047038]	[0.088426, 0.066319, 0.022361, 0.078819, 0.066412, 0.092639, 0.097847, 0.049861, 0.064769, 0.058681, 0.045069, 0.053912, 0.044329, 0.075718, 0.055532, 0.039306]	15.791667	225.000001	5.384643	1590.930608	0.996340	[337.791779, 227.622543, 87.371765, 252.762817, 278.768036, 302.604248, 356.802124, 179.405487, 236.56218, 205.595444, 201.185974, 214.44931, 140.245041, 219.740753, 197.25351, 161.839142]
1776902126.656	1	2450	2450	4.745824e-05	0.193616	0.193580	0.000000	0.003662	0.000000	0.289008	0.287547	0.287510							0.000000	2	0.010000	0.000000	0.000000	0.000000	0.000000	-0.062146	1.757928	-5.754768	10.652289	1.000000	0.000000	1.157610	0.637702	0.000148	0.000000	1.000000	0.000000	-0.052779	0.181095	-0.049455	0.213466	5.985851	1.014478	2.000000	2.000000	0.088542	0.500119	0.775285	1.000000	0.000000	1.467155	[0.099707, 0.076821, 0.035468, 0.056037, 0.066909, 0.083251, 0.090783, 0.059287, 0.06916, 0.060946, 0.048078, 0.063384, 0.039072, 0.047026, 0.051328, 0.052743]	[0.093704, 0.083935, 0.025741, 0.077569, 0.0675, 0.082523, 0.097986, 0.050486, 0.069514, 0.054792, 0.036898, 0.06375, 0.036991, 0.067894, 0.046921, 0.043796]	15.916667	225.000002	4.850641	1626.962158	0.996338	[372.055756, 283.236603, 84.451714, 264.476807, 324.346954, 297.739929, 380.963348, 162.120712, 230.562561, 175.122467, 175.810898, 193.846725, 126.642387, 211.475677, 170.263916, 146.883698]
1776902182.606	1	2500	2500	4.630747e-05	0.291451	0.291415	0.000000	0.003664	0.000000	0.275253	0.279184	0.279148							0.000000	2	0.010000	0.000000	0.000000	0.000000	0.000000	-0.060939	1.719936	-5.793473	11.192571	1.000000	0.000000	1.195122	0.632091	0.000142	0.000000	1.000000	0.000000	-0.052777	0.180607	-0.049455	0.213466	5.889460	1.046528	2.000000	2.000000	0.067708	0.498041	0.766142	1.000000	0.000000	1.474859	[0.103939, 0.082382, 0.034218, 0.059733, 0.068347, 0.076515, 0.093813, 0.056396, 0.066816, 0.062277, 0.047269, 0.054172, 0.04179, 0.052438, 0.053106, 0.046791]	[0.106782, 0.085069, 0.022245, 0.075926, 0.072593, 0.07213, 0.112083, 0.047685, 0.067037, 0.054792, 0.035301, 0.05294, 0.037639, 0.078981, 0.048264, 0.030532]	15.875000	224.999999	5.211754	1549.118970	0.996336	[396.962494, 290.386475, 79.394318, 270.310577, 330.700134, 269.495209, 387.912567, 163.076416, 218.820068, 176.730652, 165.85376, 173.418518, 122.677429, 230.462036, 173.83403, 149.965393]
1776902239.791	1	2550	2550	4.515433e-05	0.220580	0.220543	0.000000	0.003663	0.000000	0.283111	0.282016	0.281980							0.000000	2	0.010000	0.000000	0.000000	0.000000	0.000000	-0.058287	1.757729	-6.071685	10.781957	1.000000	0.000000	1.179124	0.635408	0.000137	0.000000	1.000000	0.000000	-0.052774	0.180466	-0.049455	0.213466	5.948247	1.036699	2.000000	2.000000	0.080729	0.503006	0.767809	1.000000	0.000000	1.440630	[0.101332, 0.075469, 0.034744, 0.064035, 0.066286, 0.076316, 0.083098, 0.067821, 0.081096, 0.066791, 0.049734, 0.050717, 0.033838, 0.049308, 0.051462, 0.047954]	[0.113125, 0.071806, 0.021713, 0.088495, 0.074653, 0.065556, 0.086157, 0.060417, 0.087037, 0.058796, 0.050509, 0.044769, 0.028194, 0.070023, 0.048611, 0.030139]	15.875000	225.000000	5.697363	1561.536306	0.996337	[391.152832, 265.827209, 83.38031, 272.213013, 265.900146, 260.756744, 366.257996, 172.759399, 277.938324, 196.05571, 197.480713, 168.829193, 126.225647, 235.80162, 171.641479, 147.779694]
1776902303.278	1	2600	2600	4.400000e-05	0.314388	0.314351	0.000000	0.003670	0.000000	0.284836	0.281966	0.281929	0.300752	0.300752	0.000000	0.000000	0.000000	1.350874	0.000000	2	0.010000	0.000000	0.000000	0.000000	0.000000	-0.053146	1.749794	-6.317059	10.883322	1.000000	0.000000	1.191651	0.632731	0.000145	0.000000	1.000000	0.000000	-0.052768	0.180709	-0.049455	0.213466	5.943614	1.053718	2.000000	2.000000	0.093750	0.504911	0.760551	1.000000	0.000000	1.425360	[0.109477, 0.075568, 0.037378, 0.06406, 0.072399, 0.079535, 0.093961, 0.058588, 0.078051, 0.053027, 0.054383, 0.048135, 0.036843, 0.04721, 0.047387, 0.043998]	[0.11919, 0.078102, 0.024444, 0.085278, 0.081528, 0.074954, 0.097963, 0.051111, 0.081088, 0.044676, 0.048935, 0.042361, 0.030856, 0.067153, 0.044792, 0.027569]	15.916667	225.000000	6.413586	1528.924245	0.996330	[439.846039, 257.393311, 89.668518, 298.130585, 288.664429, 327.506195, 358.438293, 161.578781, 278.321533, 147.981689, 211.531479, 143.988068, 115.065208, 203.566467, 162.269943, 116.049492]
1776902358.781	1	2650	2650	4.284567e-05	0.257505	0.257468	0.000000	0.003677	0.000000	0.293325	0.287253	0.287216							0.000000	2	0.010000	0.000000	0.000000	0.000000	0.000000	-0.055031	1.723641	-5.942784	10.582092	1.000000	0.000000	1.191955	0.636660	0.000142	0.000000	1.000000	0.000000	-0.052764	0.181097	-0.049455	0.213466	5.824629	1.065563	2.000000	2.000000	0.083333	0.511658	0.761662	1.000000	0.000000	1.484651	[0.111605, 0.076097, 0.038757, 0.068219, 0.076333, 0.075187, 0.099112, 0.056885, 0.080361, 0.046207, 0.055241, 0.049531, 0.034395, 0.044898, 0.046409, 0.040763]	[0.121644, 0.07706, 0.027361, 0.094838, 0.081389, 0.067477, 0.103889, 0.049745, 0.086782, 0.036921, 0.046944, 0.043519, 0.027454, 0.063704, 0.044815, 0.026458]	15.875000	224.999999	5.210054	1604.722560	0.996323	[402.511597, 301.238342, 105.985779, 307.545471, 283.513947, 320.917511, 352.583954, 198.693726, 269.148071, 165.071274, 162.747604, 170.126373, 106.471001, 190.048798, 152.266113, 111.130478]
1776902414.033	1	2700	2700	4.169253e-05	0.393374	0.393337	0.000000	0.003681	0.000000	0.289577	0.290044	0.290007							0.000000	2	0.010000	0.000000	0.000000	0.000000	0.000000	-0.051814	1.687696	-6.182766	10.737059	1.000000	0.000000	1.265122	0.616037	0.000156	0.000000	1.000000	0.000000	-0.052760	0.181349	-0.049455	0.213466	5.679772	1.127642	2.000000	2.000000	0.075521	0.488914	0.743159	1.000000	0.000000	1.414067	[0.100365, 0.07735, 0.039325, 0.073743, 0.078734, 0.064227, 0.092573, 0.060252, 0.085301, 0.055014, 0.052364, 0.045647, 0.036368, 0.046177, 0.043996, 0.048564]	[0.099514, 0.090972, 0.024421, 0.084676, 0.09037, 0.065949, 0.113519, 0.052917, 0.097431, 0.043565, 0.045579, 0.033403, 0.028472, 0.0525, 0.041991, 0.034722]	15.833333	225.000002	5.112424	1601.749156	0.996319	[381.915588, 300.582764, 90.678085, 299.894958, 308.929443, 283.506165, 383.085297, 172.841354, 302.877167, 175.838104, 169.290253, 151.948975, 116.559448, 196.313782, 135.43515, 130.303589]
1776902468.524	1	2750	2750	4.054176e-05	0.267387	0.267350	0.000000	0.003679	0.000000	0.281962	0.283743	0.283706							0.000000	2	0.010000	0.000000	0.000000	0.000000	0.000000	-0.055538	1.680876	-5.958350	10.501222	1.000000	0.000000	1.248979	0.619950	0.000151	0.000000	1.000000	0.000000	-0.052755	0.182014	-0.049455	0.213466	5.677855	1.111045	2.000000	2.000000	0.088542	0.492825	0.747076	1.000000	0.000000	1.437674	[0.100112, 0.077159, 0.035627, 0.067507, 0.084629, 0.068844, 0.092335, 0.06042, 0.073437, 0.064562, 0.048956, 0.048605, 0.037248, 0.047135, 0.046315, 0.047109]	[0.105162, 0.090833, 0.020394, 0.079769, 0.091296, 0.063495, 0.110162, 0.04956, 0.081921, 0.057917, 0.038889, 0.044213, 0.026528, 0.064398, 0.041273, 0.03419]	15.958333	225.000001	6.011903	1624.094500	0.996321	[387.205078, 301.1875, 77.44278, 271.871155, 324.339691, 275.353088, 398.951874, 164.554031, 286.922882, 186.97641, 179.920746, 139.832718, 128.338882, 192.227448, 143.328491, 141.547363]
1776902528.788	1	2800	2800	3.939455e-05	0.284845	0.284808	0.000000	0.003683	0.000000	0.287533	0.285325	0.285288	0.291290	0.291290	0.000000	0.000000	0.000000	1.338153	0.000000	2	0.010000	0.000000	0.000000	0.000000	0.000000	-0.056763	1.689648	-6.205787	10.694395	1.000000	0.000000	1.238213	0.623603	0.000144	0.000000	1.000000	0.000000	-0.052752	0.182029	-0.049455	0.213466	5.731984	1.102893	2.000000	2.000000	0.093750	0.498622	0.748584	1.000000	0.000000	1.402313	[0.100853, 0.078722, 0.034174, 0.060209, 0.07648, 0.070512, 0.098077, 0.058346, 0.078054, 0.058013, 0.052659, 0.052112, 0.044497, 0.047907, 0.04443, 0.044956]	[0.104699, 0.089769, 0.019537, 0.068426, 0.083079, 0.060301, 0.123218, 0.048472, 0.083704, 0.046227, 0.044884, 0.048889, 0.039606, 0.066111, 0.043171, 0.029907]	15.916667	225.000001	5.994880	1624.819005	0.996317	[346.739716, 296.168274, 91.848228, 260.095825, 282.585022, 293.074921, 392.939056, 192.542755, 275.916199, 204.688049, 163.020874, 155.016327, 129.068024, 214.051025, 149.6138, 152.631958]
1776902586.136	1	2850	2850	3.825208e-05	0.332148	0.332111	0.000000	0.003684	0.000000	0.292235	0.291491	0.291454							0.000000	2	0.010000	0.000000	0.000000	0.000000	0.000000	-0.059902	1.695214	-6.124647	10.790946	1.000000	0.000000	1.223970	0.630088	0.000120	0.000000	1.000000	0.000000	-0.052749	0.182117	-0.049455	0.213466	5.752399	1.099765	2.000000	2.000000	0.091146	0.506566	0.753609	1.000000	0.000000	1.466315	[0.096788, 0.083163, 0.033171, 0.056534, 0.07143, 0.06724, 0.101038, 0.065855, 0.070135, 0.065068, 0.048464, 0.053884, 0.041667, 0.05224, 0.045993, 0.04733]	[0.09956, 0.091991, 0.018681, 0.061829, 0.075208, 0.059375, 0.140185, 0.052778, 0.07287, 0.053681, 0.036806, 0.047731, 0.036481, 0.075764, 0.043634, 0.033426]	15.958333	224.999998	5.422419	1644.932226	0.996316	[355.589966, 318.512543, 76.295982, 244.367233, 288.695221, 269.021729, 432.52182, 178.347519, 253.59227, 201.97229, 148.762573, 168.867142, 135.132034, 228.27655, 142.05661, 157.988739]
1776902638.975	1	2900	2900	3.711551e-05	0.318777	0.318741	0.000000	0.003687	0.000000	0.286095	0.287753	0.287716							0.000000	2	0.010000	0.000000	0.000000	0.000000	0.000000	-0.064435	1.757632	-6.153835	11.137544	1.000000	0.000000	1.142957	0.650939	0.000108	0.000000	1.000000	0.000000	-0.052742	0.181584	-0.049455	0.213466	5.991502	1.051768	2.000000	2.000000	0.088542	0.524754	0.777125	1.000000	0.000000	1.490749	[0.104662, 0.089602, 0.032457, 0.058519, 0.067053, 0.070152, 0.105071, 0.062821, 0.060003, 0.060331, 0.04756, 0.061119, 0.044011, 0.049855, 0.045149, 0.041635]	[0.107315, 0.098704, 0.018241, 0.084977, 0.066157, 0.059606, 0.114676, 0.053681, 0.053935, 0.053866, 0.04037, 0.061875, 0.040972, 0.07838, 0.041574, 0.025671]	15.958333	225.000000	5.331502	1666.139778	0.996313	[367.085785, 340.985352, 72.77301, 271.169647, 270.303955, 270.252899, 420.846893, 176.750336, 230.856964, 187.028015, 166.659698, 190.515472, 137.985382, 218.638306, 154.716171, 123.432243]
1776902690.956	1	2950	2950	3.598603e-05	0.264830	0.264793	0.000000	0.003688	0.000000	0.294488	0.290751	0.290714							0.000000	2	0.010000	0.000000	0.000000	0.000000	0.000000	-0.065080	1.775302	-6.352997	11.069236	1.000000	0.000000	1.135804	0.655714	0.000112	0.000000	1.000000	0.000000	-0.052743	0.181551	-0.049455	0.213466	5.976534	1.078255	2.000000	2.000000	0.091146	0.534766	0.776662	1.000000	0.000000	1.471304	[0.108125, 0.08933, 0.032676, 0.058714, 0.067886, 0.068811, 0.112675, 0.055102, 0.069844, 0.055643, 0.048164, 0.057301, 0.040023, 0.050403, 0.043601, 0.041699]	[0.110417, 0.096227, 0.022593, 0.08331, 0.071343, 0.061898, 0.118657, 0.045602, 0.067569, 0.047801, 0.041343, 0.056134, 0.039769, 0.074097, 0.039653, 0.023588]	15.916667	225.000000	6.654422	1662.030215	0.996312	[379.377533, 347.711121, 77.437271, 257.377258, 265.733765, 265.67807, 422.939545, 187.339294, 213.110107, 177.281342, 154.027756, 206.254623, 137.030579, 230.903839, 148.426071, 129.371918]
1776902747.220	1	3000	3000	3.486479e-05	0.296417	0.296380	0.000000	0.003690	0.000000	0.280383	0.284745	0.284708	0.289270	0.289270	0.000000	0.000000	0.000000	1.335452	0.000000	2	0.010000	0.000000	0.000000	0.000000	0.000000	-0.064746	1.717707	-6.195642	10.839986	1.000000	0.000000	1.171164	0.647136	0.000120	0.000000	1.000000	0.000000	-0.052741	0.181965	-0.049455	0.213466	5.839912	1.084768	2.000000	2.000000	0.085938	0.525885	0.768387	1.000000	0.000000	1.443874	[0.099904, 0.092754, 0.034595, 0.057777, 0.066842, 0.070282, 0.095136, 0.070434, 0.066146, 0.05665, 0.048548, 0.058873, 0.042202, 0.051175, 0.043454, 0.04523]	[0.102431, 0.105046, 0.020856, 0.063426, 0.079954, 0.062269, 0.115625, 0.060694, 0.064884, 0.048218, 0.038611, 0.053819, 0.038611, 0.07625, 0.036898, 0.032407]	15.875000	225.000001	6.381597	1673.327431	0.996310	[373.522949, 363.667572, 73.704613, 241.206482, 275.149597, 246.782562, 412.139496, 186.438416, 233.375778, 176.50589, 160.244812, 194.461334, 140.039215, 226.445709, 152.566528, 143.749207]
1776902800.862	1	3050	3050	3.375294e-05	0.323331	0.323294	0.000000	0.003697	0.000000	0.273249	0.276366	0.276329							0.000000	2	0.010000	0.000000	0.000000	0.000000	0.000000	-0.067799	1.728755	-6.190382	10.680179	1.000000	0.000000	1.167187	0.646308	0.000101	0.000000	1.000000	0.000000	-0.052738	0.181766	-0.049455	0.213466	5.906932	1.047154	2.000000	2.000000	0.072917	0.520998	0.771618	1.000000	0.000000	1.470086	[0.093914, 0.091481, 0.033415, 0.057364, 0.066493, 0.076356, 0.099819, 0.073856, 0.064052, 0.058805, 0.045224, 0.056258, 0.038018, 0.053911, 0.047173, 0.043862]	[0.099398, 0.102731, 0.019653, 0.068727, 0.067431, 0.070162, 0.122315, 0.066389, 0.061458, 0.050787, 0.035833, 0.046134, 0.033287, 0.080532, 0.046227, 0.028935]	15.791667	225.000000	5.604689	1720.375867	0.996303	[354.584412, 343.456421, 68.39711, 256.628784, 284.985443, 258.498108, 432.174316, 202.212585, 213.098251, 173.683624, 149.225449, 193.516418, 132.700684, 245.368195, 153.946411, 137.523987]
1776902854.641	1	3100	3100	3.265163e-05	0.338039	0.338002	0.000000	0.003694	0.000000	0.291712	0.288317	0.288280							0.000000	2	0.010000	0.000000	0.000000	0.000000	0.000000	-0.069185	1.809941	-6.127848	11.054118	1.000000	0.000000	1.115024	0.660869	0.000108	0.000000	1.000000	0.000000	-0.052732	0.181580	-0.049455	0.213466	6.031407	1.074104	2.000000	2.000000	0.098958	0.537890	0.783847	1.000000	0.000000	1.515976	[0.093578, 0.095106, 0.032773, 0.058138, 0.062533, 0.075659, 0.102983, 0.076385, 0.064807, 0.060357, 0.043674, 0.058381, 0.03638, 0.047799, 0.047004, 0.044442]	[0.095579, 0.104815, 0.017778, 0.086204, 0.065208, 0.069005, 0.114097, 0.068287, 0.062315, 0.052315, 0.034352, 0.050671, 0.033264, 0.071968, 0.043542, 0.030602]	15.791667	224.999999	5.537329	1738.262698	0.996306	[345.189423, 350.326172, 77.43705, 236.836487, 246.986969, 264.506317, 403.55835, 237.302612, 194.125488, 202.414642, 136.021637, 212.349594, 135.081955, 232.799072, 174.063705, 151.000702]
1776902907.625	1	3150	3150	3.156199e-05	0.280383	0.280346	0.000000	0.003702	0.000000	0.268371	0.275263	0.275226							0.000000	2	0.010000	0.000000	0.000000	0.000000	0.000000	-0.063556	1.751913	-6.129355	10.930130	1.000000	0.000000	1.220529	0.621156	0.000095	0.000000	1.000000	0.000000	-0.052726	0.181687	-0.049455	0.213466	5.889813	1.062911	2.000000	2.000000	0.083333	0.491181	0.751130	1.000000	0.000000	1.465437	[0.106156, 0.091085, 0.031551, 0.059823, 0.066504, 0.070615, 0.097287, 0.066082, 0.065139, 0.062938, 0.055067, 0.045921, 0.040031, 0.051701, 0.047538, 0.042563]	[0.109028, 0.104259, 0.016806, 0.082616, 0.07838, 0.066898, 0.101875, 0.060463, 0.059907, 0.051806, 0.048935, 0.032431, 0.037894, 0.076065, 0.042917, 0.029722]	15.916667	224.999999	5.331425	1504.449262	0.996298	[377.460541, 326.455322, 82.131516, 267.164001, 277.351318, 271.017151, 384.730286, 221.737473, 228.439728, 206.580185, 158.629883, 169.987671, 116.654808, 218.001495, 146.982849, 146.675995]
1776902964.426	1	3200	3200	3.048515e-05	0.359861	0.359824	0.000000	0.003705	0.000000	0.272678	0.275124	0.275087	0.285048	0.285048	0.000000	0.000000	0.000000	1.329826	0.000000	2	0.010000	0.000000	0.000000	0.000000	0.000000	-0.063655	1.747357	-6.151416	11.155491	1.000000	0.000000	1.233590	0.617839	0.000118	0.000000	1.000000	0.000000	-0.052722	0.181589	-0.049455	0.213466	5.846067	1.092422	2.000000	2.000000	0.083333	0.486804	0.748875	1.000000	0.000000	1.463327	[0.103525, 0.086761, 0.033275, 0.058374, 0.07202, 0.069209, 0.09808, 0.071438, 0.067361, 0.067133, 0.046808, 0.052119, 0.03897, 0.051678, 0.041642, 0.041606]	[0.106574, 0.099977, 0.018264, 0.071667, 0.087407, 0.066759, 0.103935, 0.070278, 0.063264, 0.0525, 0.045324, 0.04294, 0.030741, 0.076435, 0.034259, 0.029676]	15.958333	225.000000	6.283333	1407.369105	0.996295	[382.414764, 288.996521, 93.515457, 251.413239, 280.664551, 249.964935, 387.223358, 233.858612, 234.712753, 228.065948, 166.233185, 148.582489, 127.243706, 229.606186, 152.091492, 145.412918]
1776903018.015	1	3250	3250	2.942220e-05	0.236770	0.236733	0.000000	0.003709	0.000000	0.287242	0.284015	0.283978							0.000000	2	0.010000	0.000000	0.000000	0.000000	0.000000	-0.063890	1.728877	-6.099857	11.117670	1.000000	0.000000	1.257505	0.613466	0.000135	0.000000	1.000000	0.000000	-0.052715	0.182147	-0.049455	0.213466	5.752991	1.119212	2.000000	2.000000	0.080729	0.486400	0.740531	1.000000	0.000000	1.446070	[0.097, 0.074822, 0.036865, 0.056612, 0.069145, 0.069403, 0.101576, 0.069495, 0.072502, 0.074632, 0.046863, 0.057284, 0.03751, 0.053505, 0.040362, 0.042425]	[0.103449, 0.075556, 0.022222, 0.049745, 0.085116, 0.068935, 0.136736, 0.073241, 0.068611, 0.062315, 0.039167, 0.049097, 0.031736, 0.076296, 0.032639, 0.025139]	15.958333	224.999999	4.707739	1613.156270	0.996291	[360.546356, 272.869354, 82.209396, 211.098633, 297.938629, 265.904907, 447.972778, 231.649902, 247.647308, 252.806122, 170.265045, 166.243927, 110.064575, 233.787689, 135.047653, 113.947777]
1776903071.157	1	3300	3300	2.837424e-05	0.183443	0.183406	0.000000	0.003716	0.000000	0.285821	0.283140	0.283103							0.000000	2	0.010000	0.000000	0.000000	0.000000	0.000000	-0.062813	1.715401	-6.228837	11.182194	1.000000	0.000000	1.320938	0.589472	0.000144	0.000000	1.000000	0.000000	-0.052711	0.182690	-0.049455	0.213466	5.658071	1.117946	2.000000	2.000000	0.096354	0.455894	0.723049	1.000000	0.000000	1.468062	[0.092272, 0.073208, 0.039703, 0.060318, 0.068681, 0.069261, 0.101754, 0.080664, 0.067112, 0.072765, 0.045103, 0.052236, 0.037103, 0.056131, 0.03932, 0.044367]	[0.102407, 0.078912, 0.026852, 0.056759, 0.088819, 0.076204, 0.128681, 0.092269, 0.066088, 0.061829, 0.029907, 0.041088, 0.028796, 0.065116, 0.031111, 0.025162]	15.791667	224.999999	4.665835	1585.574422	0.996284	[346.189301, 278.970612, 86.300926, 246.783356, 284.525116, 289.671967, 435.500488, 269.215637, 242.461304, 243.523407, 151.023895, 169.325729, 95.445854, 228.095032, 125.343582, 107.623825]
1776903125.198	1	3350	3350	2.734235e-05	0.194191	0.194154	0.000000	0.003712	0.000000	0.270078	0.275900	0.275863							0.000000	2	0.010000	0.000000	0.000000	0.000000	0.000000	-0.060504	1.735464	-6.201646	11.074734	1.000000	0.000000	1.261439	0.608855	0.000135	0.000000	1.000000	0.000000	-0.052709	0.182857	-0.049455	0.213466	5.740070	1.107900	2.000000	2.000000	0.083333	0.479253	0.738457	1.000000	0.000000	1.439254	[0.09891, 0.076626, 0.036307, 0.061722, 0.071093, 0.074586, 0.099894, 0.068863, 0.069008, 0.060681, 0.049456, 0.054437, 0.041591, 0.055408, 0.039732, 0.041686]	[0.108819, 0.07662, 0.024977, 0.062083, 0.084213, 0.095116, 0.120671, 0.073981, 0.064144, 0.047153, 0.040694, 0.047199, 0.033495, 0.061157, 0.033935, 0.025741]	15.708333	225.000000	4.972165	1518.556999	0.996288	[366.445892, 282.657501, 104.29113, 231.898651, 265.505219, 310.914825, 388.557861, 259.677246, 227.731857, 220.550262, 177.193207, 186.287766, 126.335526, 226.018341, 123.197952, 102.736877]
1776903188.163	2	3400	3400	2.632760e-05	0.340005	0.339968	0.000000	0.003712	0.000000	0.245163	0.255847	0.255810	0.297240	0.297240	0.000000	0.000000	0.000000	1.346138	0.000000	2	0.010000	0.000000	0.000000	0.000000	0.000000	-0.061359	1.766109	-6.415625	11.235207	1.000000	0.000000	1.221646	0.621137	0.000100	0.000000	1.000000	0.000000	-0.052706	0.183020	-0.049455	0.213466	5.882339	1.091788	2.000000	2.000000	0.091146	0.491319	0.750955	1.000000	0.000000	1.451726	[0.095471, 0.083577, 0.037171, 0.060267, 0.069481, 0.089121, 0.094331, 0.071201, 0.057864, 0.055909, 0.049739, 0.063981, 0.040111, 0.051286, 0.039317, 0.041173]	[0.104074, 0.090532, 0.024421, 0.07581, 0.077616, 0.102894, 0.097338, 0.065926, 0.054398, 0.043356, 0.045023, 0.066204, 0.031574, 0.056644, 0.03662, 0.027569]	15.833333	225.000001	5.521572	1477.947103	0.996288	[357.066528, 285.854309, 105.376053, 257.838867, 262.258881, 337.871277, 358.664154, 259.975311, 216.359833, 200.636688, 171.744324, 194.875305, 128.960876, 215.642578, 129.684814, 117.190414]
1776903245.165	2	3450	3450	2.533102e-05	0.283017	0.282980	0.000000	0.003712	0.000000	0.246991	0.248301	0.248263							0.000000	2	0.010000	0.000000	0.000000	0.000000	0.000000	-0.062897	1.800163	-6.517912	11.342147	1.000000	0.000000	1.162101	0.640085	0.000126	0.000000	1.000000	0.000000	-0.052700	0.183214	-0.049455	0.213466	5.963575	1.084855	2.000000	2.000000	0.088542	0.512065	0.768106	1.000000	0.000000	1.503625	[0.103362, 0.083475, 0.033101, 0.062927, 0.065647, 0.0945, 0.099207, 0.061117, 0.06403, 0.050746, 0.054214, 0.05953, 0.040466, 0.051698, 0.037894, 0.038086]	[0.106319, 0.089745, 0.019097, 0.075278, 0.078866, 0.113356, 0.106574, 0.049329, 0.058634, 0.036481, 0.054745, 0.063889, 0.031366, 0.053333, 0.036528, 0.026458]	15.666667	225.000001	5.445316	1596.084473	0.996288	[354.182434, 319.219391, 82.661835, 284.301758, 239.955002, 388.587952, 367.294434, 217.147751, 217.48082, 165.322144, 181.976181, 215.006622, 121.236313, 200.922211, 135.361176, 109.344131]
1776903304.384	2	3500	3500	2.435364e-05	0.403961	0.403924	0.000000	0.003714	0.000000	0.244088	0.247489	0.247452							0.000000	2	0.010000	0.000000	0.000000	0.000000	0.000000	-0.066733	1.812216	-6.366523	11.116800	1.000000	0.000000	1.158943	0.639799	0.000113	0.000000	1.000000	0.000000	-0.052702	0.182973	-0.049455	0.213466	6.005651	1.062020	2.000000	2.000000	0.088542	0.508858	0.770740	1.000000	0.000000	1.524961	[0.098845, 0.086106, 0.031123, 0.066995, 0.066215, 0.089348, 0.090028, 0.067169, 0.06068, 0.05532, 0.059746, 0.058178, 0.041994, 0.050029, 0.04106, 0.037165]	[0.107269, 0.082894, 0.017662, 0.076296, 0.072593, 0.089861, 0.10044, 0.057569, 0.055139, 0.044398, 0.066667, 0.058449, 0.034514, 0.07, 0.041782, 0.024468]	15.666667	224.999998	5.559576	1593.705734	0.996286	[364.769897, 309.731232, 81.864586, 270.00415, 253.654587, 326.359833, 358.939148, 209.548218, 192.625427, 172.710129, 239.965805, 203.616516, 143.884094, 226.16568, 134.061768, 112.099014]
1776903360.210	2	3550	3550	2.339646e-05	0.356371	0.356333	0.000000	0.003715	0.000000	0.233688	0.240773	0.240736							0.000000	2	0.010000	0.000000	0.000000	0.000000	0.000000	-0.060116	1.749122	-6.241990	11.036580	1.000000	0.000000	1.223168	0.622456	0.000113	0.000000	1.000000	0.000000	-0.052699	0.182887	-0.049455	0.213466	5.840505	1.116220	2.000000	2.000000	0.083333	0.494199	0.750713	1.000000	0.000000	1.431086	[0.096913, 0.082775, 0.037011, 0.070189, 0.070401, 0.081219, 0.083017, 0.072203, 0.064499, 0.053808, 0.056711, 0.05382, 0.043146, 0.0517, 0.042001, 0.040588]	[0.10213, 0.084699, 0.021806, 0.076597, 0.080162, 0.085139, 0.095324, 0.064815, 0.061435, 0.040741, 0.064375, 0.04588, 0.037361, 0.068264, 0.045347, 0.025926]	15.791667	224.999999	6.979254	1509.415265	0.996285	[352.415039, 321.142395, 94.862961, 273.855255, 258.240234, 365.964783, 335.131561, 204.899338, 206.549591, 180.919861, 205.067413, 214.941574, 122.516685, 208.473816, 146.327408, 108.692162]
1776903421.565	2	3600	3600	2.246047e-05	0.236023	0.235986	0.000000	0.003715	0.000000	0.235402	0.238542	0.238504	0.296665	0.296665	0.000000	0.000000	0.000000	1.345365	0.000000	2	0.010000	0.000000	0.000000	0.000000	0.000000	-0.066088	1.763442	-6.063248	11.063591	1.000000	0.000000	1.200540	0.627166	0.000117	0.000000	1.000000	0.000000	-0.052695	0.183260	-0.049455	0.213466	5.913410	1.076835	2.000000	2.000000	0.106771	0.497664	0.756667	1.000000	0.000000	1.440389	[0.095476, 0.090842, 0.037391, 0.062716, 0.0712, 0.085868, 0.080777, 0.074679, 0.056599, 0.060361, 0.050949, 0.062112, 0.038349, 0.051268, 0.042425, 0.038988]	[0.10169, 0.093426, 0.020602, 0.070046, 0.082755, 0.087546, 0.094838, 0.067431, 0.051806, 0.046829, 0.052569, 0.062593, 0.031667, 0.069884, 0.041458, 0.024861]	15.791667	225.000000	7.032953	1560.330460	0.996285	[347.958923, 328.957397, 81.323181, 274.467224, 269.664001, 344.572449, 331.271606, 237.085907, 185.155396, 196.61377, 207.746613, 200.743011, 122.297844, 211.384323, 150.202972, 110.555527]
1776903479.449	2	3650	3650	2.154663e-05	0.297296	0.297259	0.000000	0.003715	0.000000	0.225553	0.228580	0.228543							0.000000	2	0.010000	0.000000	0.000000	0.000000	0.000000	-0.061666	1.789375	-6.188907	11.073947	1.000000	0.000000	1.170871	0.637848	0.000120	0.000000	1.000000	0.000000	-0.052695	0.182947	-0.049455	0.213466	5.965608	1.081200	2.000000	2.000000	0.078125	0.510078	0.765617	1.000000	0.000000	1.479929	[0.096926, 0.095461, 0.033477, 0.069421, 0.067868, 0.089475, 0.086962, 0.064396, 0.061818, 0.051631, 0.058441, 0.058018, 0.041813, 0.043273, 0.041669, 0.039351]	[0.105764, 0.094699, 0.01963, 0.074444, 0.077523, 0.086829, 0.101088, 0.051458, 0.054815, 0.036782, 0.070278, 0.062616, 0.033472, 0.061782, 0.041458, 0.027361]	15.916667	225.000003	6.071735	1566.924281	0.996285	[369.402832, 332.887146, 78.81337, 291.387634, 257.665009, 361.924011, 352.97876, 187.412781, 192.574326, 161.29007, 224.559692, 210.873032, 128.007584, 191.605133, 149.037399, 109.58139]
1776903533.343	2	3700	3700	2.065588e-05	0.198726	0.198689	0.000000	0.003712	0.000000	0.234352	0.233273	0.233236							0.000000	2	0.010000	0.000000	0.000000	0.000000	0.000000	-0.061455	1.750149	-6.109357	10.663595	1.000000	0.000000	1.216160	0.620304	0.000132	0.000000	1.000000	0.000000	-0.052694	0.182772	-0.049455	0.213466	5.864819	1.082163	2.000000	2.000000	0.093750	0.487720	0.752887	1.000000	0.000000	1.450481	[0.099609, 0.092377, 0.033879, 0.064491, 0.066232, 0.083486, 0.085345, 0.066907, 0.05997, 0.055901, 0.057418, 0.057693, 0.043257, 0.050516, 0.042283, 0.040634]	[0.103657, 0.089306, 0.018773, 0.07206, 0.075046, 0.081667, 0.103403, 0.057847, 0.055648, 0.045417, 0.064977, 0.056759, 0.033704, 0.070972, 0.046181, 0.024583]	15.916667	225.000003	6.679295	1440.938260	0.996288	[349.9375, 323.896179, 88.931213, 265.031219, 251.913208, 330.590515, 339.990387, 227.798569, 193.622772, 213.994797, 186.240112, 206.623413, 134.054749, 207.477097, 156.427536, 123.470757]
1776903586.200	2	3750	3750	1.978915e-05	0.142610	0.142573	0.000000	0.003714	0.000000	0.221421	0.224960	0.224923							0.000000	2	0.010000	0.000000	0.000000	0.000000	0.000000	-0.055312	1.751872	-6.377909	10.883277	1.000000	0.000000	1.248678	0.609633	0.000148	0.000000	1.000000	0.000000	-0.052693	0.182857	-0.049455	0.213466	5.856875	1.108672	2.000000	2.000000	0.085938	0.478283	0.740983	1.000000	0.000000	1.321964	[0.108069, 0.079363, 0.038477, 0.0633, 0.070613, 0.072687, 0.093103, 0.056914, 0.068294, 0.059757, 0.051051, 0.051793, 0.042692, 0.049042, 0.047935, 0.046911]	[0.113218, 0.079861, 0.030556, 0.067384, 0.08081, 0.066782, 0.10412, 0.050139, 0.068171, 0.049769, 0.052708, 0.045509, 0.035926, 0.068519, 0.050278, 0.03625]	15.833333	225.000001	7.375821	1380.401001	0.996286	[370.317474, 308.090271, 112.493332, 254.441742, 264.593842, 315.900513, 342.935852, 204.957687, 224.013672, 195.772095, 184.93132, 173.764999, 121.310875, 216.368881, 162.080811, 148.026764]
1776903647.241	2	3800	3800	1.894731e-05	0.197462	0.197425	0.000000	0.003715	0.000000	0.231602	0.229562	0.229525	0.289854	0.289854	0.000000	0.000000	0.000000	1.336233	0.000000	2	0.010000	0.000000	0.000000	0.000000	0.000000	-0.054979	1.787103	-6.463687	10.977125	1.000000	0.000000	1.226392	0.617886	0.000156	0.000000	1.000000	0.000000	-0.052693	0.183013	-0.049455	0.213466	5.916892	1.135375	2.000000	2.000000	0.059896	0.485420	0.750351	1.000000	0.000000	1.343321	[0.10059, 0.084264, 0.039176, 0.063894, 0.066098, 0.080895, 0.08919, 0.060875, 0.06766, 0.060107, 0.054986, 0.056534, 0.040764, 0.046867, 0.044785, 0.043316]	[0.112014, 0.087824, 0.027338, 0.068472, 0.075, 0.078657, 0.097407, 0.048727, 0.065463, 0.051481, 0.066366, 0.054907, 0.035046, 0.062755, 0.039861, 0.028681]	15.958333	225.000001	8.061144	1454.472048	0.996285	[369.435486, 314.792297, 108.093132, 275.5271, 259.393738, 334.292236, 318.684998, 205.064545, 218.689072, 200.426926, 217.492371, 172.850037, 123.668388, 185.952881, 163.215439, 132.421417]
1776903700.551	2	3850	3850	1.813123e-05	0.175176	0.175139	0.000000	0.003714	0.000000	0.242081	0.236931	0.236894							0.000000	2	0.010000	0.000000	0.000000	0.000000	0.000000	-0.059415	1.762643	-6.386252	11.027670	1.000000	0.000000	1.239580	0.613521	0.000154	0.000000	1.000000	0.000000	-0.052690	0.182990	-0.049455	0.213466	5.910144	1.102706	2.000000	2.000000	0.093750	0.481881	0.745160	1.000000	0.000000	1.367039	[0.101058, 0.0835, 0.039457, 0.063147, 0.069096, 0.081765, 0.08032, 0.067577, 0.064253, 0.06191, 0.052822, 0.056636, 0.041949, 0.046241, 0.047407, 0.042861]	[0.110741, 0.08537, 0.025903, 0.064977, 0.083773, 0.085, 0.093148, 0.059398, 0.063009, 0.053843, 0.063773, 0.053264, 0.031667, 0.053843, 0.043981, 0.02831]	15.875000	225.000002	7.297354	1450.604116	0.996286	[379.678162, 309.317932, 95.908073, 269.030701, 262.986176, 341.059692, 356.503479, 176.012375, 233.128021, 189.278381, 213.142395, 182.605072, 129.638763, 190.196014, 148.761871, 122.753067]
1776903753.948	2	3900	3900	1.734176e-05	0.108332	0.108295	0.000000	0.003717	0.000000	0.238480	0.235492	0.235455							0.000000	2	0.010000	0.000000	0.000000	0.000000	0.000000	-0.055382	1.740895	-6.324355	10.988822	1.000000	0.000000	1.274043	0.600934	0.000157	0.000000	1.000000	0.000000	-0.052692	0.183078	-0.049455	0.213466	5.850143	1.118397	2.000000	2.000000	0.067708	0.465434	0.736435	1.000000	0.000000	1.309719	[0.099572, 0.078742, 0.041589, 0.064067, 0.06865, 0.079191, 0.082405, 0.064353, 0.062983, 0.069288, 0.050825, 0.05145, 0.042225, 0.047121, 0.0509, 0.046639]	[0.107477, 0.080995, 0.030532, 0.065231, 0.081944, 0.079815, 0.093958, 0.057685, 0.061852, 0.06287, 0.055926, 0.041759, 0.031505, 0.063935, 0.048194, 0.036319]	15.750000	224.999998	7.118845	1413.399900	0.996283	[386.576508, 306.340759, 113.180573, 259.646912, 268.587891, 320.838623, 327.614685, 202.139267, 228.927032, 215.09491, 197.851929, 156.950012, 124.197128, 195.145676, 161.341431, 135.566681]
1776903808.212	2	3950	3950	1.657970e-05	0.191401	0.191364	0.000000	0.003715	0.000000	0.212270	0.222714	0.222677							0.000000	2	0.010000	0.000000	0.000000	0.000000	0.000000	-0.057787	1.770143	-6.352260	10.972124	1.000000	0.000000	1.236442	0.616815	0.000149	0.000000	1.000000	0.000000	-0.052688	0.183045	-0.049455	0.213466	5.872351	1.106963	2.000000	2.000000	0.080729	0.485807	0.747823	1.000000	0.000000	1.401479	[0.1023, 0.088284, 0.035135, 0.064976, 0.069684, 0.076456, 0.089634, 0.06583, 0.067036, 0.057025, 0.055086, 0.04822, 0.042944, 0.048101, 0.045679, 0.04361]	[0.111227, 0.088519, 0.019653, 0.069954, 0.078333, 0.069583, 0.103681, 0.055764, 0.061343, 0.046528, 0.067801, 0.044005, 0.034815, 0.067986, 0.049931, 0.03088]	15.833333	225.000001	7.129501	1447.238607	0.996285	[379.358948, 313.152588, 93.618706, 258.947845, 264.663513, 342.868896, 349.213257, 180.528381, 224.044052, 207.132248, 200.909332, 164.296692, 125.773094, 204.721359, 166.017883, 124.75338]
1776903868.903	2	4000	4000	1.584584e-05	0.217064	0.217027	0.000000	0.003711	0.000000	0.212726	0.217452	0.217415	0.296923	0.296923	0.000000	0.000000	0.000000	1.345712	0.000000	2	0.010000	0.000000	0.000000	0.000000	0.000000	-0.054719	1.748838	-6.285169	10.890695	1.000000	0.000000	1.218119	0.624169	0.000124	0.000000	1.000000	0.000000	-0.052683	0.183042	-0.049455	0.213466	5.872658	1.107937	2.000000	2.000000	0.075521	0.494926	0.753412	1.000000	0.000000	1.383191	[0.10326, 0.08731, 0.035047, 0.072227, 0.067238, 0.083699, 0.084804, 0.06269, 0.065091, 0.056114, 0.052792, 0.053351, 0.04254, 0.044909, 0.047068, 0.04186]	[0.111065, 0.085903, 0.021088, 0.083611, 0.073449, 0.081921, 0.1, 0.054769, 0.059722, 0.046366, 0.056782, 0.047755, 0.034514, 0.065093, 0.048704, 0.029259]	15.791667	225.000002	6.254272	1524.270126	0.996289	[364.909515, 335.007324, 73.266205, 282.483215, 267.626404, 335.935608, 341.873596, 210.697937, 217.306305, 201.208115, 190.785797, 164.388214, 127.271622, 199.06601, 162.057175, 126.117065]
1776903924.307	2	4050	4050	1.514094e-05	0.227066	0.227029	0.000000	0.003708	0.000000	0.219089	0.218598	0.218561							0.000000	2	0.010000	0.000000	0.000000	0.000000	0.000000	-0.057185	1.759081	-6.573724	10.907157	1.000000	0.000000	1.225323	0.619881	0.000147	0.000000	1.000000	0.000000	-0.052684	0.182821	-0.049455	0.213466	5.889086	1.113513	2.000000	2.000000	0.085938	0.488879	0.750883	1.000000	0.000000	1.352163	[0.100641, 0.085478, 0.037138, 0.065006, 0.066616, 0.074733, 0.087131, 0.072399, 0.065792, 0.061647, 0.048051, 0.050753, 0.040683, 0.048915, 0.048985, 0.046035]	[0.106968, 0.088403, 0.023657, 0.067454, 0.078125, 0.069468, 0.104444, 0.062685, 0.061505, 0.053565, 0.054583, 0.042477, 0.030741, 0.072153, 0.047963, 0.03581]	15.833333	225.000001	7.214174	1441.342873	0.996292	[350.558472, 330.270447, 94.43129, 296.559784, 266.431061, 302.347168, 351.911133, 216.906128, 216.16777, 206.037628, 176.418549, 148.90741, 119.604797, 209.047531, 174.565231, 139.835693]
1776903980.553	2	4100	4100	1.446571e-05	0.192874	0.192837	0.000000	0.003708	0.000000	0.222763	0.219431	0.219394							0.000000	2	0.010000	0.000000	0.000000	0.000000	0.000000	-0.056844	1.757063	-6.283383	10.718099	1.000000	0.000000	1.217213	0.625665	0.000156	0.000000	1.000000	0.000000	-0.052685	0.182729	-0.049455	0.213466	5.898349	1.071070	2.000000	2.000000	0.093750	0.498114	0.753216	1.000000	0.000000	1.374339	[0.103968, 0.091523, 0.034943, 0.065943, 0.065667, 0.074337, 0.089042, 0.066632, 0.06728, 0.056636, 0.052858, 0.04449, 0.043715, 0.051986, 0.048364, 0.042616]	[0.10919, 0.090255, 0.020139, 0.071204, 0.079028, 0.072014, 0.104583, 0.05875, 0.063773, 0.046134, 0.057222, 0.036296, 0.033704, 0.07787, 0.051366, 0.028472]	15.791667	225.000002	6.390741	1460.364708	0.996292	[346.349915, 338.710938, 88.20739, 267.973633, 280.243652, 286.960693, 339.094177, 244.945068, 204.20697, 214.259399, 168.20842, 156.439117, 125.633362, 210.171814, 175.620056, 152.975433]
1776904036.588	2	4150	4150	1.382086e-05	0.162690	0.162653	0.000000	0.003706	0.000000	0.211308	0.214313	0.214276							0.000000	2	0.010000	0.000000	0.000000	0.000000	0.000000	-0.057381	1.752334	-6.540008	10.636124	1.000000	0.000000	1.241289	0.615218	0.000146	0.000000	1.000000	0.000000	-0.052684	0.182889	-0.049455	0.213466	5.825872	1.113654	2.000000	2.000000	0.106771	0.485569	0.744868	1.000000	0.000000	1.374285	[0.105862, 0.091565, 0.034045, 0.068807, 0.071779, 0.069718, 0.091638, 0.065733, 0.067864, 0.056518, 0.04973, 0.045294, 0.044387, 0.04678, 0.048284, 0.041995]	[0.110625, 0.097639, 0.020394, 0.073125, 0.084954, 0.066829, 0.109537, 0.055787, 0.061458, 0.047269, 0.04669, 0.035139, 0.036273, 0.069514, 0.054954, 0.029815]	15.916667	224.999999	7.096768	1451.967834	0.996294	[365.817596, 319.008057, 75.673622, 293.72821, 298.110657, 292.868896, 335.848572, 220.578659, 207.938766, 215.658798, 154.276596, 147.533981, 128.537552, 219.91069, 187.572144, 136.937363]
1776904096.875	2	4200	4200	1.320705e-05	0.225802	0.225765	0.000000	0.003705	0.000000	0.226290	0.222716	0.222679	0.294285	0.294285	0.000000	0.000000	0.000000	1.342167	0.000000	2	0.010000	0.000000	0.000000	0.000000	0.000000	-0.056684	1.751313	-6.288851	10.901637	1.000000	0.000000	1.218442	0.625068	0.000146	0.000000	1.000000	0.000000	-0.052685	0.182763	-0.049455	0.213466	5.919695	1.092180	2.000000	2.000000	0.088542	0.496673	0.753462	1.000000	0.000000	1.345531	[0.101168, 0.086714, 0.038239, 0.066816, 0.071109, 0.080547, 0.085111, 0.065549, 0.059869, 0.063793, 0.044859, 0.049023, 0.043878, 0.050613, 0.051695, 0.041017]	[0.108194, 0.093403, 0.023958, 0.071736, 0.083958, 0.079583, 0.099977, 0.054282, 0.054606, 0.056875, 0.035671, 0.042315, 0.035556, 0.072569, 0.056204, 0.031111]	15.791667	225.000003	6.302885	1469.010373	0.996295	[369.702637, 344.065002, 88.202042, 289.464844, 284.430115, 291.349304, 347.631683, 199.556366, 220.089951, 202.069641, 154.859192, 135.838074, 133.727707, 216.203949, 177.774109, 145.035553]
1776904152.807	2	4250	4250	1.262490e-05	0.198152	0.198115	0.000000	0.003703	0.000000	0.206572	0.213151	0.213114							0.000000	2	0.010000	0.000000	0.000000	0.000000	0.000000	-0.057387	1.730054	-6.421554	11.079001	1.000000	0.000000	1.270647	0.606109	0.000136	0.000000	1.000000	0.000000	-0.052683	0.182646	-0.049455	0.213466	5.822093	1.094408	2.000000	2.000000	0.080729	0.473025	0.739192	1.000000	0.000000	1.351716	[0.102462, 0.092148, 0.037062, 0.066067, 0.071688, 0.073471, 0.089361, 0.064198, 0.066514, 0.064577, 0.042949, 0.044258, 0.040171, 0.049601, 0.050272, 0.045201]	[0.110278, 0.103218, 0.020301, 0.068565, 0.084884, 0.072917, 0.101898, 0.05412, 0.060972, 0.056088, 0.029769, 0.033819, 0.030764, 0.071204, 0.053935, 0.047269]	15.708333	225.000003	7.024294	1447.534889	0.996297	[378.67926, 353.246094, 81.519119, 272.464539, 275.179199, 288.14563, 351.931244, 200.441696, 220.381226, 219.081207, 150.793396, 137.582672, 124.467392, 213.869186, 173.108002, 159.110214]
1776904204.919	2	4300	4300	1.207502e-05	0.172144	0.172107	0.000000	0.003703	0.000000	0.218917	0.213802	0.213765							0.000000	2	0.010000	0.000000	0.000000	0.000000	0.000000	-0.059469	1.706621	-6.354094	11.068803	1.000000	0.000000	1.275921	0.605039	0.000140	0.000000	1.000000	0.000000	-0.052682	0.182762	-0.049455	0.213466	5.795630	1.125827	2.000000	2.000000	0.098958	0.472455	0.737624	1.000000	0.000000	1.337158	[0.106193, 0.089934, 0.037387, 0.06641, 0.066198, 0.066706, 0.087849, 0.064936, 0.06546, 0.066651, 0.044137, 0.046901, 0.041419, 0.051617, 0.051458, 0.046745]	[0.109028, 0.094398, 0.021505, 0.070556, 0.082755, 0.064815, 0.108079, 0.053565, 0.060417, 0.060301, 0.034977, 0.036759, 0.032593, 0.073519, 0.051898, 0.044838]	15.708333	225.000000	6.396190	1523.018715	0.996297	[375.372375, 371.831238, 77.438057, 272.735107, 291.436127, 282.087097, 357.215546, 208.103195, 205.042267, 204.707199, 128.685837, 126.424278, 123.127678, 239.62851, 184.595139, 151.570404]
1776904257.129	2	4350	4350	1.155797e-05	0.195207	0.195169	0.000000	0.003705	0.000000	0.207948	0.207012	0.206975							0.000000	2	0.010000	0.000000	0.000000	0.000000	0.000000	-0.058351	1.751576	-6.196516	10.668734	1.000000	0.000000	1.200728	0.632265	0.000123	0.000000	1.000000	0.000000	-0.052681	0.182770	-0.049455	0.213466	5.953088	1.069253	2.000000	2.000000	0.083333	0.507101	0.757429	1.000000	0.000000	1.387311	[0.107031, 0.099638, 0.033969, 0.064481, 0.064623, 0.070751, 0.097389, 0.055757, 0.072005, 0.052774, 0.048981, 0.041555, 0.041855, 0.054999, 0.051835, 0.042356]	[0.111968, 0.104745, 0.018218, 0.072292, 0.077546, 0.06662, 0.116481, 0.044537, 0.069167, 0.042106, 0.03588, 0.033958, 0.034468, 0.083588, 0.052616, 0.03581]	15.791667	224.999999	6.060016	1529.295781	0.996295	[372.68808, 382.865417, 84.451874, 282.573914, 279.151093, 275.143738, 340.337402, 220.772797, 201.705978, 210.280579, 124.517754, 133.824371, 123.669426, 245.014954, 175.750336, 147.252319]
1776904313.594	2	4400	4400	1.107428e-05	0.203536	0.203499	0.000000	0.003707	0.000000	0.209209	0.210686	0.210649	0.306631	0.306631	0.000000	0.000000	0.000000	1.358839	0.000000	2	0.010000	0.000000	0.000000	0.000000	0.000000	-0.062937	1.754277	-6.351041	10.864589	1.000000	0.000000	1.209879	0.627264	0.000116	0.000000	1.000000	0.000000	-0.052679	0.182796	-0.049455	0.213466	5.918677	1.091511	2.000000	2.000000	0.078125	0.497719	0.756808	1.000000	0.000000	1.416864	[0.105998, 0.099862, 0.036269, 0.064703, 0.070269, 0.080224, 0.088801, 0.062158, 0.065927, 0.061959, 0.040771, 0.047748, 0.035588, 0.049025, 0.048301, 0.042398]	[0.112407, 0.108403, 0.020602, 0.073009, 0.079329, 0.085949, 0.105231, 0.048403, 0.059537, 0.051806, 0.031204, 0.038403, 0.02706, 0.066944, 0.05419, 0.037523]	15.916667	224.999998	7.538894	1466.233833	0.996293	[363.65387, 360.718262, 87.425652, 306.086914, 275.88327, 310.873657, 354.078613, 199.717438, 231.112305, 188.278198, 128.805603, 138.034485, 125.195786, 222.358704, 170.6633, 137.114059]
1776904366.333	2	4450	4450	1.062446e-05	0.348780	0.348743	0.000000	0.003705	0.000000	0.211707	0.212254	0.212217							0.000000	2	0.010000	0.000000	0.000000	0.000000	0.000000	-0.059273	1.762570	-6.419699	10.969394	1.000000	0.000000	1.193082	0.633124	0.000144	0.000000	1.000000	0.000000	-0.052679	0.182900	-0.049455	0.213466	5.947889	1.110940	2.000000	2.000000	0.080729	0.506907	0.759340	1.000000	0.000000	1.385835	[0.105022, 0.096196, 0.034022, 0.062839, 0.069932, 0.078181, 0.093915, 0.059032, 0.072271, 0.056397, 0.044619, 0.045647, 0.040998, 0.050895, 0.049037, 0.040997]	[0.108218, 0.106551, 0.018727, 0.080833, 0.07787, 0.078565, 0.103565, 0.048032, 0.070532, 0.045648, 0.035255, 0.037731, 0.034745, 0.073681, 0.050579, 0.029468]	15.875000	224.999999	7.482085	1509.584221	0.996295	[373.708252, 376.511841, 84.900879, 289.298981, 269.588684, 311.056885, 355.381561, 205.287598, 225.252731, 206.078247, 122.21611, 129.914841, 123.012749, 209.757599, 171.763474, 146.269577]
1776904418.528	2	4500	4500	1.020896e-05	0.127801	0.127763	0.000000	0.003702	0.000000	0.210060	0.208928	0.208891							0.000000	2	0.010000	0.000000	0.000000	0.000000	0.000000	-0.058002	1.736720	-6.641188	10.924908	1.000000	0.000000	1.234985	0.619063	0.000147	0.000000	1.000000	0.000000	-0.052678	0.182931	-0.049455	0.213466	5.867782	1.105322	2.000000	2.000000	0.085938	0.488706	0.749421	1.000000	0.000000	1.356725	[0.106693, 0.095932, 0.03633, 0.064111, 0.071065, 0.07226, 0.089399, 0.061806, 0.063404, 0.06098, 0.046653, 0.042796, 0.041379, 0.051979, 0.049343, 0.045869]	[0.110625, 0.106157, 0.022106, 0.067708, 0.083009, 0.07294, 0.107153, 0.049028, 0.057639, 0.052616, 0.035833, 0.034051, 0.034213, 0.073565, 0.052037, 0.041319]	15.916667	225.000000	7.722835	1532.657799	0.996298	[384.498352, 383.220917, 82.055557, 294.761688, 274.852783, 313.726685, 355.464935, 206.856735, 210.4646, 179.922943, 142.192657, 123.8936, 124.046509, 219.357025, 157.832489, 146.8526]
1776904471.146	2	4550	4550	9.828206e-06	0.211803	0.211766	0.000000	0.003700	0.000000	0.214700	0.209223	0.209186							0.000000	2	0.010000	0.000000	0.000000	0.000000	0.000000	-0.057542	1.718801	-6.913931	10.552196	1.000000	0.000000	1.245505	0.618939	0.000113	0.000000	1.000000	0.000000	-0.052678	0.182966	-0.049455	0.213466	5.826660	1.115670	2.000000	2.000000	0.083333	0.491183	0.746695	1.000000	0.000000	1.337773	[0.103487, 0.095762, 0.03731, 0.060537, 0.072015, 0.073361, 0.086746, 0.065273, 0.065529, 0.060808, 0.046432, 0.047401, 0.041838, 0.050485, 0.046279, 0.046738]	[0.109977, 0.10713, 0.022407, 0.063032, 0.084884, 0.077801, 0.095764, 0.056667, 0.061134, 0.05162, 0.038171, 0.038681, 0.034259, 0.072106, 0.046435, 0.039931]	15.750000	224.999996	7.188020	1472.083694	0.996300	[374.575531, 387.231812, 84.690689, 267.603394, 294.855255, 264.430054, 349.116699, 199.152008, 212.380783, 189.656174, 143.9785, 119.234924, 146.613312, 230.974945, 176.467209, 159.038727]
1776904528.590	2	4600	4600	9.482599e-06	0.134353	0.134316	0.000000	0.003701	0.000000	0.213295	0.212627	0.212590	0.315005	0.315005	0.000000	0.000000	0.000000	1.370267	0.000000	2	0.010000	0.000000	0.000000	0.000000	0.000000	-0.059222	1.732376	-6.354344	10.640058	1.000000	0.000000	1.232256	0.620518	0.000138	0.000000	1.000000	0.000000	-0.052677	0.182842	-0.049455	0.213466	5.851640	1.099625	2.000000	2.000000	0.091146	0.491952	0.749084	1.000000	0.000000	1.356672	[0.105018, 0.099575, 0.034277, 0.061978, 0.071225, 0.07001, 0.091605, 0.062398, 0.067352, 0.056979, 0.046526, 0.046372, 0.042784, 0.050655, 0.046593, 0.046652]	[0.10831, 0.105625, 0.019375, 0.068912, 0.084861, 0.069583, 0.105139, 0.048588, 0.063843, 0.048935, 0.043634, 0.037083, 0.036921, 0.071435, 0.049306, 0.038449]	15.791667	224.999999	7.865664	1439.007914	0.996299	[388.144623, 354.917664, 78.165642, 281.085175, 298.881805, 290.881714, 354.981934, 170.997971, 195.391907, 191.105576, 155.110931, 139.357773, 145.626831, 225.402878, 175.13916, 154.808517]
1776904582.141	2	4650	4650	9.172489e-06	0.121791	0.121754	0.000000	0.003700	0.000000	0.192025	0.200351	0.200314							0.000000	2	0.010000	0.000000	0.000000	0.000000	0.000000	-0.056194	1.722414	-6.404484	10.581119	1.000000	0.000000	1.261239	0.610403	0.000141	0.000000	1.000000	0.000000	-0.052675	0.182804	-0.049455	0.213466	5.844852	1.111455	2.000000	2.000000	0.091146	0.479174	0.741633	1.000000	0.000000	1.370998	[0.108554, 0.095437, 0.035412, 0.06315, 0.074529, 0.072593, 0.084912, 0.061905, 0.060815, 0.05733, 0.045463, 0.047857, 0.044152, 0.053968, 0.048129, 0.045795]	[0.115856, 0.106968, 0.018681, 0.072199, 0.085023, 0.07919, 0.088495, 0.048102, 0.054051, 0.046412, 0.041991, 0.039722, 0.036759, 0.07794, 0.050139, 0.038472]	15.708333	225.000002	6.861241	1492.590276	0.996300	[392.977875, 376.29184, 74.286858, 268.870667, 286.851898, 306.103668, 331.305481, 178.951096, 197.866852, 185.776825, 166.960068, 151.009445, 138.619476, 225.572662, 173.730194, 144.825211]
1776904635.196	2	4700	4700	8.898196e-06	0.254190	0.254153	0.000000	0.003699	0.000000	0.201698	0.201355	0.201318							0.000000	2	0.010000	0.000000	0.000000	0.000000	0.000000	-0.059572	1.724911	-6.264814	10.831164	1.000000	0.000000	1.242102	0.618376	0.000148	0.000000	1.000000	0.000000	-0.052675	0.182837	-0.049455	0.213466	5.899626	1.105174	2.000000	2.000000	0.062500	0.487947	0.748806	1.000000	0.000000	1.343820	[0.106458, 0.098325, 0.036349, 0.066519, 0.071774, 0.07634, 0.081998, 0.060697, 0.062073, 0.057617, 0.044764, 0.046277, 0.043739, 0.049012, 0.052233, 0.045825]	[0.113218, 0.10794, 0.020648, 0.075787, 0.083426, 0.079699, 0.09331, 0.047083, 0.057986, 0.046713, 0.033704, 0.037199, 0.038981, 0.069606, 0.053843, 0.040856]	15.750000	225.000001	6.621080	1444.729996	0.996301	[386.472595, 364.509277, 82.382919, 261.650757, 281.232758, 300.222778, 348.496155, 191.115997, 205.65152, 186.202255, 153.659821, 145.690582, 145.013855, 216.266953, 176.389755, 155.04216]
1776904689.560	2	4750	4750	8.660002e-06	0.206121	0.206084	0.000000	0.003700	0.000000	0.210269	0.207551	0.207514							0.000000	2	0.010000	0.000000	0.000000	0.000000	0.000000	-0.058267	1.749985	-6.644978	10.772189	1.000000	0.000000	1.223804	0.621058	0.000154	0.000000	1.000000	0.000000	-0.052675	0.182882	-0.049455	0.213466	5.929543	1.078801	2.000000	2.000000	0.088542	0.491606	0.750511	1.000000	0.000000	1.363251	[0.108085, 0.099119, 0.03403, 0.063681, 0.071794, 0.073214, 0.088445, 0.058658, 0.067, 0.050362, 0.04896, 0.049167, 0.043922, 0.049645, 0.049671, 0.044246]	[0.112431, 0.114514, 0.018843, 0.069282, 0.087315, 0.072755, 0.095069, 0.046505, 0.061644, 0.038009, 0.042569, 0.041505, 0.037384, 0.074144, 0.052222, 0.03581]	15.750000	225.000001	7.389725	1455.475906	0.996300	[381.423676, 373.529633, 82.699844, 286.770477, 282.243652, 314.359802, 334.436279, 173.005493, 204.174408, 174.717712, 152.563293, 156.041962, 135.477325, 214.994431, 179.089478, 154.472565]
1776904748.661	2	4800	4800	8.458152e-06	0.132445	0.132408	0.000000	0.003701	0.000000	0.198545	0.199719	0.199682	0.327500	0.327500	0.000000	0.000000	0.000000	1.387495	0.000000	2	0.010000	0.000000	0.000000	0.000000	0.000000	-0.058863	1.741772	-6.358452	10.550297	1.000000	0.000000	1.214708	0.626363	0.000135	0.000000	1.000000	0.000000	-0.052676	0.182928	-0.049455	0.213466	5.876829	1.069389	2.000000	2.000000	0.078125	0.498114	0.754611	1.000000	0.000000	1.422677	[0.102099, 0.101435, 0.034033, 0.067848, 0.070126, 0.079782, 0.088874, 0.062679, 0.065231, 0.053544, 0.046142, 0.044711, 0.040375, 0.051385, 0.047905, 0.04383]	[0.108449, 0.119421, 0.020093, 0.084977, 0.076921, 0.08125, 0.098495, 0.05162, 0.059954, 0.042245, 0.03669, 0.034722, 0.030718, 0.073611, 0.046574, 0.034259]	15.791667	224.999999	7.265264	1491.835790	0.996299	[380.648865, 374.657959, 84.751152, 278.079651, 293.283508, 334.742767, 321.536194, 173.197968, 196.296448, 178.133469, 135.101486, 149.376801, 132.876236, 219.429001, 185.962692, 161.92598]
1776904802.497	2	4850	4850	8.292854e-06	0.182022	0.181985	0.000000	0.003700	0.000000	0.209379	0.204154	0.204117							0.000000	2	0.010000	0.000000	0.000000	0.000000	0.000000	-0.053592	1.710221	-6.298381	10.681011	1.000000	0.000000	1.266999	0.609315	0.000157	0.000000	1.000000	0.000000	-0.052677	0.182902	-0.049455	0.213466	5.791133	1.094908	2.000000	2.000000	0.075521	0.479182	0.739448	1.000000	0.000000	1.400001	[0.106362, 0.100122, 0.035398, 0.068469, 0.075392, 0.07461, 0.090046, 0.06053, 0.059452, 0.051044, 0.047749, 0.044073, 0.044644, 0.047573, 0.045793, 0.048743]	[0.112616, 0.113935, 0.020023, 0.0725, 0.09044, 0.081319, 0.103426, 0.048056, 0.051782, 0.038449, 0.04044, 0.034907, 0.037315, 0.066944, 0.045185, 0.042662]	15.833333	225.000001	6.958228	1488.090510	0.996300	[373.883545, 390.076416, 77.972633, 291.755951, 278.956238, 313.078888, 336.846771, 201.659882, 213.476547, 187.610519, 134.49762, 125.92894, 126.495872, 215.959885, 177.96994, 153.830521]
1776904856.437	2	4900	4900	8.164277e-06	0.262910	0.262873	0.000000	0.003699	0.000000	0.221972	0.213386	0.213349							0.000000	2	0.010000	0.000000	0.000000	0.000000	0.000000	-0.057540	1.741522	-6.509368	11.077106	1.000000	0.000000	1.228295	0.621044	0.000154	0.000000	1.000000	0.000000	-0.052677	0.182906	-0.049455	0.213466	5.924459	1.107695	2.000000	2.000000	0.083333	0.490316	0.751773	1.000000	0.000000	1.377097	[0.106625, 0.099128, 0.037466, 0.063662, 0.073111, 0.076591, 0.086515, 0.06011, 0.061347, 0.054912, 0.045125, 0.046768, 0.042554, 0.050346, 0.047849, 0.047893]	[0.115116, 0.113426, 0.024144, 0.061019, 0.085995, 0.077778, 0.098449, 0.046667, 0.056644, 0.044884, 0.03338, 0.038287, 0.035532, 0.072917, 0.049051, 0.046713]	15.750000	225.000001	7.505273	1486.791456	0.996301	[372.951782, 364.235291, 80.033867, 268.298676, 279.323975, 341.917236, 335.761505, 191.999252, 208.801483, 188.582672, 146.269699, 147.57608, 137.970306, 211.743378, 169.520477, 155.014465]
1776904909.359	2	4950	4950	8.072554e-06	0.158315	0.158278	0.000000	0.003698	0.000000	0.201460	0.203932	0.203895							0.000000	2	0.010000	0.000000	0.000000	0.000000	0.000000	-0.053890	1.703551	-6.350287	10.863267	1.000000	0.000000	1.293797	0.599604	0.000160	0.000000	1.000000	0.000000	-0.052677	0.182847	-0.049455	0.213466	5.790815	1.136634	2.000000	2.000000	0.088542	0.464626	0.734582	1.000000	0.000000	1.364557	[0.105807, 0.09538, 0.037439, 0.064729, 0.073283, 0.075876, 0.085655, 0.060701, 0.059196, 0.059169, 0.044777, 0.047845, 0.043739, 0.048332, 0.050467, 0.047606]	[0.113704, 0.11, 0.020625, 0.067245, 0.085579, 0.084352, 0.096968, 0.046505, 0.054259, 0.050394, 0.035995, 0.036458, 0.037083, 0.06544, 0.052708, 0.042685]	15.750000	224.999999	7.964666	1427.567719	0.996302	[381.536072, 374.60907, 86.19841, 273.508759, 277.31778, 314.452118, 331.195923, 198.464203, 210.428101, 195.312592, 128.457123, 142.766479, 129.084045, 215.925476, 175.157028, 165.587006]
1776904966.673	2	5000	5000	8.017778e-06	0.182605	0.182568	0.000000	0.003697	0.000000	0.224171	0.216411	0.216374	0.310596	0.310596	0.000000	0.000000	0.000000	1.364238	0.000000	2	0.010000	0.000000	0.000000	0.000000	0.000000	-0.058610	1.767504	-6.634960	10.894673	1.000000	0.000000	1.192530	0.633114	0.000156	0.000000	1.000000	0.000000	-0.052677	0.182825	-0.049455	0.213466	5.904318	1.091652	2.000000	2.000000	0.080729	0.508013	0.758214	1.000000	0.000000	1.434458	[0.103096, 0.09552, 0.030656, 0.066709, 0.072193, 0.084573, 0.095947, 0.058466, 0.071447, 0.056541, 0.047144, 0.045254, 0.038025, 0.045588, 0.045829, 0.043013]	[0.107731, 0.105347, 0.016991, 0.078935, 0.083403, 0.087708, 0.110301, 0.046065, 0.066157, 0.048171, 0.039144, 0.036366, 0.02963, 0.065741, 0.045856, 0.032454]	15.791667	224.999998	7.278998	1436.031652	0.996303	[385.553406, 366.793701, 84.775589, 284.655365, 292.421234, 328.505493, 335.413208, 191.177536, 186.510193, 189.30542, 138.744263, 139.326447, 133.830109, 198.854797, 171.137817, 172.995575]
