# run_started_at	20260421_052428
# arg	batch_size	12
# arg	bbh_task	"boolean_expressions"
# arg	bf16	0
# arg	block_size	128
# arg	bnb_4bit_compute_dtype	"bfloat16"
# arg	bnb_4bit_quant_type	"nf4"
# arg	bnb_4bit_use_double_quant	1
# arg	config	""
# arg	dataloader_num_workers	0
# arg	dataset	"piqa"
# arg	debug_nonfinite_router	1
# arg	debug_router_meta	0
# arg	device	"cuda"
# arg	epochs	3
# arg	eval_dataset	"piqa"
# arg	eval_every	200
# arg	eval_max_samples	200
# arg	eval_split	"validation"
# arg	fp16	0
# arg	grad_accum	1
# arg	gradient_checkpointing	0
# arg	init_new_router_from_legacy	1
# arg	llm_int8_threshold	6.0
# arg	load_in_4bit	1
# arg	load_in_8bit	0
# arg	load_in_fp16	0
# arg	log_every	50
# arg	lora_alpha	16
# arg	lora_dropout	0.05
# arg	lora_r	16
# arg	lora_target_modules	"q_proj,k_proj,v_proj,o_proj,gate_proj,up_proj,down_proj"
# arg	lr	0.0001
# arg	max_grad_norm	1.0
# arg	min_lr_ratio	0.25
# arg	mix_datasets	"piqa,siqa"
# arg	mmlu_answer_mode	"text"
# arg	mmlu_subjects	"all"
# arg	model_path	"/root/models/Qwen_MoE"
# arg	num_proc	8
# arg	output_dir	"/root/models/out_qw_cb_lowlr_norestrict_abl_newlr01_ctx03"
# arg	piqa_local_dir	"/root/datasets/PIQA"
# arg	router_aux_loss_coef	0.001
# arg	router_budget_end_ratio	1.0
# arg	router_budget_loss_coef	0.0
# arg	router_budget_start_ratio	0.5
# arg	router_budget_target_count	0.0
# arg	router_budget_tau	0.05
# arg	router_context_scale	0.3
# arg	router_ema_momentum	0.99
# arg	router_entmax_alpha	1.7
# arg	router_lr_mult	1.15
# arg	router_pull_loss_coef	0.001
# arg	router_pull_loss_coef_final	null
# arg	router_pull_loss_schedule_end_ratio	1.0
# arg	router_pull_loss_schedule_start_ratio	0.5
# arg	router_pull_loss_type	"hard_ce"
# arg	router_pull_loss_type_final	""
# arg	router_pull_loss_type_switch_ratio	0.5
# arg	router_pull_temperature	1.0
# arg	router_softmax_temperature	1.0
# arg	router_top_k	2
# arg	router_top_p_final	null
# arg	router_top_p_schedule_end_ratio	1.0
# arg	router_top_p_schedule_start_ratio	0.5
# arg	router_topk	0
# arg	router_use_ema_update	1
# arg	router_use_entmax	0
# arg	router_use_softmax_temperature	1
# arg	router_z_loss_coef	0.0
# arg	save_every	200
# arg	seed	42
# arg	share_router_expert_embedding	0
# arg	stage	2
# arg	stage1_data_ratio	0.2
# arg	stage1_distill_temperature	1.0
# arg	stage1_epochs	1
# arg	stage1_grad_accum	1
# arg	stage1_kl_coef	1.0
# arg	stage1_log_every	50
# arg	stage1_logit_coef	1.0
# arg	stage1_logit_loss_type	"huber"
# arg	stage1_lr	0.0002
# arg	stage1_max_grad_norm	1.0
# arg	stage1_teacher_path	""
# arg	stage1_use_logit_loss	1
# arg	stage2_include_validation_in_train	0
# arg	stage2_init_path	"/root/models/out_qw_cb_lowlr_norestrict_abl_newlr01_ctx03/ckpt_after_stage1"
# arg	stage2_validation_train_ratio	0.2
# arg	stage2_validation_train_split	"validation"
# arg	stage_split_seed	42
# arg	top_p_threshold	null
# arg	train_extra_params_in_fp32	1
# arg	train_max_samples	null
# arg	train_new_router_params	1
# arg	train_split	"train"
# arg	use_bnb_8bit	0
# arg	use_label	1
# arg	use_router_context	1
# arg	warmup_ratio	0.03
# arg	weight_decay	0.0
# arg	winogrande_config	"winogrande_xl"
time	epoch	global_step	optim_step	lr	loss	loss_ce	loss_aux	loss_z	loss_pull	loss_budget	loss_ma50	loss_ema	loss_ce_ema	eval_loss	eval_ppl	router_top_k	router_pull_loss_coef	router_pull_loss_type	router_budget_loss_scale	router_score_mean	router_score_std	router_score_min	router_score_max	router_weight_row_sum_mean	router_weight_row_sum_abs_err	router_weight_entropy	router_weight_top1_mass	route_prob_min	route_prob_has_neg	route_prob_row_sum_mean	route_prob_row_sum_abs_err	projected_value_std	projected_value_norm_mean	router_context_norm_mean	router_context_norm_std	router_context_proj_out_mean	router_context_proj_out_std	router_context_delta_ratio	expert_key_pairwise_cos_mean	expert_key_pairwise_cos_max	expert_value_pairwise_cos_mean	expert_value_pairwise_cos_max	token_q_norm_mean	token_q_norm_std	dispatch_avg_selected_count	dispatch_soft_selected_count	dispatch_dead_expert_ratio	dispatch_top1_top2_margin	dispatch_topk_pre_mass_mean	dispatch_topk_post_sum_mean	dispatch_topk_post_sum_abs_err	expert_token_count_cv	dispatch_soft_load	dispatch_hard_load	ema_active_expert_count	ema_proto_count_mean	ema_proto_count_min	ema_proto_count_max	ema_proto_update_cosine	ema_proto_delta_norm	ema_update_ratio	ema_proto_counts
1776720499.134	0	50	50	4.250000e-05	6.388222	6.381815	2.715560	18.799709	3.691541	0.000000	7.762659	7.813861	7.807480			2	0.001000	hard_ce	0.000000	-0.063931	0.730264	-3.578880	4.082783	1.000000	0.000000	3.779109	0.082834	0.000340	0.000000	1.000000	0.000000	0.017461	0.788901	0.571779	0.017191	0.000145	0.014831	0.017100	0.334851	0.833315	0.437981	0.837315	51.577100	7.729996	2.000000	2.000000	0.504861	0.021552	0.144116	1.000000	0.000000	2.909771	[0.016986, 0.016395, 0.013837, 0.01514, 0.017908, 0.019358, 0.016562, 0.014892, 0.014389, 0.015682, 0.016727, 0.016347, 0.014651, 0.017098, 0.015785, 0.016714, 0.019446, 0.015482, 0.014388, 0.013628, 0.017705, 0.019899, 0.016651, 0.015163, 0.014797, 0.01605, 0.016225, 0.014086, 0.015183, 0.019739, 0.01578, 0.022817, 0.017801, 0.014914, 0.013234, 0.014777, 0.017178, 0.017691, 0.018884, 0.01785, 0.016993, 0.015164, 0.017194, 0.017001, 0.013981, 0.021905, 0.01698, 0.015474, 0.015744, 0.019625, 0.015132, 0.01576, 0.015954, 0.016598, 0.014462, 0.015597, 0.020496, 0.017189, 0.021032, 0.019879]	[0.015869, 0.021213, 0.00708, 0.000732, 0.030572, 0.029378, 0.005941, 0.003933, 0.009006, 0.00255, 0.008084, 0.013021, 0.001573, 0.023519, 0.003282, 0.009983, 0.027941, 0.01359, 0.008708, 0.010362, 0.014052, 0.029433, 0.009901, 0.02379, 0.01142, 0.023085, 0.020671, 0.008681, 0.007406, 0.020237, 0.005669, 0.063938, 0.033963, 0.006239, 0.003092, 0.008816, 0.030843, 0.034397, 0.039605, 0.017198, 0.015001, 0.002306, 0.004042, 0.014486, 0.001899, 0.041667, 0.010661, 0.034668, 0.008681, 0.010796, 0.013482, 0.00887, 0.008518, 0.016249, 0.010851, 0.005859, 0.047201, 0.033664, 0.022217, 0.030111]	38.416667	25.600002	0.020878	464.811948	0.999958	0.009202	0.000085	[26.087234, 30.010397, 10.806446, 3.73108, 41.7715, 40.639275, 13.228477, 14.133932, 13.068922, 6.764234, 15.967772, 23.841391, 5.824912, 32.751099, 6.379314, 17.090399, 36.868553, 28.288422, 14.922282, 20.476917, 29.674347, 46.070919, 16.589817, 31.130819, 19.417452, 27.277006, 28.29871, 19.241665, 11.34153, 32.323151, 11.778292, 71.252243, 51.608093, 11.196311, 5.177488, 18.679127, 36.286575, 36.918869, 53.962383, 24.445381, 25.152637, 5.037536, 21.610355, 21.071342, 14.866416, 52.400951, 27.633705, 38.993019, 15.492895, 21.652538, 19.1427, 25.123444, 23.376144, 29.117498, 18.556376, 13.20428, 55.136139, 45.143734, 33.149529, 44.816071]
1776720722.496	0	100	100	8.416667e-05	4.001682	3.995289	2.681947	18.414707	3.711578	0.000000	5.143088	5.990643	5.984259			2	0.001000	hard_ce	0.000000	-0.026243	0.636271	-3.312449	4.126910	1.000000	0.000000	3.870692	0.070454	0.000541	0.000000	1.000000	0.000000	0.021711	0.980428	0.810053	0.021567	0.000269	0.036421	0.042032	0.334052	0.832799	0.450117	0.840720	47.508627	6.523844	2.000000	2.000000	0.565972	0.022387	0.118520	1.000000	0.000000	3.179379	[0.01706, 0.015514, 0.014784, 0.016956, 0.016015, 0.018424, 0.018236, 0.015633, 0.01407, 0.016613, 0.016854, 0.016085, 0.014486, 0.017309, 0.016585, 0.017012, 0.019856, 0.015393, 0.01395, 0.013313, 0.018065, 0.018444, 0.015345, 0.015364, 0.014809, 0.017942, 0.015752, 0.015292, 0.015895, 0.018976, 0.014608, 0.020781, 0.018097, 0.015414, 0.014041, 0.01388, 0.017709, 0.017903, 0.01703, 0.016538, 0.016644, 0.015756, 0.017335, 0.017939, 0.01468, 0.019344, 0.015342, 0.015987, 0.016591, 0.018641, 0.016532, 0.01541, 0.015174, 0.016586, 0.014848, 0.016844, 0.019093, 0.018311, 0.020084, 0.022828]	[0.012967, 0.015896, 0.002821, 0.002143, 0.020806, 0.057292, 0.018392, 0.009196, 0.008626, 0.003337, 0.006917, 0.013102, 0.002279, 0.011664, 0.002631, 0.009847, 0.027724, 0.022027, 0.004422, 0.004395, 0.046522, 0.005425, 0.003174, 0.029053, 0.010824, 0.043647, 0.00906, 0.009332, 0.007704, 0.027371, 0.003065, 0.041151, 0.044406, 0.004829, 0.00274, 0.000678, 0.021756, 0.038439, 0.009657, 0.010417, 0.01671, 0.002333, 0.003011, 0.0185, 0.001682, 0.034153, 0.008219, 0.03087, 0.011258, 0.003255, 0.032579, 0.00529, 0.010064, 0.016493, 0.010959, 0.002767, 0.063911, 0.034044, 0.013699, 0.05447]	35.875000	25.600002	0.000000	561.465761	0.999956	0.009331	0.000080	[20.037022, 24.029476, 5.283381, 4.152279, 32.276505, 60.364143, 31.616095, 21.458775, 11.122391, 5.769097, 9.136078, 23.835537, 3.403219, 26.697704, 4.708107, 16.003048, 42.541763, 28.760969, 7.423631, 22.184998, 57.929119, 33.073273, 6.72347, 33.724625, 18.950016, 49.242271, 14.77362, 16.261887, 10.601695, 42.610298, 5.685628, 61.459911, 61.155987, 9.265606, 4.821795, 7.80582, 44.729622, 41.79472, 19.924057, 13.535377, 16.831837, 4.06077, 21.464611, 30.488678, 7.068655, 36.473518, 21.08927, 36.274086, 13.322631, 17.727787, 38.520428, 14.579842, 29.735792, 27.671326, 19.49556, 8.103561, 66.354042, 45.763969, 39.18824, 86.91243]
1776720935.172	0	150	150	9.998908e-05	2.996596	2.990365	2.529189	19.067787	3.702013	0.000000	3.348179	4.277389	4.271095			2	0.001000	hard_ce	0.000000	0.017314	0.691319	-3.322079	4.080636	1.000000	0.000000	3.856485	0.068799	0.000454	0.000000	1.000000	0.000000	0.030800	1.390406	1.263971	0.021769	0.001084	0.090768	0.090383	0.333365	0.832342	0.478254	0.849584	46.551375	6.951938	2.000000	2.000000	0.575000	0.019283	0.118314	1.000000	0.000000	3.175732	[0.017574, 0.017493, 0.014529, 0.016645, 0.015777, 0.019124, 0.019935, 0.018836, 0.01485, 0.01745, 0.01763, 0.016267, 0.014705, 0.017098, 0.016326, 0.017035, 0.018808, 0.016134, 0.014096, 0.012915, 0.019146, 0.016854, 0.015832, 0.016378, 0.016, 0.016531, 0.01568, 0.014108, 0.016338, 0.01959, 0.014767, 0.019444, 0.018431, 0.015764, 0.013963, 0.013735, 0.017117, 0.01719, 0.015314, 0.01684, 0.018139, 0.016556, 0.016404, 0.019529, 0.015429, 0.016137, 0.015502, 0.015524, 0.017462, 0.019848, 0.016698, 0.014152, 0.014475, 0.01596, 0.014974, 0.014878, 0.019429, 0.019476, 0.019039, 0.018142]	[0.024089, 0.0338, 0.004801, 0.000732, 0.014567, 0.046929, 0.015191, 0.036567, 0.006483, 0.007568, 0.00472, 0.011637, 0.001465, 0.024034, 0.002631, 0.009847, 0.008355, 0.031277, 0.004096, 0.002469, 0.058865, 0.001519, 0.005181, 0.032145, 0.010851, 0.00415, 0.007351, 0.006185, 0.006917, 0.025336, 0.00274, 0.039958, 0.054498, 0.003798, 0.002957, 0.003228, 0.013428, 0.037245, 0.005154, 0.003364, 0.026964, 0.006375, 0.002224, 0.043511, 0.012126, 0.025255, 0.008735, 0.033854, 0.006673, 0.032525, 0.015978, 0.007324, 0.01039, 0.018392, 0.009684, 0.007677, 0.060384, 0.026747, 0.011203, 0.017849]	33.458333	25.600003	0.000000	602.230911	0.999958	0.009144	0.000086	[30.172535, 37.583248, 3.368328, 2.114259, 22.8543, 59.030388, 35.630909, 41.857468, 7.225722, 11.943054, 6.086743, 29.944271, 1.627873, 49.225246, 3.966297, 9.121888, 25.765804, 37.80909, 4.557974, 16.015545, 74.461288, 28.135168, 6.856108, 35.399551, 23.363506, 9.306505, 7.74629, 7.285108, 7.480178, 45.852325, 4.678919, 55.80674, 75.541824, 4.604764, 3.59737, 15.531315, 26.104116, 42.472633, 12.549459, 5.895994, 37.989941, 7.420708, 9.594473, 55.360901, 22.918402, 28.848783, 26.003639, 37.095589, 11.318553, 47.049694, 27.914068, 12.999202, 27.244827, 36.844383, 34.291687, 8.534455, 68.392303, 51.777298, 24.027937, 31.803106]
1776721172.667	0	200	200	9.992240e-05	2.897694	2.891582	2.388241	19.215851	3.724540	0.000000	3.138242	3.547550	3.541234	3.014783	20.384675	2	0.001000	hard_ce	0.000000	0.054217	0.667976	-3.313731	4.151188	1.000000	0.000000	3.877956	0.065848	0.000418	0.000000	1.000000	0.000000	0.044293	1.995331	1.911765	0.041398	0.002752	0.188026	0.170903	0.332949	0.832352	0.508872	0.858585	44.451398	7.190056	2.000000	2.000000	0.580556	0.019839	0.111857	1.000000	0.000000	3.209432	[0.015858, 0.016694, 0.015591, 0.016862, 0.016813, 0.019936, 0.018169, 0.017882, 0.015217, 0.017889, 0.017197, 0.016023, 0.014895, 0.016177, 0.016924, 0.017779, 0.018984, 0.015966, 0.01551, 0.012812, 0.018154, 0.016553, 0.016298, 0.016243, 0.015864, 0.017358, 0.015024, 0.014169, 0.015714, 0.019339, 0.014579, 0.017863, 0.018472, 0.016082, 0.015154, 0.014534, 0.016666, 0.01745, 0.016141, 0.016359, 0.015721, 0.017398, 0.01631, 0.020401, 0.015874, 0.014931, 0.015571, 0.015031, 0.019089, 0.018086, 0.018237, 0.014851, 0.014511, 0.016793, 0.014407, 0.015646, 0.018785, 0.017094, 0.020752, 0.019317]	[0.024061, 0.031657, 0.004856, 0.000814, 0.011827, 0.078939, 0.034641, 0.033257, 0.005317, 0.010308, 0.004476, 0.011583, 0.002577, 0.035021, 0.002848, 0.02181, 0.018826, 0.012044, 0.003282, 0.001438, 0.035943, 0.002333, 0.009657, 0.030463, 0.021539, 0.010227, 0.005832, 0.005561, 0.007406, 0.028293, 0.003961, 0.037489, 0.049262, 0.003798, 0.003228, 0.00293, 0.011529, 0.035699, 0.003771, 0.004395, 0.002441, 0.005751, 0.002631, 0.039117, 0.002333, 0.010227, 0.0067, 0.035048, 0.015788, 0.003798, 0.041206, 0.006375, 0.014079, 0.032932, 0.006158, 0.004666, 0.057237, 0.00217, 0.022786, 0.025662]	35.458333	25.600003	0.000000	545.646825	0.999959	0.009093	0.000083	[31.56181, 55.129204, 7.439039, 5.757247, 19.121578, 77.278366, 37.254436, 37.354595, 7.722242, 20.683996, 13.802128, 17.726227, 5.072253, 46.806564, 8.618991, 28.526501, 47.687374, 25.411346, 6.035354, 8.028346, 60.772469, 18.967255, 16.615007, 35.080494, 27.369736, 35.06543, 9.454761, 9.886582, 16.624228, 37.96294, 7.036431, 40.260643, 63.514324, 4.481997, 5.917436, 11.711494, 30.23101, 35.779182, 15.422961, 10.353731, 10.084953, 9.681162, 9.314631, 65.231277, 5.803103, 16.037434, 15.382739, 34.042454, 21.459713, 12.968349, 47.183514, 15.264313, 34.792538, 39.350201, 22.503296, 12.196756, 63.425385, 9.086472, 48.910637, 43.755402]
1776721382.729	0	250	250	9.979520e-05	2.590358	2.584284	2.346294	19.344372	3.727858	0.000000	2.916178	3.133389	3.127209			2	0.001000	hard_ce	0.000000	0.070571	0.664243	-3.286648	4.033754	1.000000	0.000000	3.884992	0.064175	0.000476	0.000000	1.000000	0.000000	0.056968	2.559418	2.526166	0.071184	0.003763	0.297298	0.261088	0.332442	0.831296	0.529369	0.865274	43.561307	7.502591	2.000000	2.000000	0.595139	0.019285	0.109064	1.000000	0.000000	3.111729	[0.015691, 0.016522, 0.015531, 0.016933, 0.017762, 0.019573, 0.018222, 0.017027, 0.015419, 0.017245, 0.017102, 0.015177, 0.015325, 0.016591, 0.016476, 0.017849, 0.018363, 0.016336, 0.015822, 0.013402, 0.01825, 0.017769, 0.016503, 0.015457, 0.015684, 0.021155, 0.015501, 0.014031, 0.015412, 0.018021, 0.015026, 0.017633, 0.019205, 0.016384, 0.014951, 0.015454, 0.017284, 0.017079, 0.015229, 0.015133, 0.015782, 0.019015, 0.015364, 0.019795, 0.016632, 0.015576, 0.014675, 0.015449, 0.019527, 0.016792, 0.016758, 0.014714, 0.014233, 0.018356, 0.014726, 0.016783, 0.01878, 0.01734, 0.018521, 0.017654]	[0.014811, 0.031033, 0.003743, 0.005127, 0.014594, 0.059353, 0.030518, 0.004774, 0.007161, 0.003608, 0.009549, 0.009603, 0.003771, 0.027696, 0.003255, 0.014784, 0.014106, 0.014296, 0.005371, 0.003337, 0.037055, 0.005832, 0.019477, 0.027344, 0.010254, 0.072862, 0.007026, 0.00529, 0.009793, 0.029378, 0.004015, 0.041558, 0.056342, 0.005235, 0.002686, 0.004232, 0.014323, 0.028592, 0.002387, 0.003798, 0.011176, 0.0287, 0.001546, 0.016168, 0.00293, 0.020155, 0.004829, 0.041612, 0.0271, 0.003065, 0.037028, 0.005344, 0.01256, 0.035428, 0.014838, 0.005968, 0.023356, 0.003445, 0.013075, 0.023709]	34.166667	25.600002	0.000000	566.681203	0.999959	0.009034	0.000085	[28.573074, 46.904594, 4.12039, 13.732193, 22.076988, 68.51825, 32.108887, 20.265953, 10.888298, 8.279253, 21.68425, 17.068119, 15.252174, 45.957642, 4.680002, 23.482525, 26.068588, 40.412365, 25.769773, 21.147659, 44.381893, 21.972988, 30.864101, 31.076689, 15.775064, 79.058403, 14.126242, 9.966471, 13.070129, 34.521568, 8.455565, 43.446621, 62.615761, 8.751116, 3.633816, 11.179721, 34.101055, 32.425583, 4.475259, 7.437948, 21.131672, 37.269066, 3.384655, 30.987053, 5.581659, 28.922153, 12.936839, 48.102043, 36.348473, 13.590055, 39.474091, 9.552923, 28.606857, 37.656418, 27.392385, 10.914428, 38.588161, 14.061297, 34.471176, 48.701668]
1776721593.778	0	300	300	9.960770e-05	2.488723	2.482929	2.055256	19.173182	3.739119	0.000000	2.858495	2.956162	2.950138			2	0.001000	hard_ce	0.000000	0.070983	0.636400	-3.335442	4.063348	1.000000	0.000000	3.901798	0.058643	0.000442	0.000000	1.000000	0.000000	0.063884	2.861495	2.835660	0.089089	0.004545	0.364828	0.325813	0.332067	0.830183	0.536833	0.867401	42.131095	7.801149	2.000000	2.000000	0.580556	0.015087	0.102198	1.000000	0.000000	3.132171	[0.016933, 0.016504, 0.015754, 0.017166, 0.017832, 0.01918, 0.01947, 0.017335, 0.015072, 0.016315, 0.017405, 0.015364, 0.015934, 0.017387, 0.016354, 0.017092, 0.018019, 0.016316, 0.015306, 0.013913, 0.01787, 0.016625, 0.015786, 0.015708, 0.017239, 0.017965, 0.015664, 0.013927, 0.015452, 0.018807, 0.015505, 0.015946, 0.018725, 0.01635, 0.014865, 0.016157, 0.016514, 0.017975, 0.015572, 0.016397, 0.016875, 0.018628, 0.015817, 0.020523, 0.016342, 0.015547, 0.014578, 0.015981, 0.019749, 0.016424, 0.015976, 0.0148, 0.014176, 0.017645, 0.015293, 0.016733, 0.017831, 0.01751, 0.018317, 0.017549]	[0.010037, 0.021593, 0.004069, 0.003608, 0.005046, 0.040392, 0.04758, 0.026693, 0.005561, 0.002577, 0.013889, 0.010145, 0.003743, 0.030843, 0.003581, 0.008925, 0.013048, 0.010254, 0.004584, 0.009847, 0.021512, 0.002984, 0.007921, 0.030165, 0.015408, 0.040826, 0.010932, 0.004829, 0.008599, 0.041368, 0.005317, 0.03285, 0.044189, 0.005425, 0.002089, 0.012967, 0.035048, 0.032606, 0.00274, 0.010525, 0.010037, 0.011529, 0.001329, 0.052599, 0.007514, 0.011258, 0.010634, 0.036431, 0.028212, 0.004774, 0.03049, 0.004015, 0.0185, 0.025526, 0.016385, 0.004557, 0.031901, 0.002957, 0.029622, 0.017415]	34.291667	25.600002	0.000000	534.146516	0.999959	0.009061	0.000082	[16.347937, 36.532749, 3.762746, 6.345632, 14.519575, 52.263382, 50.471096, 33.538376, 5.578055, 3.639117, 21.587118, 17.09145, 10.980246, 49.129986, 4.005133, 11.652739, 27.613783, 30.770496, 17.012074, 26.589056, 55.254906, 12.250248, 14.599546, 32.258381, 28.786459, 45.095421, 21.784271, 8.252405, 12.073338, 47.979095, 6.669193, 30.484669, 73.774216, 12.090049, 3.421391, 29.675854, 48.138382, 35.793819, 8.478947, 20.154648, 24.014874, 21.440023, 9.813108, 66.077271, 11.111061, 23.427481, 18.487715, 44.493477, 37.817661, 14.189963, 36.027287, 9.719851, 26.51405, 38.782368, 40.099945, 10.189398, 36.669781, 9.482656, 41.81834, 29.377758]
1776721809.950	0	350	350	9.936019e-05	2.725912	2.719908	2.263986	19.445324	3.739792	0.000000	2.823064	2.858173	2.852183			2	0.001000	hard_ce	0.000000	0.088504	0.652472	-3.431114	4.148609	1.000000	0.000000	3.893301	0.060595	0.000422	0.000000	1.000000	0.000000	0.068753	3.067851	3.071524	0.115668	0.005235	0.419572	0.368013	0.331863	0.829629	0.539176	0.867054	42.020678	7.581492	2.000000	2.000000	0.574306	0.016880	0.104310	1.000000	0.000000	3.173464	[0.016509, 0.015731, 0.015183, 0.017306, 0.016892, 0.018653, 0.019957, 0.017404, 0.014854, 0.016883, 0.016482, 0.015016, 0.016515, 0.016478, 0.017023, 0.017277, 0.018496, 0.015753, 0.014269, 0.013956, 0.017887, 0.016423, 0.016204, 0.015225, 0.016386, 0.019411, 0.015784, 0.014489, 0.016057, 0.020658, 0.014772, 0.015729, 0.019285, 0.015883, 0.016102, 0.015328, 0.015946, 0.018396, 0.014633, 0.01707, 0.016997, 0.018236, 0.015869, 0.022517, 0.015688, 0.016167, 0.014135, 0.015947, 0.018788, 0.017803, 0.015936, 0.013932, 0.014227, 0.016978, 0.015826, 0.017044, 0.019137, 0.01752, 0.017786, 0.017163]	[0.015978, 0.00963, 0.002604, 0.001329, 0.005615, 0.042155, 0.041721, 0.007297, 0.0051, 0.004693, 0.005914, 0.014323, 0.003282, 0.037652, 0.003282, 0.019911, 0.027805, 0.008464, 0.002821, 0.002794, 0.037977, 0.004801, 0.006863, 0.032199, 0.006646, 0.039442, 0.011258, 0.007677, 0.003689, 0.043104, 0.004123, 0.008653, 0.048638, 0.003255, 0.002875, 0.010064, 0.038222, 0.025553, 0.002767, 0.00708, 0.008355, 0.005778, 0.003662, 0.090576, 0.007812, 0.04579, 0.007026, 0.037137, 0.01614, 0.012587, 0.023519, 0.003499, 0.007026, 0.00963, 0.01907, 0.006158, 0.058105, 0.001465, 0.022135, 0.00727]	36.166667	25.600002	0.000000	510.935885	0.999959	0.009044	0.000080	[21.035816, 29.68869, 5.302934, 3.470548, 15.768761, 49.679192, 43.105385, 13.592382, 9.026449, 14.154058, 13.028895, 20.29393, 8.911311, 41.590424, 7.943321, 28.564487, 43.448853, 27.037924, 6.157256, 15.658396, 61.013039, 13.971141, 12.311039, 31.733585, 18.804617, 56.605194, 23.829895, 14.172934, 11.827272, 56.157879, 9.214355, 15.508365, 72.615082, 8.816439, 7.512897, 23.663044, 46.08139, 28.671515, 12.421466, 16.889271, 16.581747, 22.024807, 16.06781, 93.287193, 13.454422, 45.946236, 14.475253, 40.259071, 25.743172, 23.566067, 28.677275, 8.396571, 18.078316, 19.810398, 46.396622, 27.81604, 51.59269, 8.069547, 32.521008, 23.956373]
1776722050.140	0	400	400	9.905307e-05	2.778774	2.772865	2.156775	19.325085	3.752201	0.000000	2.804146	2.824002	2.818042	2.821370	16.799849	2	0.001000	hard_ce	0.000000	0.088815	0.634055	-3.410413	4.143083	1.000000	0.000000	3.904412	0.058169	0.000454	0.000000	1.000000	0.000000	0.072237	3.210845	3.244847	0.143918	0.004913	0.467389	0.398092	0.331627	0.829662	0.536546	0.866548	41.083951	7.978987	2.000000	2.000000	0.584028	0.015478	0.100859	1.000000	0.000000	3.097422	[0.016393, 0.01574, 0.016139, 0.017562, 0.016492, 0.01905, 0.019631, 0.017438, 0.014694, 0.015762, 0.016561, 0.015772, 0.016178, 0.016615, 0.016587, 0.016462, 0.018612, 0.015642, 0.014893, 0.014233, 0.018803, 0.017158, 0.016764, 0.016133, 0.017583, 0.018199, 0.014862, 0.014033, 0.01829, 0.019494, 0.015587, 0.016368, 0.019481, 0.016595, 0.015025, 0.015123, 0.015437, 0.017989, 0.01447, 0.016267, 0.016887, 0.017856, 0.015364, 0.021699, 0.015686, 0.015479, 0.01418, 0.016001, 0.021233, 0.017582, 0.015973, 0.015044, 0.014326, 0.01784, 0.015228, 0.016436, 0.018315, 0.016591, 0.017215, 0.016946]	[0.007189, 0.006619, 0.003879, 0.000949, 0.017144, 0.043457, 0.034017, 0.003364, 0.004639, 0.001845, 0.011936, 0.00925, 0.003554, 0.021105, 0.004123, 0.009576, 0.017985, 0.008925, 0.003581, 0.0051, 0.037164, 0.006917, 0.008762, 0.037354, 0.008111, 0.048801, 0.02596, 0.005941, 0.037408, 0.036702, 0.004422, 0.037191, 0.055311, 0.003933, 0.001682, 0.01614, 0.012777, 0.023275, 0.002658, 0.006727, 0.015869, 0.006592, 0.001573, 0.075982, 0.004042, 0.017578, 0.003988, 0.037381, 0.027344, 0.003798, 0.038927, 0.002604, 0.00491, 0.017822, 0.032172, 0.008328, 0.043186, 0.001411, 0.01161, 0.009413]	34.625000	25.600002	0.000000	526.136152	0.999959	0.009004	0.000080	[21.340385, 17.888084, 6.570901, 2.944091, 26.973034, 57.335968, 35.477715, 7.10842, 6.695179, 5.456245, 24.260845, 17.224251, 8.213036, 35.185219, 8.728804, 21.839788, 41.912895, 20.390305, 4.970218, 15.840109, 55.630444, 21.833815, 14.829937, 42.323624, 12.550696, 57.456005, 35.426575, 10.572881, 51.150249, 45.348003, 7.867332, 39.210541, 77.726807, 6.827098, 3.737522, 26.724775, 30.318787, 34.300957, 8.345134, 14.092108, 31.449331, 33.687279, 4.783368, 91.413681, 6.30835, 24.027122, 9.200439, 39.371857, 42.462303, 9.505938, 42.56678, 10.84141, 10.089437, 30.531721, 51.283661, 13.80747, 44.895092, 11.100752, 29.770542, 16.274729]
1776722263.033	0	450	450	9.868685e-05	2.925855	2.920119	1.980242	19.024700	3.755745	0.000000	2.807056	2.813319	2.807456			2	0.001000	hard_ce	0.000000	0.079433	0.600321	-3.356851	4.167058	1.000000	0.000000	3.925407	0.054244	0.000401	0.000000	1.000000	0.000000	0.071136	3.149226	3.179257	0.144463	0.004030	0.467816	0.409599	0.331541	0.830340	0.528639	0.865589	38.419851	8.297474	2.000000	2.000000	0.569444	0.013340	0.095147	1.000000	0.000000	3.067881	[0.016489, 0.016064, 0.016521, 0.017351, 0.016783, 0.019313, 0.020769, 0.017928, 0.015395, 0.015663, 0.016785, 0.016236, 0.015852, 0.016695, 0.015909, 0.016827, 0.01796, 0.015327, 0.015707, 0.014068, 0.017693, 0.01773, 0.016762, 0.016422, 0.017832, 0.017089, 0.01396, 0.014612, 0.017572, 0.019531, 0.015947, 0.016379, 0.019339, 0.016068, 0.01473, 0.015805, 0.015493, 0.017713, 0.014908, 0.016105, 0.017645, 0.01791, 0.015374, 0.020186, 0.016647, 0.015211, 0.01534, 0.015792, 0.020744, 0.016554, 0.016646, 0.014283, 0.013999, 0.018237, 0.01477, 0.017209, 0.017567, 0.01646, 0.017447, 0.016646]	[0.006646, 0.018121, 0.006999, 0.016574, 0.00217, 0.049371, 0.036594, 0.025119, 0.009196, 0.001872, 0.007406, 0.017877, 0.004286, 0.00925, 0.00274, 0.009928, 0.012614, 0.006456, 0.00472, 0.004178, 0.0338, 0.00312, 0.008572, 0.035889, 0.019965, 0.027127, 0.01907, 0.01359, 0.031033, 0.037408, 0.009277, 0.03871, 0.055773, 0.009115, 0.001248, 0.032335, 0.003228, 0.016737, 0.004286, 0.007921, 0.016574, 0.014594, 0.001112, 0.041314, 0.005832, 0.02002, 0.010254, 0.030301, 0.016493, 0.0067, 0.034885, 0.00293, 0.005046, 0.037218, 0.00529, 0.018528, 0.020128, 0.005669, 0.022624, 0.02417]	34.791667	25.600002	0.000000	491.922155	0.999959	0.009003	0.000079	[17.444962, 35.750523, 12.565283, 23.767597, 11.907016, 50.829201, 44.932396, 35.108929, 14.522284, 2.930956, 18.278927, 26.217566, 7.263648, 29.111198, 4.915508, 17.25304, 22.39217, 12.268931, 15.695389, 12.017973, 40.590942, 11.342451, 13.707731, 35.638458, 26.242867, 33.485023, 26.203787, 20.29204, 51.885418, 47.334789, 20.833862, 42.006313, 72.681, 11.625537, 3.672318, 46.666195, 23.586575, 21.718939, 9.056651, 12.283981, 32.399986, 24.458363, 3.219231, 61.690788, 10.644008, 21.175152, 21.193432, 37.751747, 36.326111, 12.579753, 37.948479, 9.943693, 9.844202, 43.223049, 21.214743, 36.840466, 27.308874, 18.436533, 50.374905, 33.39817]
1776722480.076	0	500	500	9.826212e-05	2.608359	2.602684	1.928107	19.328983	3.746786	0.000000	2.799448	2.805857	2.800134			2	0.001000	hard_ce	0.000000	0.089361	0.635685	-3.450780	4.150825	1.000000	0.000000	3.905626	0.058282	0.000391	0.000000	1.000000	0.000000	0.073872	3.258985	3.309358	0.198771	0.004011	0.502000	0.437103	0.331210	0.831315	0.527126	0.864991	39.687818	8.497554	2.000000	2.000000	0.555556	0.016052	0.100512	1.000000	0.000000	2.780690	[0.016677, 0.016713, 0.015479, 0.016547, 0.016512, 0.017697, 0.020559, 0.017537, 0.01558, 0.015925, 0.016902, 0.016889, 0.016424, 0.016791, 0.016093, 0.017318, 0.017219, 0.01557, 0.015545, 0.014396, 0.018872, 0.016704, 0.01738, 0.016339, 0.018324, 0.016953, 0.015045, 0.014301, 0.017448, 0.018591, 0.015281, 0.017347, 0.017764, 0.016533, 0.015204, 0.016078, 0.014732, 0.016741, 0.01482, 0.016077, 0.016945, 0.017523, 0.015587, 0.021599, 0.016725, 0.015003, 0.015222, 0.016179, 0.020131, 0.016985, 0.016024, 0.014492, 0.014915, 0.018682, 0.0151, 0.016832, 0.017408, 0.016606, 0.017939, 0.017195]	[0.009115, 0.01199, 0.003798, 0.0016, 0.003798, 0.021701, 0.038113, 0.021213, 0.01473, 0.001872, 0.014404, 0.020698, 0.003635, 0.026177, 0.00293, 0.020209, 0.009413, 0.006076, 0.002631, 0.008192, 0.046766, 0.009711, 0.011068, 0.031874, 0.018148, 0.019097, 0.026286, 0.00651, 0.013618, 0.037842, 0.005995, 0.045871, 0.02691, 0.006809, 0.003825, 0.026069, 0.004856, 0.018826, 0.004096, 0.005832, 0.013102, 0.003309, 0.002496, 0.059679, 0.011285, 0.026015, 0.005534, 0.02615, 0.019233, 0.002631, 0.017307, 0.00434, 0.005697, 0.04145, 0.017144, 0.029731, 0.038466, 0.001411, 0.044949, 0.017768]	35.041667	25.600002	0.000000	464.553800	0.999959	0.008981	0.000081	[27.020092, 19.418819, 6.153703, 6.993684, 8.977641, 29.72727, 47.643078, 34.459827, 20.657162, 3.080044, 26.309486, 36.797882, 9.096808, 31.399275, 9.552986, 37.612362, 29.667175, 8.743849, 11.528392, 17.528156, 71.485764, 23.776579, 19.755157, 31.519894, 38.203964, 24.039373, 28.037048, 9.673302, 24.340399, 47.184628, 7.946922, 48.304672, 59.19265, 14.686313, 6.420624, 37.582317, 9.437229, 22.345947, 7.79304, 11.165442, 27.684401, 8.093593, 5.822631, 82.662537, 21.360844, 27.328312, 15.713279, 27.330864, 27.846493, 9.981777, 25.069736, 9.642518, 11.577003, 44.122147, 42.136711, 37.139736, 43.425854, 10.703667, 67.125504, 25.973488]
1776722706.703	0	550	550	9.777955e-05	2.822122	2.816530	1.842867	19.249496	3.749888	0.000000	2.673511	2.717875	2.712266			2	0.001000	hard_ce	0.000000	0.083450	0.629970	-3.479668	4.253665	1.000000	0.000000	3.907700	0.058329	0.000421	0.000000	1.000000	0.000000	0.075013	3.297436	3.357798	0.238389	0.004348	0.520379	0.454095	0.331156	0.831712	0.524261	0.865028	39.086116	8.762285	2.000000	2.000000	0.518750	0.015802	0.100855	1.000000	0.000000	2.666858	[0.01605, 0.016085, 0.016173, 0.016617, 0.016826, 0.017771, 0.020014, 0.017558, 0.015667, 0.015959, 0.016664, 0.017176, 0.016072, 0.015706, 0.01681, 0.017482, 0.017191, 0.016249, 0.015122, 0.014832, 0.017723, 0.017024, 0.016999, 0.016198, 0.016927, 0.017587, 0.016358, 0.014648, 0.017902, 0.019798, 0.015458, 0.016465, 0.018284, 0.01572, 0.015052, 0.015371, 0.014996, 0.017093, 0.014709, 0.016285, 0.016345, 0.017519, 0.015614, 0.021571, 0.01621, 0.015224, 0.015597, 0.015998, 0.020484, 0.016942, 0.016145, 0.015439, 0.015278, 0.017258, 0.015384, 0.01584, 0.017977, 0.017144, 0.018876, 0.016532]	[0.015028, 0.006646, 0.009223, 0.007216, 0.013699, 0.030246, 0.035455, 0.009684, 0.006646, 0.001899, 0.009413, 0.017524, 0.00274, 0.022868, 0.004205, 0.016954, 0.008301, 0.013184, 0.003201, 0.014052, 0.032416, 0.010878, 0.020372, 0.029948, 0.010091, 0.027479, 0.035455, 0.007324, 0.027452, 0.037109, 0.012044, 0.047662, 0.01275, 0.004367, 0.005805, 0.033881, 0.004069, 0.030599, 0.003337, 0.00944, 0.013184, 0.007785, 0.002306, 0.06486, 0.004449, 0.013319, 0.00784, 0.029622, 0.026964, 0.003472, 0.012695, 0.007134, 0.00944, 0.016086, 0.023193, 0.006592, 0.030382, 0.003716, 0.053358, 0.012939]	36.500000	25.600002	0.000000	442.336671	0.999959	0.009048	0.000079	[20.78735, 15.687122, 13.953121, 21.699797, 23.750072, 36.244198, 43.079796, 28.178387, 10.355257, 4.651353, 22.310942, 37.574547, 8.16485, 31.842369, 12.238384, 31.477024, 13.435509, 15.868309, 8.242805, 23.14646, 55.044872, 30.442604, 29.83074, 40.446339, 23.110039, 29.628164, 40.958122, 12.964289, 39.64764, 56.677441, 14.574546, 57.126671, 39.064785, 8.097865, 9.499613, 36.595398, 13.998512, 32.232574, 5.072569, 12.269768, 22.367592, 16.100281, 8.172368, 72.768402, 13.536876, 14.717521, 20.228577, 38.34436, 44.657375, 9.601491, 22.508307, 14.722095, 18.216946, 18.421751, 45.73521, 13.149196, 37.646976, 11.91095, 69.35878, 13.864815]
1776722962.260	0	600	600	9.723994e-05	2.767410	2.761996	1.667422	18.887651	3.746801	0.000000	2.720244	2.731276	2.725739	2.763158	15.849819	2	0.001000	hard_ce	0.000000	0.061915	0.599893	-3.438655	4.272425	1.000000	0.000000	3.920778	0.056413	0.000393	0.000000	1.000000	0.000000	0.075326	3.296432	3.303616	0.265785	0.004502	0.519440	0.454800	0.330976	0.832153	0.518199	0.865077	37.586783	8.875510	2.000000	2.000000	0.536806	0.015275	0.097552	1.000000	0.000000	2.637003	[0.015794, 0.015353, 0.016101, 0.016911, 0.017274, 0.017776, 0.019989, 0.017003, 0.015375, 0.01653, 0.016158, 0.017154, 0.016187, 0.016338, 0.015281, 0.016838, 0.017095, 0.016112, 0.015642, 0.015272, 0.019169, 0.017277, 0.01655, 0.016189, 0.018318, 0.016342, 0.015295, 0.015228, 0.018146, 0.018092, 0.01564, 0.017391, 0.019614, 0.015695, 0.015162, 0.016545, 0.015118, 0.017767, 0.014969, 0.015996, 0.016984, 0.017558, 0.01507, 0.018905, 0.016771, 0.015564, 0.015688, 0.016374, 0.019201, 0.016985, 0.016468, 0.015396, 0.015075, 0.016325, 0.016021, 0.016002, 0.018296, 0.016994, 0.017907, 0.017733]	[0.013536, 0.007134, 0.009874, 0.001221, 0.010661, 0.015761, 0.037706, 0.010091, 0.006293, 0.00746, 0.006429, 0.022786, 0.002821, 0.030328, 0.001573, 0.011312, 0.007243, 0.009304, 0.003065, 0.027642, 0.055664, 0.005181, 0.015761, 0.047445, 0.012234, 0.015598, 0.02672, 0.01435, 0.020318, 0.017714, 0.013075, 0.033447, 0.032389, 0.003201, 0.002848, 0.037842, 0.011637, 0.042725, 0.003147, 0.012994, 0.011502, 0.008328, 0.002116, 0.038086, 0.003364, 0.027398, 0.005398, 0.032688, 0.011556, 0.011285, 0.021783, 0.008192, 0.006212, 0.01256, 0.019558, 0.006158, 0.047472, 0.003635, 0.038601, 0.017578]	38.625000	25.600002	0.000000	401.680049	0.999959	0.009084	0.000076	[16.180677, 20.468483, 13.198683, 6.757679, 20.916815, 26.984077, 52.017254, 23.502518, 8.243168, 11.091537, 12.28062, 36.437229, 8.517597, 35.404671, 4.828938, 21.347342, 22.83161, 19.417633, 6.962047, 36.451099, 74.726303, 13.30944, 30.100979, 49.393654, 27.230309, 28.095182, 34.382214, 21.477835, 30.822922, 32.557129, 15.837429, 39.65963, 70.806694, 5.824013, 7.252792, 44.240517, 19.69808, 53.281433, 7.18407, 21.112799, 25.186003, 17.051031, 6.534952, 56.11314, 10.558182, 29.680761, 19.495193, 37.541767, 20.570169, 22.504438, 29.962851, 17.736115, 14.268724, 16.398113, 36.294868, 15.21837, 44.769131, 9.153396, 54.196011, 21.933727]
1776723189.085	0	650	650	9.664416e-05	2.609449	2.603866	1.848150	19.223665	3.734435	0.000000	2.660075	2.684858	2.679346			2	0.001000	hard_ce	0.000000	0.072097	0.637276	-3.484699	4.322001	1.000000	0.000000	3.897173	0.061878	0.000370	0.000000	1.000000	0.000000	0.074765	3.262654	3.334796	0.287521	0.003302	0.530964	0.470122	0.330778	0.832465	0.513816	0.864530	38.226822	8.889826	2.000000	2.000000	0.528472	0.018190	0.105566	1.000000	0.000000	2.577048	[0.016237, 0.016119, 0.01569, 0.017208, 0.016287, 0.01703, 0.020368, 0.016822, 0.015205, 0.016509, 0.016598, 0.016225, 0.016215, 0.015914, 0.015195, 0.017597, 0.017252, 0.016174, 0.014872, 0.014671, 0.020214, 0.016836, 0.016375, 0.015982, 0.017434, 0.017935, 0.015741, 0.01496, 0.017804, 0.018798, 0.015462, 0.016869, 0.019708, 0.015323, 0.015591, 0.016426, 0.015595, 0.016726, 0.014864, 0.016758, 0.016145, 0.017357, 0.015624, 0.021289, 0.015817, 0.015559, 0.015384, 0.015823, 0.01934, 0.0172, 0.015958, 0.015455, 0.015049, 0.016936, 0.015516, 0.016953, 0.017362, 0.01834, 0.017937, 0.017365]	[0.019477, 0.008599, 0.008626, 0.002821, 0.010362, 0.011746, 0.045709, 0.00982, 0.005914, 0.00708, 0.009711, 0.014811, 0.001682, 0.020481, 0.002116, 0.01907, 0.026476, 0.011366, 0.00255, 0.012071, 0.073676, 0.009766, 0.013129, 0.020074, 0.009549, 0.032661, 0.034966, 0.01218, 0.019884, 0.012316, 0.006809, 0.023275, 0.021457, 0.004774, 0.006321, 0.028646, 0.020888, 0.045817, 0.002089, 0.022217, 0.010607, 0.005995, 0.002821, 0.055094, 0.004015, 0.026177, 0.014676, 0.029514, 0.011529, 0.009277, 0.019667, 0.004042, 0.006619, 0.015191, 0.020209, 0.011882, 0.012478, 0.024278, 0.031955, 0.012994]	37.333333	25.600002	0.000000	410.821819	0.999960	0.008978	0.000080	[23.397739, 14.897269, 13.8833, 6.484773, 12.725223, 19.736189, 65.212013, 17.587955, 9.572716, 15.902201, 21.93524, 29.526249, 8.622279, 28.57716, 3.797163, 33.131691, 31.371557, 24.708233, 5.82212, 24.542288, 78.263046, 18.948265, 16.289059, 32.259102, 21.542126, 38.853481, 40.503029, 17.024323, 45.432312, 24.582182, 9.350514, 32.892586, 66.555321, 6.787973, 9.028951, 36.944691, 23.765678, 50.704582, 4.122666, 32.001923, 19.00227, 11.830219, 7.877295, 76.079315, 5.340073, 26.910019, 28.146933, 33.2967, 23.719627, 20.438824, 30.411367, 11.998636, 18.775879, 18.086637, 32.875011, 25.934645, 28.42448, 29.591873, 47.374725, 22.600353]
1776723416.153	0	700	700	9.599316e-05	2.298169	2.292825	1.621807	18.834209	3.722547	0.000000	2.727452	2.706148	2.700726			2	0.001000	hard_ce	0.000000	0.041434	0.622722	-3.241585	4.290586	1.000000	0.000000	3.907024	0.060003	0.000441	0.000000	1.000000	0.000000	0.074226	3.222693	3.223097	0.325585	0.003755	0.518910	0.457997	0.330495	0.832551	0.506075	0.863832	37.244409	9.349717	2.000000	2.000000	0.515972	0.017524	0.102483	1.000000	0.000000	2.376437	[0.016229, 0.016193, 0.016023, 0.016957, 0.0173, 0.017348, 0.019387, 0.017186, 0.015109, 0.016245, 0.016138, 0.01673, 0.016285, 0.016349, 0.014998, 0.017416, 0.01707, 0.015698, 0.0149, 0.014492, 0.02032, 0.016923, 0.016409, 0.016667, 0.018416, 0.017287, 0.015815, 0.016324, 0.017487, 0.018482, 0.01612, 0.018032, 0.018198, 0.015539, 0.016467, 0.015659, 0.015445, 0.016737, 0.015003, 0.016332, 0.016206, 0.017517, 0.016164, 0.020036, 0.016277, 0.015808, 0.015516, 0.016574, 0.018858, 0.016691, 0.015953, 0.015109, 0.015395, 0.017601, 0.01575, 0.015942, 0.017002, 0.017591, 0.017106, 0.017184]	[0.011176, 0.010227, 0.010471, 0.003743, 0.005995, 0.01983, 0.045627, 0.016873, 0.008843, 0.005235, 0.008653, 0.019477, 0.006104, 0.023112, 0.002523, 0.018473, 0.022814, 0.009467, 0.001465, 0.009874, 0.064128, 0.010308, 0.01359, 0.042914, 0.020508, 0.032145, 0.02813, 0.016493, 0.015869, 0.02341, 0.009521, 0.037137, 0.018528, 0.004232, 0.008409, 0.013672, 0.006049, 0.028727, 0.004232, 0.017714, 0.010932, 0.010525, 0.003499, 0.034912, 0.00312, 0.016574, 0.018066, 0.031331, 0.017958, 0.00727, 0.023383, 0.003743, 0.011122, 0.028239, 0.013238, 0.026421, 0.022, 0.013184, 0.010335, 0.018446]	38.000000	25.600002	0.000000	374.989388	0.999960	0.008953	0.000080	[16.549894, 19.058023, 14.259809, 16.380302, 10.577669, 26.359077, 54.905956, 32.605556, 12.121951, 7.283007, 18.410706, 27.368572, 12.00149, 38.637417, 4.340421, 30.728264, 28.640324, 14.646205, 4.774733, 18.031645, 70.691963, 22.186428, 19.552534, 59.623978, 33.52433, 47.939281, 35.446213, 26.604399, 21.991997, 26.707851, 12.472523, 45.969467, 34.026485, 7.041608, 11.761356, 23.735556, 21.008373, 38.659168, 7.337472, 24.992718, 27.58988, 18.690454, 9.829768, 68.728455, 5.444961, 27.537176, 25.11974, 36.694279, 24.72773, 17.447079, 34.171593, 9.881036, 24.666218, 34.775337, 32.705997, 33.393478, 33.388035, 22.396582, 24.317173, 25.540359]
1776723646.348	0	750	750	9.528800e-05	2.794545	2.789119	1.706429	19.121910	3.719856	0.000000	2.747259	2.732185	2.726794			2	0.001000	hard_ce	0.000000	0.057665	0.643720	-3.302621	4.313139	1.000000	0.000000	3.894507	0.061701	0.000430	0.000000	1.000000	0.000000	0.074681	3.232376	3.273372	0.346116	0.004017	0.535303	0.473996	0.330231	0.831201	0.502913	0.863812	37.106386	9.024742	2.000000	2.000000	0.525694	0.018066	0.105336	1.000000	0.000000	2.490754	[0.015836, 0.015331, 0.015339, 0.017191, 0.016722, 0.018255, 0.018022, 0.017975, 0.014996, 0.016995, 0.015727, 0.016692, 0.016991, 0.016713, 0.015028, 0.016851, 0.017968, 0.016437, 0.015022, 0.015066, 0.020286, 0.017232, 0.01598, 0.015775, 0.017186, 0.016684, 0.015094, 0.01546, 0.018605, 0.018485, 0.01568, 0.016517, 0.019706, 0.016384, 0.016394, 0.016209, 0.015457, 0.017147, 0.014418, 0.01648, 0.015441, 0.01761, 0.015869, 0.020218, 0.016295, 0.015901, 0.015603, 0.015699, 0.017591, 0.01733, 0.01631, 0.014345, 0.016119, 0.018495, 0.016272, 0.015819, 0.018241, 0.017618, 0.018551, 0.016338]	[0.008274, 0.006104, 0.009304, 0.020481, 0.005561, 0.029215, 0.025472, 0.026286, 0.008545, 0.008138, 0.00529, 0.013021, 0.023031, 0.035428, 0.002089, 0.008382, 0.014486, 0.011963, 0.002116, 0.009928, 0.072835, 0.014323, 0.011393, 0.01964, 0.019667, 0.015462, 0.029026, 0.015951, 0.018148, 0.019558, 0.001465, 0.010851, 0.023817, 0.004883, 0.007975, 0.010769, 0.021593, 0.046549, 0.004747, 0.038873, 0.010607, 0.014594, 0.001492, 0.045627, 0.004801, 0.016493, 0.009467, 0.025011, 0.009766, 0.00784, 0.015516, 0.005724, 0.017334, 0.024712, 0.014052, 0.007812, 0.022352, 0.027208, 0.022922, 0.016032]	38.750000	25.600002	0.000000	378.515003	0.999960	0.008905	0.000079	[15.702837, 16.355209, 13.794612, 21.151482, 14.81407, 38.450916, 37.655773, 42.859444, 14.870995, 13.981808, 14.73778, 24.11795, 25.473221, 39.899071, 4.695094, 25.734777, 24.120247, 26.039022, 6.788115, 17.953136, 77.778564, 24.775257, 21.703711, 43.464661, 30.301037, 30.62989, 34.540264, 23.053869, 34.875053, 30.069931, 4.540047, 22.740232, 56.901653, 12.896602, 15.687263, 22.071579, 23.304655, 45.807945, 13.421687, 35.777962, 15.75849, 19.962452, 7.515186, 59.027538, 9.637518, 25.264923, 23.486204, 31.822109, 15.007091, 15.50785, 31.887512, 14.789841, 24.670464, 37.660011, 25.681896, 17.809618, 29.796921, 32.148479, 27.569763, 27.458746]
1776723900.350	0	800	800	9.452982e-05	2.552646	2.547179	1.740394	19.152250	3.726263	0.000000	2.696184	2.706999	2.701551	2.702683	14.919714	2	0.001000	hard_ce	0.000000	0.060560	0.637798	-3.449029	4.458191	1.000000	0.000000	3.892391	0.062929	0.000350	0.000000	1.000000	0.000000	0.076444	3.296641	3.373895	0.388234	0.004222	0.566184	0.496347	0.329989	0.831809	0.500006	0.863561	37.029810	9.246447	2.000000	2.000000	0.541667	0.020011	0.105847	1.000000	0.000000	2.412198	[0.015991, 0.015933, 0.015448, 0.017025, 0.016642, 0.01785, 0.018581, 0.018062, 0.014843, 0.016338, 0.016016, 0.016803, 0.016363, 0.016297, 0.015267, 0.016816, 0.01888, 0.016082, 0.015124, 0.014765, 0.019249, 0.016923, 0.016598, 0.01604, 0.017371, 0.016877, 0.01547, 0.015633, 0.01805, 0.017603, 0.01527, 0.016953, 0.019662, 0.015921, 0.015785, 0.015576, 0.015307, 0.017949, 0.015557, 0.01547, 0.01591, 0.01723, 0.016141, 0.023428, 0.016774, 0.015132, 0.016513, 0.016136, 0.018298, 0.016788, 0.015552, 0.015187, 0.015907, 0.018076, 0.016186, 0.015769, 0.018143, 0.017311, 0.017108, 0.016022]	[0.010173, 0.013808, 0.010498, 0.002089, 0.011095, 0.032335, 0.023383, 0.016656, 0.009277, 0.006266, 0.005778, 0.016981, 0.002577, 0.008653, 0.002197, 0.011556, 0.022705, 0.017334, 0.002604, 0.007677, 0.044786, 0.004693, 0.016385, 0.026964, 0.01378, 0.019124, 0.030138, 0.018663, 0.025255, 0.024224, 0.001004, 0.037896, 0.049371, 0.014431, 0.006456, 0.012343, 0.0067, 0.037191, 0.004286, 0.012153, 0.016412, 0.013943, 0.004123, 0.05013, 0.013373, 0.009549, 0.022407, 0.019911, 0.012397, 0.017985, 0.020643, 0.006076, 0.020481, 0.024197, 0.016656, 0.006944, 0.036567, 0.024333, 0.014974, 0.009413]	37.375000	25.600002	0.000000	397.712540	0.999960	0.008883	0.000079	[17.998665, 22.002457, 12.831157, 12.078402, 18.239187, 42.02227, 33.727791, 39.370132, 11.836177, 8.369214, 11.343204, 24.834461, 6.329944, 25.804678, 4.886757, 21.798452, 37.40472, 28.298286, 5.994045, 12.09148, 65.384697, 12.368315, 21.135384, 34.539631, 18.271149, 29.875652, 36.199135, 27.907049, 38.833542, 26.645733, 3.738163, 45.315857, 62.924583, 20.52528, 9.284472, 21.933065, 21.937239, 52.463619, 16.00898, 22.052877, 28.03632, 22.660446, 7.503198, 69.202652, 20.552574, 17.732021, 38.13229, 32.132763, 15.233809, 26.771034, 31.905539, 17.54866, 29.870291, 26.833035, 28.869276, 12.201336, 48.197674, 35.990219, 23.820965, 18.200048]
1776724128.995	0	850	850	9.371985e-05	2.950586	2.945060	1.806834	19.025990	3.718750	0.000000	2.633650	2.665166	2.659638			2	0.001000	hard_ce	0.000000	0.057503	0.622758	-3.422089	4.414040	1.000000	0.000000	3.901057	0.061563	0.000422	0.000000	1.000000	0.000000	0.076473	3.283667	3.375620	0.375778	0.004449	0.573111	0.486525	0.329695	0.832641	0.494988	0.863469	36.067541	9.324383	2.000000	2.000000	0.509028	0.018962	0.104164	1.000000	0.000000	2.478939	[0.016218, 0.016897, 0.015123, 0.016382, 0.016446, 0.017599, 0.019331, 0.017655, 0.014437, 0.016274, 0.016032, 0.016257, 0.016572, 0.016623, 0.015438, 0.017041, 0.019309, 0.016101, 0.016232, 0.014573, 0.017631, 0.016983, 0.016481, 0.01578, 0.017951, 0.018696, 0.015777, 0.015938, 0.017959, 0.018, 0.015482, 0.017658, 0.019301, 0.015528, 0.015532, 0.017223, 0.01574, 0.016374, 0.01601, 0.015285, 0.01612, 0.016729, 0.015588, 0.021085, 0.01627, 0.01532, 0.01564, 0.016604, 0.018458, 0.017294, 0.015234, 0.015268, 0.016261, 0.017621, 0.015975, 0.016264, 0.017219, 0.017754, 0.017191, 0.016236]	[0.009928, 0.018582, 0.010824, 0.002306, 0.019504, 0.019694, 0.036702, 0.016764, 0.005751, 0.004557, 0.003608, 0.011936, 0.005317, 0.007731, 0.003364, 0.024089, 0.032959, 0.013618, 0.003635, 0.005154, 0.024821, 0.020915, 0.012722, 0.016846, 0.018094, 0.04834, 0.037543, 0.012207, 0.027724, 0.023872, 0.006402, 0.045898, 0.053087, 0.008898, 0.00548, 0.024875, 0.004693, 0.02596, 0.020535, 0.010715, 0.009223, 0.009793, 0.001953, 0.037137, 0.005588, 0.010173, 0.012858, 0.021376, 0.011312, 0.008735, 0.01652, 0.010091, 0.012478, 0.027317, 0.039035, 0.006158, 0.01039, 0.016954, 0.01218, 0.015082]	37.833333	25.600002	0.000000	430.887918	0.999961	0.008825	0.000081	[16.52269, 31.713028, 15.88692, 6.151233, 27.899727, 31.938002, 61.125225, 38.036816, 6.564245, 5.006541, 13.45425, 17.999426, 13.67314, 21.926445, 8.218068, 34.207939, 48.297573, 18.812265, 7.587537, 9.38623, 40.077213, 32.715092, 21.707073, 34.507492, 30.851471, 62.233536, 45.817642, 15.257359, 44.00341, 33.009407, 14.077477, 54.486702, 73.405731, 18.565662, 10.011339, 32.960728, 14.719818, 31.761574, 26.655304, 14.012293, 16.01144, 13.533923, 6.886673, 54.354309, 11.952818, 14.08942, 26.222748, 28.706442, 18.625103, 23.222603, 22.331261, 19.46962, 19.210142, 28.646347, 41.741974, 13.394602, 20.916294, 27.765684, 19.980104, 23.694893]
1776724366.007	0	900	900	9.285940e-05	2.525854	2.520667	1.486790	18.714081	3.700785	0.000000	2.598099	2.626580	2.621201			2	0.001000	hard_ce	0.000000	0.024231	0.614712	-3.268227	4.604641	1.000000	0.000000	3.903756	0.062345	0.000437	0.000000	1.000000	0.000000	0.077439	3.319463	3.336297	0.441469	0.004394	0.579321	0.478724	0.329512	0.832700	0.491492	0.863158	34.964956	10.395738	2.000000	2.000000	0.488889	0.019960	0.104730	1.000000	0.000000	2.033752	[0.016343, 0.018379, 0.016363, 0.016004, 0.016868, 0.017794, 0.018359, 0.017292, 0.016344, 0.016219, 0.016585, 0.016916, 0.016448, 0.017621, 0.014878, 0.017055, 0.017758, 0.016334, 0.015033, 0.01601, 0.018994, 0.017071, 0.015118, 0.016605, 0.017745, 0.018217, 0.014613, 0.01638, 0.018088, 0.016781, 0.015757, 0.016764, 0.018605, 0.015861, 0.016371, 0.017128, 0.015793, 0.015952, 0.015291, 0.015618, 0.016311, 0.016719, 0.015445, 0.019002, 0.016658, 0.015507, 0.016108, 0.016154, 0.017567, 0.016197, 0.016624, 0.016273, 0.016147, 0.017696, 0.016856, 0.016189, 0.017022, 0.017417, 0.016962, 0.015794]	[0.013428, 0.022868, 0.023573, 0.001085, 0.007487, 0.021783, 0.026096, 0.010552, 0.016873, 0.012939, 0.015923, 0.022244, 0.008002, 0.028239, 0.003255, 0.015164, 0.037571, 0.022054, 0.002441, 0.017741, 0.036296, 0.025743, 0.009928, 0.020155, 0.015815, 0.026313, 0.017931, 0.024685, 0.028483, 0.010932, 0.019341, 0.0287, 0.022325, 0.010335, 0.00906, 0.027805, 0.007623, 0.023709, 0.00727, 0.011312, 0.012614, 0.0169, 0.00236, 0.033963, 0.010064, 0.013889, 0.013808, 0.015435, 0.007595, 0.00274, 0.025689, 0.011041, 0.015082, 0.019613, 0.032525, 0.00887, 0.00803, 0.01256, 0.014757, 0.009386]	40.708333	25.600002	0.000000	294.320118	0.999960	0.008889	0.000078	[20.130194, 39.161804, 29.791725, 4.498772, 14.232806, 33.222626, 40.087379, 26.866821, 29.144949, 13.159229, 19.548233, 33.59687, 16.874409, 38.571869, 4.746245, 24.136457, 44.560387, 32.630226, 5.475203, 21.488541, 54.512218, 33.743141, 15.468875, 32.594261, 28.45262, 35.847397, 22.560162, 31.124838, 43.382362, 19.134243, 19.020489, 35.304157, 43.32719, 17.164736, 15.3402, 37.314133, 15.287654, 33.517914, 12.048031, 17.289665, 22.38483, 23.813427, 6.566932, 46.034081, 20.412048, 19.445835, 23.217039, 25.375151, 20.949219, 10.900485, 34.933304, 21.32933, 27.822943, 28.032158, 46.362144, 16.544203, 14.974329, 25.622646, 31.179892, 15.741012]
1776724607.673	0	950	950	9.194985e-05	2.978963	2.973862	1.414373	18.505219	3.687178	0.000000	2.638844	2.632631	2.627368			2	0.001000	hard_ce	0.000000	0.020833	0.578048	-3.290474	4.309931	1.000000	0.000000	3.923936	0.058067	0.000504	0.000000	1.000000	0.000000	0.078165	3.342194	3.343566	0.434946	0.004825	0.585492	0.488504	0.329294	0.833025	0.489526	0.863685	32.607202	11.245139	2.000000	2.000000	0.469444	0.017400	0.098733	1.000000	0.000000	2.031708	[0.016266, 0.018297, 0.015994, 0.016892, 0.016968, 0.017252, 0.018042, 0.01716, 0.016217, 0.016333, 0.016533, 0.016803, 0.015879, 0.01787, 0.015084, 0.016648, 0.017807, 0.015668, 0.015509, 0.014238, 0.019009, 0.017108, 0.015933, 0.016377, 0.018103, 0.019677, 0.015175, 0.015692, 0.017793, 0.017356, 0.015599, 0.017118, 0.019468, 0.015709, 0.015563, 0.016388, 0.01575, 0.016189, 0.016426, 0.015193, 0.016541, 0.016457, 0.014629, 0.019002, 0.017088, 0.016231, 0.016516, 0.016959, 0.017238, 0.016321, 0.015755, 0.01645, 0.01546, 0.01729, 0.017265, 0.016365, 0.017456, 0.016649, 0.016747, 0.016497]	[0.00982, 0.030897, 0.011203, 0.004313, 0.009549, 0.032416, 0.030273, 0.012017, 0.011502, 0.014784, 0.012641, 0.0271, 0.003581, 0.030979, 0.002469, 0.022135, 0.015489, 0.01473, 0.003635, 0.006592, 0.042508, 0.014431, 0.011664, 0.015706, 0.015896, 0.031033, 0.016493, 0.018148, 0.021213, 0.012044, 0.004042, 0.027941, 0.024984, 0.016547, 0.008681, 0.035834, 0.013156, 0.020969, 0.012994, 0.00689, 0.026096, 0.02379, 0.001004, 0.032416, 0.015082, 0.013319, 0.032552, 0.017225, 0.012614, 0.00274, 0.012939, 0.007378, 0.011068, 0.012044, 0.02436, 0.013401, 0.018229, 0.010824, 0.027561, 0.008057]	41.833333	25.600002	0.000000	290.016401	0.999961	0.008838	0.000078	[12.690235, 62.787853, 11.406155, 10.064714, 14.411102, 37.297523, 42.749462, 23.781433, 19.96073, 17.587349, 19.97332, 37.726097, 7.774104, 42.790375, 5.739201, 30.147228, 30.848175, 22.942902, 9.376778, 11.176598, 56.310318, 25.398808, 16.539471, 22.046087, 25.539612, 40.486374, 26.64057, 26.103313, 38.786293, 23.091236, 8.124498, 41.002602, 45.316254, 22.343285, 11.510559, 39.889294, 18.474075, 30.502377, 27.493587, 12.858275, 35.183441, 29.405769, 3.276787, 41.915554, 21.242411, 16.647533, 35.9589, 27.712555, 17.70332, 11.068365, 20.652744, 18.960106, 20.4503, 19.679007, 47.025017, 27.194508, 30.829117, 20.490973, 45.695435, 15.219954]
1776724880.770	0	1000	1000	9.099269e-05	2.384690	2.379200	1.795216	19.449394	3.694423	0.000000	2.614424	2.620627	2.615409	2.656840	14.251182	2	0.001000	hard_ce	0.000000	0.074458	0.661377	-3.400967	4.461217	1.000000	0.000000	3.877317	0.065963	0.000390	0.000000	1.000000	0.000000	0.076620	3.260356	3.382303	0.460304	0.005288	0.599303	0.506488	0.329020	0.830938	0.482238	0.862020	36.572405	10.295236	2.000000	2.000000	0.493750	0.020503	0.111423	1.000000	0.000000	2.373443	[0.016055, 0.017107, 0.015413, 0.016818, 0.016519, 0.018178, 0.020567, 0.01792, 0.015897, 0.016675, 0.016909, 0.015598, 0.016764, 0.016424, 0.01572, 0.017007, 0.017146, 0.016946, 0.014502, 0.015253, 0.020622, 0.016946, 0.015345, 0.015925, 0.016538, 0.01854, 0.015913, 0.014617, 0.01735, 0.017762, 0.014902, 0.017063, 0.019502, 0.016252, 0.015553, 0.01559, 0.01541, 0.015695, 0.015922, 0.016015, 0.016776, 0.016985, 0.014996, 0.022639, 0.016699, 0.015856, 0.01681, 0.016039, 0.018535, 0.016781, 0.015584, 0.014582, 0.014357, 0.016718, 0.01566, 0.016194, 0.01803, 0.017796, 0.017299, 0.016783]	[0.008409, 0.016168, 0.008898, 0.003038, 0.003852, 0.029188, 0.046007, 0.031386, 0.014703, 0.007189, 0.013672, 0.015869, 0.008409, 0.021186, 0.002686, 0.019748, 0.015706, 0.031603, 0.006727, 0.009603, 0.052762, 0.020589, 0.005425, 0.019043, 0.010661, 0.037706, 0.022732, 0.009576, 0.016222, 0.022597, 0.004042, 0.021349, 0.026991, 0.022705, 0.005425, 0.015679, 0.012451, 0.011447, 0.00765, 0.005968, 0.023519, 0.008057, 0.001628, 0.052219, 0.011258, 0.023003, 0.04617, 0.015462, 0.008165, 0.007134, 0.017931, 0.005615, 0.00689, 0.012777, 0.027561, 0.010878, 0.024848, 0.007623, 0.013753, 0.010444]	39.625000	25.600002	0.000000	384.527573	0.999961	0.008779	0.000083	[12.685743, 29.316366, 10.013918, 8.683184, 7.186666, 30.106033, 58.199139, 59.064812, 15.759336, 13.006747, 23.020123, 23.350815, 26.696865, 31.634296, 6.508067, 34.908333, 40.696377, 33.33326, 13.765081, 12.046209, 72.366829, 31.731237, 9.943066, 24.635082, 18.001797, 45.653893, 30.672522, 15.138567, 27.10582, 31.957914, 5.730906, 35.117966, 56.104622, 23.877399, 6.121028, 26.868925, 19.116211, 21.153763, 20.076252, 12.457273, 35.42643, 17.160925, 3.773232, 74.120293, 17.133892, 25.018177, 53.267082, 28.063833, 13.913887, 17.773273, 22.72814, 16.578329, 19.597971, 18.379902, 38.566444, 17.018158, 34.691135, 16.23098, 26.937399, 15.808153]
1776725114.105	0	1050	1050	8.998945e-05	2.310891	2.305593	1.618816	19.082346	3.679942	0.000000	2.616345	2.620513	2.615169			2	0.001000	hard_ce	0.000000	0.052553	0.639598	-3.443733	4.434920	1.000000	0.000000	3.889400	0.065101	0.000391	0.000000	1.000000	0.000000	0.076896	3.264392	3.296717	0.481806	0.005518	0.587471	0.502973	0.328738	0.830391	0.480313	0.861559	35.515755	10.075809	2.000000	2.000000	0.531944	0.020597	0.109605	1.000000	0.000000	2.370672	[0.016377, 0.017375, 0.016689, 0.017134, 0.016688, 0.018272, 0.02025, 0.017764, 0.015638, 0.01582, 0.016322, 0.015961, 0.016707, 0.016527, 0.01521, 0.016815, 0.017689, 0.016609, 0.015045, 0.01515, 0.018, 0.017417, 0.015202, 0.016367, 0.01633, 0.019141, 0.014941, 0.015587, 0.01729, 0.017741, 0.015629, 0.017789, 0.018387, 0.015864, 0.016027, 0.016484, 0.015926, 0.015997, 0.015158, 0.016781, 0.016303, 0.016874, 0.014958, 0.020014, 0.015588, 0.01756, 0.017171, 0.016714, 0.018199, 0.016417, 0.016291, 0.015176, 0.015434, 0.017304, 0.015116, 0.016955, 0.017163, 0.017261, 0.017683, 0.015721]	[0.013482, 0.016466, 0.031955, 0.004612, 0.006809, 0.033013, 0.06071, 0.039741, 0.009874, 0.007026, 0.003988, 0.017904, 0.015408, 0.016195, 0.002279, 0.009657, 0.024902, 0.012017, 0.003743, 0.006348, 0.037842, 0.020888, 0.010552, 0.019423, 0.006321, 0.047038, 0.015272, 0.00784, 0.026801, 0.033881, 0.009142, 0.032905, 0.014703, 0.015408, 0.006375, 0.018772, 0.016439, 0.010959, 0.004069, 0.014621, 0.008464, 0.011827, 0.002035, 0.032416, 0.005724, 0.03068, 0.019803, 0.038303, 0.017958, 0.001926, 0.013862, 0.006022, 0.006538, 0.013889, 0.019477, 0.018772, 0.014106, 0.010742, 0.0102, 0.011882]	38.541667	25.600002	0.000000	367.344308	0.999962	0.008691	0.000082	[27.174278, 28.892345, 35.672161, 10.105268, 15.543524, 48.47567, 68.71228, 44.283287, 16.868734, 11.716133, 11.023112, 27.125755, 24.120869, 32.775173, 4.487487, 22.638052, 35.024391, 22.566677, 10.240362, 15.02151, 50.476624, 32.771202, 14.351814, 29.302742, 14.954242, 54.761654, 21.053486, 13.392927, 40.399872, 35.524658, 11.497775, 46.115047, 33.122997, 19.970009, 11.90179, 30.587509, 22.297184, 18.138416, 7.063457, 23.001568, 16.463623, 25.288021, 4.26053, 53.170071, 12.047908, 33.900047, 31.78787, 40.99263, 30.039047, 8.204057, 27.798796, 15.205801, 20.441914, 19.846622, 34.814342, 28.142202, 19.813202, 24.013952, 30.202911, 16.414467]
1776725354.924	0	1100	1100	8.894175e-05	2.972933	2.967865	1.416956	18.252682	3.651257	0.000000	2.581732	2.595979	2.590757			2	0.001000	hard_ce	0.000000	0.013997	0.551265	-3.331366	4.375394	1.000000	0.000000	3.945792	0.053097	0.000422	0.000000	1.000000	0.000000	0.076134	3.220068	3.132964	0.428077	0.005134	0.555751	0.462383	0.328850	0.831048	0.475286	0.860668	29.299290	11.572053	2.000000	2.000000	0.508333	0.014741	0.091453	1.000000	0.000000	2.421619	[0.01551, 0.017386, 0.016171, 0.016697, 0.017537, 0.016926, 0.017858, 0.017791, 0.016346, 0.016204, 0.016337, 0.016364, 0.016936, 0.01726, 0.014995, 0.016963, 0.017704, 0.016294, 0.015846, 0.015043, 0.017917, 0.017378, 0.015015, 0.017086, 0.018207, 0.016246, 0.014389, 0.015464, 0.016632, 0.017149, 0.016353, 0.017431, 0.018966, 0.015702, 0.01621, 0.017717, 0.017013, 0.015982, 0.016612, 0.01573, 0.01639, 0.016967, 0.015379, 0.017949, 0.016914, 0.016594, 0.016769, 0.016202, 0.017392, 0.016031, 0.017173, 0.016199, 0.015737, 0.017587, 0.016643, 0.017489, 0.017582, 0.016493, 0.017047, 0.016095]	[0.006999, 0.009467, 0.024929, 0.001845, 0.0169, 0.020915, 0.026937, 0.043403, 0.017171, 0.006917, 0.003635, 0.033366, 0.022244, 0.034288, 0.002279, 0.009223, 0.040853, 0.008192, 0.007568, 0.008735, 0.024251, 0.032823, 0.008599, 0.018907, 0.020942, 0.015327, 0.007568, 0.009413, 0.011936, 0.00982, 0.017036, 0.022868, 0.030301, 0.005046, 0.005615, 0.04305, 0.045329, 0.01766, 0.014784, 0.006022, 0.009956, 0.007161, 0.000895, 0.033257, 0.013156, 0.009413, 0.010715, 0.032932, 0.024902, 0.002089, 0.019016, 0.007324, 0.013129, 0.017361, 0.011746, 0.039008, 0.010634, 0.008355, 0.007948, 0.00784]	40.666667	25.600002	0.000000	346.869345	0.999962	0.008707	0.000080	[18.735725, 22.313543, 23.793325, 5.520859, 21.419134, 32.753296, 40.046776, 51.507141, 23.657299, 13.76372, 7.395287, 35.959213, 23.583929, 39.758675, 3.878917, 18.481682, 47.559673, 19.517056, 11.255775, 20.068546, 43.563019, 31.534063, 14.580791, 29.324741, 30.368322, 29.981457, 12.888479, 13.297735, 33.513115, 19.500118, 22.017271, 36.414406, 52.363831, 10.242189, 14.408808, 45.135815, 53.536308, 35.530144, 23.814293, 14.716727, 15.462782, 20.438059, 5.077376, 37.59613, 20.955597, 16.954191, 21.467674, 37.502224, 29.193188, 8.005318, 49.705299, 18.407759, 18.931654, 28.559189, 25.442015, 40.609051, 33.323936, 20.307867, 22.561935, 17.797596]
1776725594.516	0	1150	1150	8.785131e-05	2.794065	2.788519	1.849535	19.481400	3.696106	0.000000	2.630968	2.610969	2.605581			2	0.001000	hard_ce	0.000000	0.073831	0.651270	-3.366195	4.754863	1.000000	0.000000	3.874943	0.068932	0.000390	0.000000	1.000000	0.000000	0.077601	3.269205	3.458660	0.547606	0.005845	0.633493	0.546534	0.328753	0.830268	0.472975	0.861345	35.803893	10.266544	2.000000	2.000000	0.503472	0.024976	0.112889	1.000000	0.000000	2.275043	[0.015293, 0.016591, 0.016082, 0.016273, 0.017257, 0.017927, 0.020111, 0.017097, 0.015821, 0.016216, 0.015598, 0.015431, 0.016084, 0.017679, 0.015577, 0.016908, 0.018075, 0.015652, 0.014186, 0.015319, 0.019638, 0.016712, 0.016127, 0.015714, 0.017031, 0.02039, 0.015624, 0.014917, 0.017388, 0.017845, 0.015262, 0.01739, 0.018823, 0.015211, 0.015964, 0.01718, 0.015907, 0.016672, 0.015512, 0.016203, 0.0159, 0.016968, 0.015451, 0.022574, 0.016298, 0.015578, 0.01513, 0.015648, 0.019262, 0.016558, 0.016423, 0.015292, 0.015302, 0.01823, 0.014967, 0.017046, 0.016965, 0.018593, 0.017071, 0.016061]	[0.009196, 0.009603, 0.011719, 0.003743, 0.020372, 0.020806, 0.05268, 0.02653, 0.010525, 0.009983, 0.006239, 0.0102, 0.005859, 0.03673, 0.003174, 0.018446, 0.040826, 0.006917, 0.001899, 0.013346, 0.047743, 0.013048, 0.013862, 0.018473, 0.010878, 0.038927, 0.014838, 0.012153, 0.02379, 0.020833, 0.013211, 0.03616, 0.015327, 0.006592, 0.006456, 0.027941, 0.014079, 0.02615, 0.019097, 0.011936, 0.012126, 0.008735, 0.002767, 0.02634, 0.00803, 0.015788, 0.00746, 0.026611, 0.012668, 0.00255, 0.030545, 0.008572, 0.009928, 0.021349, 0.01256, 0.033664, 0.020264, 0.012885, 0.007948, 0.008925]	40.041667	25.600002	0.000000	379.051503	0.999962	0.008670	0.000081	[14.44883, 23.940985, 15.96114, 8.753242, 32.829685, 28.495144, 67.217163, 48.642529, 14.73468, 16.722782, 9.917059, 22.460775, 13.445232, 53.920467, 5.277105, 36.4716, 51.265091, 11.535388, 3.838695, 18.801474, 63.006634, 30.367552, 19.236526, 26.629951, 22.005005, 43.99865, 20.413483, 13.910457, 44.406914, 31.429043, 14.162872, 34.808525, 37.7752, 12.332109, 10.30173, 45.138439, 21.746399, 32.420589, 30.532883, 20.4263, 20.474575, 14.447979, 7.661252, 44.985619, 11.828547, 22.413704, 16.768036, 33.018955, 19.980854, 6.529338, 37.058979, 17.260258, 22.726774, 25.195873, 20.23208, 40.647335, 31.188602, 26.741781, 21.203167, 21.907974]
1776725860.274	0	1200	1200	8.671986e-05	2.640919	2.635692	1.564203	18.931627	3.662886	0.000000	2.537956	2.573727	2.568331	2.624365	13.795816	2	0.001000	hard_ce	0.000000	0.037136	0.617220	-3.387645	4.883967	1.000000	0.000000	3.895958	0.064315	0.000404	0.000000	1.000000	0.000000	0.078242	3.286890	3.336506	0.572850	0.005759	0.617160	0.517176	0.328505	0.829871	0.470182	0.860918	33.081641	10.876503	2.000000	2.000000	0.496528	0.021676	0.106953	1.000000	0.000000	2.177531	[0.015811, 0.017461, 0.016672, 0.016585, 0.017471, 0.016931, 0.018678, 0.01776, 0.016087, 0.016401, 0.01632, 0.016289, 0.016314, 0.016732, 0.015065, 0.018236, 0.01791, 0.015856, 0.014949, 0.015673, 0.018897, 0.017273, 0.014391, 0.015699, 0.017328, 0.02095, 0.015599, 0.016087, 0.016963, 0.017363, 0.015783, 0.016388, 0.017711, 0.016074, 0.015777, 0.017196, 0.015869, 0.016385, 0.01568, 0.016162, 0.01557, 0.017098, 0.015071, 0.019761, 0.016001, 0.016571, 0.01649, 0.016882, 0.017681, 0.015923, 0.016153, 0.0159, 0.015352, 0.017866, 0.015236, 0.016204, 0.017645, 0.018294, 0.016745, 0.016781]	[0.010362, 0.014676, 0.022976, 0.003635, 0.017985, 0.014513, 0.050347, 0.040148, 0.015679, 0.008301, 0.013292, 0.020155, 0.012207, 0.012126, 0.003581, 0.029134, 0.035129, 0.010335, 0.001411, 0.010607, 0.04286, 0.019694, 0.008491, 0.026449, 0.012831, 0.037571, 0.014242, 0.012722, 0.01907, 0.020616, 0.007351, 0.02398, 0.022244, 0.011475, 0.009115, 0.029107, 0.013753, 0.012071, 0.019043, 0.016005, 0.005588, 0.013536, 0.003201, 0.023573, 0.005859, 0.019504, 0.011447, 0.036567, 0.020616, 0.001411, 0.016466, 0.005615, 0.006158, 0.021973, 0.009549, 0.011095, 0.01454, 0.014811, 0.017958, 0.015245]	39.375000	25.600002	0.000000	349.410359	0.999962	0.008649	0.000084	[10.682479, 33.650806, 23.05724, 6.167287, 33.429321, 26.142529, 64.555046, 61.666485, 26.561491, 16.158272, 18.563034, 27.63726, 16.706041, 23.833431, 6.980641, 36.552216, 44.441078, 17.263306, 3.330647, 18.877342, 56.004089, 27.252775, 12.603115, 30.13641, 23.278194, 53.937286, 18.571232, 17.959024, 34.6866, 28.180904, 12.672884, 33.430351, 36.594406, 25.530865, 17.931219, 39.628662, 14.940983, 19.033546, 22.874535, 20.196568, 11.918344, 19.586971, 9.331535, 36.987446, 11.781352, 22.984795, 19.02849, 51.307598, 25.314955, 8.116276, 35.261848, 17.372673, 15.117653, 33.111477, 17.348846, 18.941097, 26.16917, 28.314672, 29.987701, 36.317543]
1776726100.487	0	1250	1250	8.554926e-05	2.481532	2.476178	1.664307	19.197296	3.689011	0.000000	2.606704	2.605942	2.600585			2	0.001000	hard_ce	0.000000	0.055883	0.629774	-3.405720	4.738464	1.000000	0.000000	3.890179	0.064550	0.000376	0.000000	1.000000	0.000000	0.079157	3.322143	3.468162	0.557280	0.006650	0.647034	0.559589	0.328328	0.830749	0.470322	0.860718	34.567140	10.306785	2.000000	2.000000	0.496528	0.020862	0.108238	1.000000	0.000000	2.174080	[0.015712, 0.017027, 0.016157, 0.016151, 0.016526, 0.017312, 0.019867, 0.017413, 0.015631, 0.016561, 0.016293, 0.015352, 0.01635, 0.017194, 0.015484, 0.016964, 0.01824, 0.015903, 0.014773, 0.015077, 0.017972, 0.017464, 0.015769, 0.015543, 0.017483, 0.02053, 0.015436, 0.015972, 0.017055, 0.017835, 0.015369, 0.017227, 0.020068, 0.015812, 0.01622, 0.01667, 0.016515, 0.016873, 0.015344, 0.016392, 0.015721, 0.016719, 0.015762, 0.020691, 0.016139, 0.01556, 0.015208, 0.016418, 0.018218, 0.016154, 0.015335, 0.015912, 0.015265, 0.018684, 0.01535, 0.017227, 0.017172, 0.0187, 0.016445, 0.015784]	[0.009169, 0.011692, 0.015625, 0.002577, 0.01397, 0.020047, 0.058974, 0.025282, 0.015489, 0.015761, 0.010851, 0.00887, 0.005751, 0.027317, 0.004205, 0.014893, 0.023817, 0.009901, 0.004449, 0.009711, 0.044379, 0.01633, 0.011122, 0.026801, 0.017036, 0.037435, 0.014703, 0.016005, 0.023926, 0.027045, 0.002523, 0.039768, 0.036974, 0.007704, 0.007514, 0.027208, 0.011447, 0.020915, 0.016846, 0.017225, 0.007894, 0.01435, 0.002767, 0.026828, 0.009087, 0.021973, 0.007026, 0.024523, 0.015761, 0.002414, 0.01237, 0.009494, 0.005263, 0.023302, 0.009928, 0.012994, 0.023248, 0.017334, 0.011041, 0.011149]	39.833333	25.600002	0.000000	344.615826	0.999962	0.008637	0.000081	[12.416288, 26.42362, 18.924557, 6.334187, 27.499517, 31.683323, 67.343002, 55.005562, 25.609144, 21.8255, 18.770693, 23.833527, 12.752005, 38.126205, 5.644865, 22.242737, 38.790237, 16.472851, 10.540786, 13.596708, 51.500084, 28.515862, 16.373222, 29.681641, 25.656559, 41.316536, 20.897373, 19.053217, 43.32708, 35.646019, 3.87108, 49.466461, 56.618202, 13.39641, 15.262405, 36.827217, 19.17248, 23.821068, 34.278503, 26.099701, 12.379354, 22.670338, 8.525818, 41.301678, 15.622583, 24.952496, 17.278633, 30.764095, 20.504467, 8.805754, 26.16223, 23.301001, 14.900597, 37.440117, 28.278463, 19.957809, 28.258835, 29.754345, 18.169132, 22.355877]
1776726338.592	0	1300	1300	8.434138e-05	2.446883	2.441386	1.804242	19.400358	3.692587	0.000000	2.552723	2.565007	2.559732			2	0.001000	hard_ce	0.000000	0.067563	0.636789	-3.534550	4.732892	1.000000	0.000000	3.881805	0.068233	0.000363	0.000000	1.000000	0.000000	0.078316	3.274233	3.475938	0.586434	0.006229	0.655424	0.568035	0.328109	0.831306	0.464698	0.860638	34.671351	10.405267	2.000000	2.000000	0.504167	0.025299	0.111166	1.000000	0.000000	2.195476	[0.015571, 0.017444, 0.016129, 0.015909, 0.016178, 0.017511, 0.019406, 0.017209, 0.015585, 0.016888, 0.016393, 0.014983, 0.015898, 0.016455, 0.015297, 0.016506, 0.017767, 0.016127, 0.014809, 0.016023, 0.017911, 0.016785, 0.015718, 0.015556, 0.017415, 0.023072, 0.016059, 0.016138, 0.017164, 0.017641, 0.015343, 0.018219, 0.019829, 0.015818, 0.0166, 0.01642, 0.016422, 0.017108, 0.015574, 0.016019, 0.01651, 0.016982, 0.016072, 0.021312, 0.016011, 0.014806, 0.015022, 0.015919, 0.018286, 0.016282, 0.015369, 0.015653, 0.015002, 0.018536, 0.015047, 0.016588, 0.016428, 0.019217, 0.016275, 0.015787]	[0.011122, 0.017632, 0.015923, 0.00255, 0.003092, 0.015761, 0.052436, 0.026096, 0.009169, 0.010986, 0.012668, 0.013563, 0.009521, 0.01907, 0.005235, 0.013428, 0.022434, 0.010362, 0.003092, 0.022949, 0.043159, 0.008382, 0.007134, 0.029405, 0.029026, 0.037706, 0.016412, 0.014025, 0.018989, 0.034342, 0.003201, 0.04834, 0.03087, 0.004639, 0.008084, 0.0169, 0.016981, 0.028212, 0.019613, 0.015435, 0.023166, 0.018094, 0.002984, 0.029433, 0.00491, 0.010986, 0.008355, 0.016873, 0.014323, 0.006429, 0.016412, 0.009332, 0.006375, 0.025418, 0.009874, 0.011909, 0.015299, 0.021756, 0.010417, 0.009711]	39.500000	25.600002	0.000000	351.185897	0.999963	0.008607	0.000083	[13.489909, 36.513561, 17.618359, 5.314835, 9.965361, 23.639435, 58.649376, 53.19339, 14.664644, 19.168795, 16.417883, 22.787868, 16.001888, 29.156607, 9.224082, 18.803282, 38.0037, 17.210567, 9.247705, 29.77178, 43.539284, 17.794968, 12.836569, 32.36784, 44.447479, 41.772408, 26.702711, 19.882538, 37.795853, 44.53582, 6.590482, 53.185951, 60.813416, 8.565307, 16.685402, 26.886923, 25.313818, 36.801506, 27.607443, 31.063965, 39.833469, 22.841757, 9.642863, 41.648098, 9.44271, 14.107594, 14.594704, 29.366043, 22.073324, 15.562938, 26.561913, 20.535219, 15.23078, 35.037666, 30.127333, 27.275883, 22.62602, 30.5327, 17.893021, 17.033297]
1776726573.644	1	1350	1350	8.309819e-05	2.374054	2.368733	1.621083	18.866386	3.700708	0.000000	2.467102	2.488862	2.483474			2	0.001000	hard_ce	0.000000	0.048228	0.596697	-3.563984	4.532838	1.000000	0.000000	3.912677	0.060514	0.000381	0.000000	1.000000	0.000000	0.078029	3.257576	3.364851	0.547532	0.005877	0.635874	0.551817	0.328093	0.830877	0.461482	0.859266	33.244188	9.978911	2.000000	2.000000	0.495833	0.018963	0.102064	1.000000	0.000000	2.255590	[0.015531, 0.016639, 0.016146, 0.016118, 0.017146, 0.017191, 0.019452, 0.017612, 0.015636, 0.017032, 0.016089, 0.015624, 0.01617, 0.0171, 0.015287, 0.016304, 0.017804, 0.015958, 0.0153, 0.015391, 0.019349, 0.017261, 0.015489, 0.015992, 0.018086, 0.019534, 0.016011, 0.016674, 0.018041, 0.017617, 0.016396, 0.017889, 0.01966, 0.015621, 0.016582, 0.015959, 0.016484, 0.016734, 0.015273, 0.015605, 0.016917, 0.016674, 0.015803, 0.019457, 0.015652, 0.015011, 0.015271, 0.016168, 0.0181, 0.016064, 0.016059, 0.01589, 0.015295, 0.017943, 0.015541, 0.016658, 0.016464, 0.01865, 0.016704, 0.015897]	[0.011312, 0.01869, 0.018853, 0.002143, 0.00548, 0.016954, 0.045681, 0.018338, 0.006293, 0.013428, 0.006673, 0.010471, 0.005615, 0.021132, 0.013726, 0.010959, 0.032932, 0.006917, 0.00312, 0.024061, 0.054498, 0.010715, 0.007107, 0.032308, 0.02105, 0.028727, 0.014621, 0.020481, 0.031467, 0.023627, 0.00887, 0.041748, 0.024929, 0.00453, 0.006131, 0.012234, 0.02002, 0.02086, 0.015679, 0.014757, 0.04853, 0.008599, 0.001736, 0.030355, 0.003282, 0.008409, 0.008192, 0.017307, 0.00944, 0.002116, 0.016493, 0.01397, 0.00944, 0.022488, 0.012397, 0.03342, 0.008382, 0.017904, 0.010607, 0.009793]	39.500000	25.600002	0.000000	356.052713	0.999963	0.008621	0.000079	[19.285379, 36.616394, 24.025908, 8.105478, 13.632675, 22.361837, 56.288445, 32.929382, 10.68815, 20.527615, 12.160313, 24.051481, 9.165083, 31.030567, 21.37145, 19.032238, 39.116089, 16.728493, 8.497808, 27.164879, 63.622017, 29.680355, 13.60989, 30.925186, 38.316666, 46.390289, 20.009686, 27.847164, 51.279842, 34.640053, 19.003836, 55.060432, 40.769554, 8.240644, 10.782336, 23.277906, 31.828894, 25.073879, 21.852421, 22.836025, 50.454582, 15.554629, 6.7415, 47.078308, 5.106632, 11.633604, 19.918999, 38.492676, 17.22106, 6.955635, 27.011253, 24.875067, 20.404774, 30.557308, 23.84013, 43.894821, 12.964409, 24.92905, 19.907875, 20.631001]
1776726842.541	1	1400	1400	8.182168e-05	2.094675	2.089449	1.558052	19.088484	3.667763	0.000000	2.397727	2.424061	2.418794	2.615903	13.679559	2	0.001000	hard_ce	0.000000	0.057722	0.623281	-3.357482	4.661539	1.000000	0.000000	3.895867	0.064209	0.000448	0.000000	1.000000	0.000000	0.078797	3.295804	3.405848	0.589598	0.005883	0.646414	0.550234	0.328164	0.830563	0.461984	0.859226	33.035148	10.731747	2.000000	2.000000	0.504861	0.020711	0.107707	1.000000	0.000000	2.178097	[0.015215, 0.016639, 0.016075, 0.016291, 0.016796, 0.017638, 0.018788, 0.016942, 0.015231, 0.016298, 0.016069, 0.016394, 0.016454, 0.016905, 0.015414, 0.017474, 0.017285, 0.016514, 0.014802, 0.015633, 0.018413, 0.016954, 0.015762, 0.015532, 0.016895, 0.021077, 0.016499, 0.015397, 0.017711, 0.01784, 0.016134, 0.017363, 0.018724, 0.015745, 0.016143, 0.016357, 0.01676, 0.016254, 0.015368, 0.016208, 0.016311, 0.016615, 0.015313, 0.019954, 0.016303, 0.015821, 0.01643, 0.016219, 0.01787, 0.01643, 0.016529, 0.01587, 0.015268, 0.018025, 0.015935, 0.016391, 0.01813, 0.017664, 0.01691, 0.016019]	[0.009494, 0.016276, 0.021566, 0.001302, 0.009006, 0.027724, 0.044271, 0.011149, 0.008165, 0.010308, 0.010335, 0.013672, 0.016629, 0.022597, 0.006402, 0.016791, 0.02596, 0.013943, 0.006944, 0.010118, 0.035102, 0.00529, 0.010742, 0.006755, 0.00963, 0.032064, 0.025879, 0.010308, 0.027425, 0.02322, 0.00434, 0.031874, 0.022759, 0.008111, 0.005263, 0.019043, 0.033746, 0.01888, 0.010145, 0.025011, 0.02436, 0.011013, 0.001221, 0.046441, 0.006022, 0.014187, 0.017117, 0.023926, 0.007406, 0.005805, 0.016791, 0.007677, 0.009467, 0.016574, 0.021864, 0.031603, 0.033691, 0.010362, 0.010064, 0.016168]	39.583333	25.600002	0.000000	315.426696	0.999963	0.008530	0.000084	[16.305389, 27.751608, 24.436123, 5.944338, 15.494407, 32.156464, 53.792995, 28.020195, 14.325254, 21.174316, 14.208201, 26.94997, 24.064919, 35.063793, 10.610292, 30.423994, 36.550491, 26.354713, 10.277635, 18.412025, 50.071922, 17.333853, 13.998352, 10.395822, 21.763655, 33.79295, 34.615349, 17.873287, 35.380581, 30.437813, 14.726859, 42.390266, 43.577419, 12.714869, 11.405955, 26.336533, 55.337978, 29.173012, 15.996451, 30.732414, 40.0019, 14.607814, 4.773486, 50.924294, 14.251036, 23.221136, 31.782309, 33.932812, 12.703472, 14.330841, 24.086658, 22.964972, 21.6229, 36.731239, 33.486603, 39.825478, 39.988228, 15.259321, 23.189169, 17.943914]
1776727082.484	1	1450	1450	8.051394e-05	2.259801	2.254771	1.399745	18.730423	3.630416	0.000000	2.369624	2.381095	2.375929			2	0.001000	hard_ce	0.000000	0.034466	0.597200	-3.417953	4.686654	1.000000	0.000000	3.913974	0.060402	0.000399	0.000000	1.000000	0.000000	0.079885	3.355079	3.330043	0.553926	0.006798	0.630863	0.529230	0.328277	0.831362	0.464138	0.859347	30.728197	11.831410	2.000000	2.000000	0.510417	0.018148	0.102656	1.000000	0.000000	2.167211	[0.015489, 0.016723, 0.016154, 0.016658, 0.017098, 0.01738, 0.017629, 0.016975, 0.015583, 0.016165, 0.01639, 0.016648, 0.016758, 0.0164, 0.015057, 0.017408, 0.017421, 0.016612, 0.015066, 0.016386, 0.019369, 0.016734, 0.015464, 0.015958, 0.017048, 0.018332, 0.016099, 0.014945, 0.017228, 0.017623, 0.016233, 0.017375, 0.019803, 0.015443, 0.015946, 0.017218, 0.016709, 0.016276, 0.015972, 0.016662, 0.016286, 0.016911, 0.015563, 0.018712, 0.016519, 0.016115, 0.016685, 0.016406, 0.01732, 0.016463, 0.016334, 0.016275, 0.01564, 0.017967, 0.016149, 0.016664, 0.01689, 0.016549, 0.017295, 0.016821]	[0.013238, 0.012451, 0.024902, 0.006375, 0.003581, 0.019368, 0.032986, 0.017253, 0.008789, 0.008626, 0.019341, 0.011122, 0.02832, 0.018148, 0.002984, 0.014133, 0.028456, 0.011692, 0.010417, 0.014513, 0.044813, 0.009142, 0.010878, 0.00944, 0.009277, 0.028347, 0.023546, 0.008192, 0.032823, 0.014865, 0.007541, 0.023682, 0.030816, 0.005425, 0.002794, 0.029433, 0.024089, 0.012967, 0.014974, 0.018717, 0.020698, 0.013455, 0.001926, 0.021023, 0.01199, 0.01435, 0.022841, 0.036296, 0.006022, 0.010661, 0.013401, 0.007758, 0.015489, 0.014459, 0.021376, 0.038628, 0.02181, 0.003743, 0.013319, 0.022298]	40.041667	25.600002	0.000000	306.142845	0.999964	0.008408	0.000080	[28.124569, 21.188316, 30.792852, 9.657219, 10.98611, 27.527584, 44.082176, 32.401382, 14.644579, 13.756148, 24.653011, 32.9734, 27.611492, 23.579323, 6.526695, 26.53051, 35.143005, 20.532337, 13.623148, 23.559418, 61.105011, 19.890444, 15.745093, 18.41918, 16.764301, 45.488976, 25.852406, 13.578738, 44.876038, 23.610767, 16.27322, 38.227615, 49.800308, 12.427647, 8.642097, 34.714966, 45.545071, 20.986065, 17.180355, 30.076117, 25.624685, 19.389381, 8.510686, 48.2509, 14.685477, 21.405991, 39.318142, 46.692608, 14.194846, 15.853496, 29.352942, 17.681908, 24.301403, 24.634254, 24.598969, 44.947201, 23.754555, 10.998538, 25.426189, 29.280178]
1776727321.926	1	1500	1500	7.917706e-05	2.226852	2.221717	1.461024	18.845814	3.673246	0.000000	2.360477	2.363542	2.358407			2	0.001000	hard_ce	0.000000	0.050734	0.599664	-3.402913	4.584953	1.000000	0.000000	3.915474	0.059269	0.000402	0.000000	1.000000	0.000000	0.079448	3.339784	3.372392	0.481106	0.007023	0.638525	0.556074	0.328293	0.831541	0.462637	0.859245	32.009282	10.565604	2.000000	2.000000	0.495833	0.017750	0.100788	1.000000	0.000000	2.121599	[0.014974, 0.016981, 0.015702, 0.01629, 0.017138, 0.017688, 0.018669, 0.017047, 0.016015, 0.016728, 0.015773, 0.016241, 0.016529, 0.017066, 0.015216, 0.016966, 0.017168, 0.016828, 0.01536, 0.016211, 0.018509, 0.016217, 0.015861, 0.015974, 0.01791, 0.017646, 0.015832, 0.016321, 0.017996, 0.017763, 0.016037, 0.017136, 0.018986, 0.015569, 0.016449, 0.016837, 0.016081, 0.016236, 0.015421, 0.015953, 0.016245, 0.017003, 0.015577, 0.019726, 0.016754, 0.015659, 0.015839, 0.01614, 0.018064, 0.016661, 0.017147, 0.015951, 0.015461, 0.01891, 0.015467, 0.016989, 0.016514, 0.017165, 0.01759, 0.015818]	[0.009006, 0.020264, 0.009169, 0.00925, 0.00236, 0.032498, 0.042915, 0.019233, 0.007921, 0.013835, 0.005127, 0.014079, 0.008898, 0.032986, 0.01397, 0.014187, 0.021213, 0.020535, 0.003418, 0.014811, 0.033854, 0.006104, 0.012939, 0.022922, 0.018283, 0.030165, 0.022515, 0.016412, 0.029188, 0.021376, 0.003743, 0.040066, 0.027045, 0.006049, 0.002821, 0.019179, 0.010227, 0.015191, 0.006293, 0.018907, 0.013455, 0.007053, 0.001356, 0.034804, 0.009521, 0.017144, 0.012912, 0.026286, 0.009549, 0.005127, 0.026747, 0.017334, 0.006646, 0.025852, 0.020833, 0.040202, 0.01511, 0.00529, 0.015381, 0.010444]	39.625000	25.600002	0.000000	315.023817	0.999964	0.008438	0.000082	[12.239143, 27.562963, 11.686385, 16.551689, 6.726339, 40.914349, 58.871368, 37.237526, 14.368449, 23.113623, 12.79172, 22.868332, 20.541943, 44.372955, 12.630745, 23.516342, 28.576405, 31.943296, 6.189014, 26.998711, 52.113579, 13.234256, 21.254782, 30.190697, 27.611883, 41.507229, 31.900345, 24.914436, 43.689514, 27.355335, 7.664199, 47.086926, 45.896725, 8.823714, 9.869295, 25.959454, 39.241066, 25.458862, 10.576324, 29.456974, 19.784224, 12.59727, 3.922414, 53.740856, 19.631845, 26.292442, 25.500721, 34.656094, 13.557938, 13.073405, 43.192928, 30.284109, 13.264239, 34.543636, 32.883163, 44.759659, 21.812096, 10.633338, 22.962387, 15.400373]
1776727561.672	1	1550	1550	7.781322e-05	2.114722	2.109593	1.457819	18.927860	3.671397	0.000000	2.341093	2.354798	2.349663			2	0.001000	hard_ce	0.000000	0.052000	0.605983	-3.531639	4.650678	1.000000	0.000000	3.906269	0.062631	0.000430	0.000000	1.000000	0.000000	0.080514	3.384743	3.416119	0.532347	0.007895	0.653587	0.579355	0.328368	0.830627	0.462388	0.859344	32.162447	11.027653	2.000000	2.000000	0.504861	0.020269	0.104993	1.000000	0.000000	2.129167	[0.01553, 0.017682, 0.015838, 0.016013, 0.016626, 0.017458, 0.018446, 0.016888, 0.015957, 0.016407, 0.015456, 0.016779, 0.015897, 0.016644, 0.015611, 0.016307, 0.017419, 0.016288, 0.015306, 0.016145, 0.01827, 0.016456, 0.01625, 0.016166, 0.017956, 0.019404, 0.015635, 0.01619, 0.018555, 0.01725, 0.01621, 0.017804, 0.018511, 0.015733, 0.016253, 0.017143, 0.01552, 0.016289, 0.015355, 0.015719, 0.016459, 0.016903, 0.015158, 0.019555, 0.016472, 0.015623, 0.016079, 0.0164, 0.018245, 0.016767, 0.016098, 0.015792, 0.015872, 0.018749, 0.01566, 0.017303, 0.016576, 0.017548, 0.017193, 0.016181]	[0.010878, 0.022515, 0.011366, 0.00293, 0.003255, 0.022515, 0.03144, 0.014703, 0.007324, 0.013916, 0.004259, 0.020671, 0.004286, 0.027289, 0.013156, 0.008762, 0.024441, 0.009494, 0.002604, 0.013156, 0.043159, 0.006483, 0.016656, 0.017361, 0.017307, 0.040175, 0.015734, 0.020128, 0.043267, 0.023085, 0.009711, 0.047336, 0.022488, 0.005127, 0.004964, 0.022515, 0.011366, 0.010254, 0.003825, 0.013129, 0.035346, 0.008952, 0.000705, 0.034532, 0.01378, 0.017768, 0.015842, 0.022217, 0.020942, 0.007894, 0.020806, 0.008572, 0.00727, 0.027805, 0.020616, 0.029026, 0.011719, 0.005642, 0.014621, 0.012912]	39.791667	25.600002	0.000000	290.467581	0.999964	0.008478	0.000082	[14.559866, 25.839943, 18.872381, 6.972831, 6.837642, 28.308941, 42.083626, 30.792822, 19.388899, 20.287491, 8.203486, 41.846085, 13.58007, 31.428505, 26.157261, 14.718077, 36.88147, 15.920531, 7.190794, 27.952963, 51.720673, 12.101955, 24.924198, 31.051014, 40.69791, 36.663677, 24.357391, 32.600552, 62.817688, 33.3829, 19.281187, 57.587219, 35.470688, 8.449259, 12.004286, 32.99638, 23.637192, 18.444448, 11.948465, 17.138039, 41.873138, 15.584961, 2.979898, 46.096878, 22.478512, 23.151823, 26.77519, 44.550381, 27.136341, 12.691066, 32.224346, 15.685833, 14.857107, 30.488096, 32.066982, 38.022713, 22.1894, 13.089294, 30.881908, 18.07737]
1776727830.513	1	1600	1600	7.642461e-05	2.610618	2.605527	1.419441	18.605619	3.670685	0.000000	2.342855	2.333107	2.327965	2.569489	13.059153	2	0.001000	hard_ce	0.000000	0.029081	0.584275	-3.425452	4.641720	1.000000	0.000000	3.917254	0.060816	0.000399	0.000000	1.000000	0.000000	0.079347	3.331457	3.303703	0.492638	0.007865	0.633142	0.548155	0.328206	0.830818	0.458719	0.857977	31.199198	11.076770	2.000000	2.000000	0.493750	0.019175	0.102457	1.000000	0.000000	2.102872	[0.015568, 0.017099, 0.016315, 0.015678, 0.016283, 0.017057, 0.017794, 0.016994, 0.015827, 0.016259, 0.015603, 0.018075, 0.015926, 0.016743, 0.015971, 0.016898, 0.017586, 0.015378, 0.015853, 0.015532, 0.017458, 0.016238, 0.016865, 0.017301, 0.018342, 0.018175, 0.015265, 0.016837, 0.018403, 0.017094, 0.016191, 0.017752, 0.018836, 0.016086, 0.016299, 0.016631, 0.015683, 0.015954, 0.015704, 0.015311, 0.016462, 0.01643, 0.015432, 0.018879, 0.016609, 0.015516, 0.015897, 0.016807, 0.01854, 0.01603, 0.016992, 0.015842, 0.016504, 0.01825, 0.015799, 0.017509, 0.016005, 0.017973, 0.017298, 0.016365]	[0.009142, 0.012017, 0.012994, 0.003716, 0.003961, 0.019206, 0.023465, 0.011583, 0.006673, 0.011637, 0.004964, 0.037516, 0.004476, 0.017877, 0.006212, 0.009196, 0.024116, 0.00925, 0.006348, 0.016547, 0.031901, 0.005018, 0.014594, 0.035509, 0.031141, 0.022814, 0.017714, 0.030328, 0.042345, 0.020209, 0.026367, 0.038222, 0.02474, 0.006022, 0.015327, 0.014621, 0.018039, 0.015598, 0.006538, 0.010227, 0.032498, 0.006239, 0.003716, 0.029867, 0.014513, 0.012967, 0.011258, 0.022298, 0.030436, 0.004829, 0.026449, 0.005507, 0.011258, 0.025418, 0.015516, 0.018826, 0.003391, 0.008925, 0.023112, 0.014811]	40.666667	25.600002	0.000000	293.555793	0.999964	0.008435	0.000079	[17.650318, 16.782358, 20.123669, 6.772624, 10.731768, 24.736471, 37.253895, 16.956806, 13.923583, 16.555271, 8.544237, 47.165192, 7.875713, 25.716932, 17.886858, 16.63855, 35.330936, 17.872498, 9.62138, 26.74696, 48.346397, 14.024979, 23.40519, 38.394344, 37.459007, 39.960373, 25.687231, 34.903637, 54.492393, 38.707973, 28.748302, 50.629974, 35.348709, 9.810466, 20.207737, 33.867664, 29.63941, 22.814117, 11.285872, 24.135521, 40.880165, 13.508822, 8.592948, 43.712135, 19.030781, 18.142887, 29.06842, 41.159523, 39.042793, 13.367147, 34.212757, 15.225551, 17.282204, 33.566265, 23.891644, 37.942062, 11.133541, 21.342625, 37.80957, 20.332886]
1776728073.707	1	1650	1650	7.501349e-05	2.402641	2.397641	1.333197	18.373203	3.666088	0.000000	2.268363	2.285166	2.280064			2	0.001000	hard_ce	0.000000	0.016961	0.566066	-3.546063	4.756572	1.000000	0.000000	3.930500	0.057516	0.000345	0.000000	1.000000	0.000000	0.078927	3.308333	3.204912	0.457339	0.007436	0.613992	0.529404	0.328154	0.829726	0.455882	0.857437	29.817974	11.037276	2.000000	2.000000	0.488889	0.017308	0.097723	1.000000	0.000000	1.991881	[0.01547, 0.017382, 0.015958, 0.016253, 0.016193, 0.017116, 0.017492, 0.01629, 0.015892, 0.016537, 0.015775, 0.017134, 0.016273, 0.017225, 0.015627, 0.01742, 0.017774, 0.015719, 0.015548, 0.016107, 0.017755, 0.016589, 0.016383, 0.016611, 0.017851, 0.016662, 0.015453, 0.016828, 0.01806, 0.017514, 0.016278, 0.017221, 0.01841, 0.016048, 0.015884, 0.017044, 0.015873, 0.016542, 0.015949, 0.01508, 0.016901, 0.016309, 0.015496, 0.018475, 0.017239, 0.015305, 0.016409, 0.017133, 0.018401, 0.016604, 0.016965, 0.015656, 0.016226, 0.018038, 0.016841, 0.016904, 0.016823, 0.017464, 0.017166, 0.016427]	[0.008165, 0.013997, 0.016846, 0.005371, 0.002333, 0.016493, 0.021457, 0.009087, 0.008301, 0.015923, 0.007948, 0.02596, 0.005832, 0.025553, 0.002441, 0.01473, 0.031277, 0.008328, 0.002875, 0.022624, 0.031114, 0.009901, 0.01397, 0.024794, 0.031684, 0.021512, 0.014893, 0.033149, 0.038764, 0.022814, 0.005588, 0.0271, 0.024061, 0.003174, 0.012804, 0.018094, 0.02143, 0.016466, 0.015761, 0.011529, 0.044189, 0.007297, 0.002279, 0.024387, 0.022786, 0.013889, 0.016656, 0.023519, 0.039117, 0.010417, 0.014296, 0.004096, 0.013102, 0.020318, 0.015462, 0.01492, 0.011339, 0.00944, 0.014025, 0.014323]	41.916667	25.600002	0.000000	271.652081	0.999964	0.008500	0.000079	[17.713516, 21.010077, 18.04554, 11.041114, 7.121707, 23.781837, 37.39312, 17.356586, 14.842387, 22.567572, 13.321274, 38.229897, 12.117656, 28.268288, 8.715165, 25.044897, 37.998436, 16.809093, 8.516433, 31.702337, 43.759521, 19.220352, 23.106647, 34.836349, 44.256359, 31.893372, 20.995949, 35.948826, 52.818687, 37.325993, 8.899748, 33.522224, 40.101574, 8.976264, 14.505991, 30.814365, 28.749081, 25.752003, 29.171425, 22.151985, 52.160248, 12.326018, 7.771959, 43.844952, 23.293549, 19.44903, 29.623535, 38.459282, 49.123329, 16.915594, 29.499594, 13.308253, 22.211552, 25.717651, 27.054281, 35.197105, 19.368809, 20.926073, 30.455168, 20.890408]
1776728316.195	1	1700	1700	7.358214e-05	2.829720	2.824627	1.427784	18.633904	3.665976	0.000000	2.398170	2.364742	2.359644			2	0.001000	hard_ce	0.000000	0.036954	0.581529	-3.528706	4.713306	1.000000	0.000000	3.922237	0.059414	0.000384	0.000000	1.000000	0.000000	0.078351	3.284976	3.287255	0.465208	0.007947	0.633921	0.557377	0.328034	0.829210	0.454789	0.856489	30.319608	11.249248	2.000000	2.000000	0.472917	0.018808	0.100020	1.000000	0.000000	2.038919	[0.015516, 0.016895, 0.015365, 0.016364, 0.016344, 0.017928, 0.017436, 0.016978, 0.015637, 0.016496, 0.015786, 0.016681, 0.01657, 0.016495, 0.016015, 0.016984, 0.017476, 0.016237, 0.015214, 0.0157, 0.018071, 0.016622, 0.01678, 0.016298, 0.017529, 0.019422, 0.015829, 0.016219, 0.017424, 0.018233, 0.015914, 0.016966, 0.017372, 0.016171, 0.016398, 0.016446, 0.016049, 0.016689, 0.015569, 0.015771, 0.016175, 0.016645, 0.015553, 0.019721, 0.016666, 0.015806, 0.016258, 0.016917, 0.018053, 0.016698, 0.016888, 0.015105, 0.015696, 0.01791, 0.016135, 0.017056, 0.016721, 0.018123, 0.017708, 0.016282]	[0.013699, 0.013672, 0.007297, 0.003852, 0.004612, 0.037923, 0.022054, 0.013916, 0.008247, 0.010091, 0.00453, 0.02341, 0.00529, 0.018039, 0.005127, 0.015055, 0.027995, 0.01039, 0.003852, 0.013156, 0.044461, 0.007487, 0.017687, 0.022786, 0.028619, 0.029107, 0.019206, 0.02596, 0.028293, 0.022081, 0.014838, 0.023844, 0.008572, 0.005615, 0.019233, 0.020209, 0.024061, 0.015896, 0.010986, 0.020426, 0.017849, 0.007541, 0.002007, 0.035482, 0.016574, 0.013889, 0.012505, 0.035428, 0.019233, 0.009983, 0.020291, 0.005317, 0.008138, 0.018799, 0.024604, 0.025092, 0.014811, 0.013184, 0.013509, 0.014187]	41.166667	25.600002	0.000000	324.901789	0.999964	0.008442	0.000080	[16.349426, 22.333168, 10.621468, 7.782495, 12.374649, 42.368607, 33.913849, 23.8682, 13.050605, 15.070091, 12.014986, 30.667519, 10.71982, 27.138395, 8.120045, 21.550436, 35.773071, 20.586481, 6.61486, 24.616886, 56.667992, 14.78871, 24.626522, 30.111624, 36.064018, 43.080597, 28.466139, 26.311157, 40.274506, 40.965637, 25.469028, 40.97464, 21.500725, 10.339148, 22.030743, 30.251762, 39.256458, 28.771912, 13.096622, 28.608334, 31.86153, 12.037967, 7.709613, 51.001152, 18.734976, 18.077101, 28.851278, 42.44886, 29.956808, 19.417696, 37.11655, 13.958075, 18.621746, 26.92452, 42.748318, 39.832661, 21.761608, 29.826315, 28.17012, 19.751823]
1776728560.177	1	1750	1750	7.213286e-05	2.466614	2.461588	1.364308	18.522724	3.662093	0.000000	2.369522	2.368310	2.363202			2	0.001000	hard_ce	0.000000	0.019387	0.574308	-3.470135	4.809374	1.000000	0.000000	3.917143	0.061263	0.000379	0.000000	1.000000	0.000000	0.077997	3.263930	3.207792	0.529806	0.007418	0.625376	0.538434	0.328017	0.828011	0.451228	0.855674	29.861322	11.671814	2.000000	2.000000	0.464583	0.020441	0.102085	1.000000	0.000000	1.848190	[0.015923, 0.017142, 0.015777, 0.016121, 0.016111, 0.01709, 0.017089, 0.016915, 0.016011, 0.016626, 0.016279, 0.016821, 0.016292, 0.016657, 0.015932, 0.017166, 0.017068, 0.016894, 0.015619, 0.015902, 0.017998, 0.016328, 0.016802, 0.01636, 0.017784, 0.019835, 0.015611, 0.016677, 0.017017, 0.017638, 0.015562, 0.016976, 0.018349, 0.016047, 0.016198, 0.016166, 0.016125, 0.017159, 0.015966, 0.015861, 0.016236, 0.015947, 0.015507, 0.019369, 0.016428, 0.015881, 0.016299, 0.017649, 0.017487, 0.016413, 0.016725, 0.015412, 0.016405, 0.017728, 0.016101, 0.01726, 0.01641, 0.017718, 0.016794, 0.016334]	[0.013075, 0.017225, 0.009901, 0.002523, 0.012967, 0.028863, 0.019911, 0.015354, 0.01161, 0.011258, 0.009603, 0.023356, 0.00453, 0.016656, 0.009576, 0.012261, 0.022732, 0.015788, 0.006104, 0.015381, 0.035238, 0.010145, 0.016791, 0.033203, 0.02851, 0.032254, 0.01359, 0.027235, 0.018311, 0.020535, 0.006999, 0.019558, 0.018311, 0.010362, 0.018745, 0.015652, 0.01652, 0.018934, 0.011854, 0.024414, 0.015869, 0.006348, 0.003662, 0.027235, 0.013129, 0.01378, 0.020671, 0.034098, 0.022108, 0.007216, 0.026096, 0.005398, 0.016113, 0.019857, 0.025879, 0.020345, 0.012967, 0.009006, 0.0118, 0.012587]	41.458333	25.600002	0.000000	272.680021	0.999964	0.008383	0.000079	[18.670456, 25.208347, 14.258124, 8.505957, 18.776976, 38.554562, 33.802235, 27.764297, 17.965614, 15.515579, 17.649681, 36.248245, 9.715235, 24.900448, 14.293941, 27.909801, 33.06826, 29.169998, 9.609757, 25.444166, 53.908989, 17.492096, 24.025242, 33.898563, 33.342682, 53.656109, 22.997389, 34.254059, 31.792303, 31.480076, 9.999261, 37.139626, 32.978756, 17.144012, 19.593231, 25.774147, 26.126919, 25.263006, 17.18792, 31.097158, 21.619999, 11.917624, 9.620996, 42.80899, 13.300623, 16.772091, 38.373421, 50.128796, 34.635849, 16.316067, 37.790318, 14.145209, 26.284803, 29.814281, 34.101906, 36.15395, 15.36647, 19.504536, 21.585119, 19.575768]
1776728834.658	1	1800	1800	7.066801e-05	1.769715	1.764638	1.420007	18.732927	3.656295	0.000000	2.304814	2.330080	2.324991	2.546789	12.766045	2	0.001000	hard_ce	0.000000	0.033432	0.591268	-3.455396	4.852651	1.000000	0.000000	3.904205	0.065309	0.000360	0.000000	1.000000	0.000000	0.077296	3.237587	3.204108	0.530340	0.007653	0.625991	0.535500	0.328191	0.827904	0.450288	0.855081	30.766867	12.324127	2.000000	2.000000	0.470139	0.023227	0.107390	1.000000	0.000000	1.908859	[0.015894, 0.017542, 0.015488, 0.016165, 0.016725, 0.017106, 0.017969, 0.017013, 0.016017, 0.016312, 0.016025, 0.016696, 0.016098, 0.016727, 0.015813, 0.017, 0.016919, 0.01659, 0.015385, 0.015784, 0.01842, 0.01705, 0.016434, 0.016248, 0.017395, 0.021227, 0.015802, 0.016358, 0.017347, 0.018295, 0.015624, 0.017115, 0.018031, 0.015373, 0.015669, 0.016343, 0.01532, 0.016173, 0.016062, 0.015763, 0.015885, 0.016443, 0.015276, 0.018603, 0.016074, 0.01589, 0.016354, 0.017321, 0.018352, 0.016197, 0.017107, 0.015685, 0.016368, 0.017395, 0.016396, 0.017234, 0.016991, 0.017049, 0.016953, 0.01711]	[0.012451, 0.026421, 0.012804, 0.002984, 0.008328, 0.024034, 0.022542, 0.015652, 0.009576, 0.009006, 0.005046, 0.024007, 0.004801, 0.019965, 0.007026, 0.013102, 0.012343, 0.018528, 0.004639, 0.011827, 0.036757, 0.009386, 0.014079, 0.022895, 0.02162, 0.039415, 0.01142, 0.024767, 0.026883, 0.024468, 0.004584, 0.026449, 0.018907, 0.005832, 0.011258, 0.017822, 0.010037, 0.013401, 0.010579, 0.012614, 0.009304, 0.008084, 0.003635, 0.025581, 0.01378, 0.018745, 0.02105, 0.032606, 0.022108, 0.009766, 0.028537, 0.011963, 0.017958, 0.018609, 0.03928, 0.02474, 0.026937, 0.009196, 0.015218, 0.014648]	42.291667	25.600002	0.000000	270.982529	0.999964	0.008437	0.000080	[16.762863, 32.812832, 16.676506, 8.786798, 15.181585, 33.274994, 34.897751, 26.983471, 15.517223, 15.278492, 13.844822, 40.521988, 10.051592, 30.736019, 10.859735, 19.505121, 21.555174, 30.583479, 9.587042, 27.629898, 50.519451, 16.591904, 19.338188, 30.608747, 34.494644, 46.701508, 18.600151, 29.706829, 34.6376, 34.182392, 12.343353, 40.115555, 35.547684, 9.70973, 14.600679, 30.706701, 22.295469, 21.812672, 18.35218, 24.251877, 19.586979, 11.615519, 8.656428, 38.376537, 21.435347, 24.45409, 30.947632, 44.451775, 35.569969, 16.276648, 44.799255, 21.638464, 23.558365, 26.039749, 59.098839, 36.898605, 32.302994, 20.055794, 25.871582, 18.20076]
1776729080.489	1	1850	1850	6.918995e-05	2.297239	2.292226	1.359739	18.624302	3.653537	0.000000	2.339326	2.332426	2.327371			2	0.001000	hard_ce	0.000000	0.024130	0.588193	-3.539497	4.820959	1.000000	0.000000	3.911191	0.062966	0.000365	0.000000	1.000000	0.000000	0.076803	3.216135	3.185650	0.529067	0.007691	0.622819	0.536932	0.328039	0.827239	0.449052	0.854588	29.869937	12.416804	2.000000	2.000000	0.454167	0.021515	0.104417	1.000000	0.000000	1.795594	[0.016102, 0.017124, 0.015983, 0.016198, 0.016689, 0.017003, 0.018483, 0.016581, 0.015684, 0.016175, 0.01648, 0.016644, 0.016, 0.016936, 0.015827, 0.017101, 0.0165, 0.016633, 0.01535, 0.015817, 0.018946, 0.016667, 0.016804, 0.016211, 0.017412, 0.020193, 0.016504, 0.016142, 0.017332, 0.017363, 0.016094, 0.017472, 0.017912, 0.015802, 0.015636, 0.016339, 0.015675, 0.016629, 0.01581, 0.015415, 0.015463, 0.016519, 0.015536, 0.019491, 0.016483, 0.015783, 0.016251, 0.016881, 0.018417, 0.016214, 0.016864, 0.016013, 0.016117, 0.01788, 0.016357, 0.016821, 0.016912, 0.017165, 0.016736, 0.016427]	[0.014784, 0.016249, 0.012967, 0.003689, 0.012288, 0.027289, 0.035211, 0.013238, 0.00906, 0.010905, 0.014648, 0.022515, 0.00472, 0.021756, 0.006863, 0.012017, 0.012695, 0.016276, 0.005859, 0.022678, 0.032552, 0.007623, 0.024116, 0.016737, 0.022217, 0.039768, 0.017036, 0.017144, 0.028185, 0.024197, 0.004666, 0.032145, 0.016873, 0.00491, 0.009332, 0.018609, 0.018365, 0.017768, 0.012967, 0.010308, 0.009087, 0.009467, 0.005235, 0.032118, 0.01671, 0.014594, 0.024929, 0.020562, 0.025146, 0.008572, 0.024387, 0.008979, 0.018934, 0.02002, 0.01869, 0.014811, 0.023003, 0.009304, 0.01416, 0.010064]	42.166667	25.600002	0.000000	259.359973	0.999964	0.008435	0.000076	[18.265182, 30.751884, 15.936224, 7.370509, 20.71734, 33.413879, 46.283489, 20.78853, 13.712107, 16.628147, 18.865099, 34.746384, 7.42485, 32.355564, 10.5356, 19.660507, 19.767893, 29.534958, 10.339725, 31.507177, 49.398357, 16.538908, 32.196487, 25.012661, 35.35923, 49.668056, 27.540527, 27.229603, 40.948586, 34.626858, 9.887077, 45.20723, 31.852978, 13.565018, 12.561865, 28.882065, 26.73184, 27.261496, 17.057713, 18.464039, 17.517967, 13.833606, 10.245869, 48.950676, 21.565985, 19.926153, 34.616661, 28.979687, 29.790886, 16.40803, 38.006645, 20.118618, 28.206547, 30.841274, 33.838726, 32.743843, 34.421455, 23.376789, 26.06127, 17.953709]
1776729329.475	1	1900	1900	6.770107e-05	2.196947	2.192006	1.290205	18.238234	3.650574	0.000000	2.311278	2.328165	2.323156			2	0.001000	hard_ce	0.000000	0.012167	0.541831	-3.504254	4.645321	1.000000	0.000000	3.941671	0.055750	0.000394	0.000000	1.000000	0.000000	0.077248	3.234851	3.170961	0.441042	0.008109	0.618094	0.544954	0.327825	0.827774	0.449704	0.854942	27.565813	12.357666	2.000000	2.000000	0.447917	0.017086	0.094415	1.000000	0.000000	1.906938	[0.015877, 0.01667, 0.015592, 0.0161, 0.016836, 0.016753, 0.018438, 0.01631, 0.016129, 0.016543, 0.016813, 0.017181, 0.016063, 0.016972, 0.015912, 0.016966, 0.016798, 0.017271, 0.015394, 0.015774, 0.018251, 0.017047, 0.016936, 0.016111, 0.01776, 0.017205, 0.015796, 0.016632, 0.016865, 0.017754, 0.016253, 0.017429, 0.017885, 0.015717, 0.015745, 0.016495, 0.016051, 0.016914, 0.015698, 0.015419, 0.016006, 0.016451, 0.01581, 0.019295, 0.016351, 0.016039, 0.016348, 0.017198, 0.017731, 0.016519, 0.017002, 0.016784, 0.016577, 0.017636, 0.01636, 0.016173, 0.016826, 0.017497, 0.016512, 0.016528]	[0.011529, 0.018446, 0.005887, 0.005778, 0.006212, 0.01766, 0.028809, 0.012533, 0.011176, 0.009277, 0.008708, 0.028754, 0.004395, 0.025852, 0.006619, 0.009521, 0.013319, 0.02813, 0.004612, 0.026069, 0.032606, 0.01397, 0.024957, 0.016629, 0.037408, 0.018473, 0.016357, 0.015218, 0.024495, 0.025635, 0.003282, 0.035156, 0.016954, 0.005181, 0.012858, 0.025662, 0.013618, 0.023926, 0.011203, 0.011475, 0.011882, 0.00689, 0.004042, 0.029921, 0.011203, 0.014594, 0.018528, 0.017442, 0.02379, 0.009115, 0.021512, 0.010254, 0.035292, 0.020616, 0.017497, 0.009684, 0.032091, 0.014323, 0.008626, 0.01435]	41.583333	25.600002	0.000000	272.745916	0.999964	0.008460	0.000078	[17.081755, 30.361874, 9.363125, 9.716323, 15.411681, 25.792021, 41.315033, 21.027031, 14.06594, 19.150995, 15.01818, 46.104286, 7.914104, 35.955578, 11.252132, 15.656978, 20.49696, 40.049946, 8.957026, 34.926727, 44.085854, 21.895239, 34.238293, 24.37837, 44.940212, 29.974142, 23.732512, 26.705801, 35.372284, 38.877033, 8.775518, 48.26947, 28.581646, 8.700315, 16.079624, 37.303192, 25.095236, 37.350239, 14.388278, 17.468262, 17.816021, 14.002264, 10.786963, 44.395256, 18.506025, 19.020803, 31.97723, 32.914452, 36.549911, 16.646635, 33.634804, 24.416275, 44.159149, 31.144009, 30.970968, 26.099287, 36.073071, 22.69775, 18.605413, 19.754536]
1776729575.740	1	1950	1950	6.620378e-05	2.146404	2.141474	1.294599	18.254332	3.635643	0.000000	2.338158	2.325242	2.320258			2	0.001000	hard_ce	0.000000	0.010570	0.546831	-3.510911	4.676907	1.000000	0.000000	3.940150	0.056221	0.000359	0.000000	1.000000	0.000000	0.075299	3.152627	3.055138	0.436222	0.007704	0.593921	0.533946	0.327897	0.828348	0.445160	0.853900	27.430209	12.886337	2.000000	2.000000	0.468056	0.017129	0.095312	1.000000	0.000000	1.966120	[0.015466, 0.016772, 0.015769, 0.016312, 0.017052, 0.016728, 0.018467, 0.017023, 0.015806, 0.01661, 0.016741, 0.016926, 0.016231, 0.017373, 0.015569, 0.017086, 0.016564, 0.017252, 0.015605, 0.016355, 0.018538, 0.016575, 0.016371, 0.016183, 0.017872, 0.017404, 0.015356, 0.017039, 0.016397, 0.017524, 0.015824, 0.01726, 0.017981, 0.016075, 0.015845, 0.016721, 0.016198, 0.01689, 0.01592, 0.015681, 0.015949, 0.01666, 0.015724, 0.018975, 0.016223, 0.015772, 0.016321, 0.017345, 0.017708, 0.016343, 0.017124, 0.016419, 0.016823, 0.017813, 0.015914, 0.016654, 0.01632, 0.017346, 0.016431, 0.016772]	[0.009223, 0.019477, 0.00689, 0.008572, 0.005425, 0.019965, 0.031494, 0.015625, 0.011529, 0.0169, 0.009956, 0.037598, 0.005968, 0.023763, 0.004096, 0.019368, 0.01199, 0.025526, 0.005534, 0.02577, 0.028429, 0.016059, 0.017741, 0.0271, 0.038113, 0.01747, 0.013428, 0.01492, 0.01397, 0.023166, 0.002767, 0.021946, 0.014567, 0.010254, 0.010769, 0.033366, 0.01397, 0.022, 0.017768, 0.014323, 0.011041, 0.005724, 0.003608, 0.028754, 0.007704, 0.012505, 0.022868, 0.018717, 0.022732, 0.010824, 0.018229, 0.006049, 0.040392, 0.02577, 0.00887, 0.015869, 0.016791, 0.010362, 0.010037, 0.016357]	41.875000	25.600002	0.000000	266.021505	0.999964	0.008449	0.000076	[14.501029, 37.423782, 13.478888, 11.777557, 10.887366, 29.639675, 46.147491, 24.436443, 14.91571, 20.065365, 17.618156, 59.611488, 9.538461, 34.869221, 9.198694, 26.04393, 20.662788, 39.04818, 11.778457, 37.967766, 43.423306, 20.008518, 25.57568, 28.691372, 48.244492, 24.819427, 18.928917, 25.421637, 24.812958, 36.549282, 7.060682, 35.393242, 32.456253, 14.632858, 14.85519, 43.869141, 24.363655, 35.147652, 17.580751, 17.850462, 17.604986, 13.361636, 8.840229, 39.200615, 10.587806, 17.700642, 38.639736, 39.238937, 30.460506, 17.456303, 30.44895, 21.164833, 46.137459, 32.118675, 25.773201, 32.617729, 24.455359, 15.425746, 22.405621, 23.065166]
1776729851.668	1	2000	2000	6.470050e-05	2.431077	2.426095	1.355341	18.549114	3.626961	0.000000	2.381960	2.361589	2.356634	2.552567	12.840016	2	0.001000	hard_ce	0.000000	0.021461	0.584110	-3.525508	4.762622	1.000000	0.000000	3.915771	0.062633	0.000333	0.000000	1.000000	0.000000	0.076209	3.191292	3.118700	0.501027	0.007798	0.613541	0.530904	0.327894	0.829170	0.445364	0.853824	28.934070	13.088400	2.000000	2.000000	0.472222	0.020881	0.104385	1.000000	0.000000	1.846860	[0.015585, 0.016983, 0.016193, 0.015875, 0.016595, 0.016978, 0.01816, 0.017176, 0.015406, 0.016363, 0.016358, 0.016497, 0.016019, 0.016938, 0.015812, 0.016874, 0.01632, 0.016271, 0.015374, 0.017128, 0.019659, 0.01661, 0.015985, 0.015959, 0.017397, 0.018213, 0.015625, 0.01679, 0.016572, 0.017428, 0.016054, 0.017853, 0.018072, 0.015854, 0.015519, 0.016501, 0.016101, 0.016287, 0.015559, 0.015881, 0.015745, 0.017099, 0.015557, 0.019821, 0.016095, 0.015706, 0.016736, 0.017353, 0.01817, 0.016424, 0.017312, 0.016942, 0.016775, 0.01772, 0.015868, 0.015881, 0.016663, 0.017886, 0.016654, 0.016771]	[0.013808, 0.015761, 0.012777, 0.004584, 0.002658, 0.020155, 0.0287, 0.022135, 0.013835, 0.011854, 0.01001, 0.028103, 0.004747, 0.018799, 0.00415, 0.015734, 0.012288, 0.017551, 0.008816, 0.032878, 0.040473, 0.012424, 0.018039, 0.017117, 0.022434, 0.0236, 0.01359, 0.018283, 0.01766, 0.020833, 0.002794, 0.035211, 0.014757, 0.00963, 0.008165, 0.016086, 0.013536, 0.022407, 0.010254, 0.019287, 0.010362, 0.006755, 0.001736, 0.032416, 0.00925, 0.011529, 0.022949, 0.035292, 0.024794, 0.010986, 0.023492, 0.009467, 0.031277, 0.017985, 0.013346, 0.021864, 0.022786, 0.013862, 0.008464, 0.015462]	41.750000	25.600002	0.000000	254.855800	0.999966	0.008249	0.000080	[17.395535, 26.044514, 18.424633, 11.608196, 7.18604, 29.14765, 39.368767, 35.730591, 18.664211, 16.80084, 19.847225, 44.940353, 10.423652, 31.904457, 7.357269, 24.269766, 18.667555, 31.829336, 16.174147, 42.007782, 50.402306, 20.849636, 23.789671, 24.768436, 40.857182, 29.707235, 19.676247, 30.680824, 27.653038, 28.141317, 8.439714, 49.145073, 27.758688, 13.994354, 12.877657, 30.33683, 26.478399, 32.902962, 17.032185, 23.41857, 14.067875, 12.467505, 6.254129, 38.17746, 15.327831, 14.707443, 40.859756, 45.77417, 35.592846, 20.960207, 41.041954, 21.997089, 55.099152, 27.54715, 26.320175, 26.4711, 26.434401, 19.269403, 16.491961, 24.435585]
1776730098.421	1	2050	2050	6.319367e-05	2.265849	2.260849	1.370365	18.670250	3.629671	0.000000	2.304728	2.323974	2.319013			2	0.001000	hard_ce	0.000000	0.030794	0.589496	-3.482482	4.741195	1.000000	0.000000	3.910932	0.063519	0.000351	0.000000	1.000000	0.000000	0.076204	3.186466	3.150204	0.506894	0.008039	0.623562	0.541895	0.327879	0.828571	0.443473	0.853309	29.751006	12.583490	2.000000	2.000000	0.464583	0.021180	0.105858	1.000000	0.000000	1.826852	[0.015947, 0.016941, 0.016515, 0.016199, 0.016341, 0.01749, 0.018304, 0.017889, 0.015079, 0.016035, 0.016622, 0.016393, 0.015881, 0.016638, 0.015889, 0.016407, 0.016923, 0.016318, 0.015309, 0.015999, 0.019223, 0.017093, 0.016311, 0.01634, 0.016967, 0.018192, 0.015996, 0.016332, 0.017209, 0.017589, 0.016087, 0.01806, 0.018305, 0.015673, 0.015715, 0.016539, 0.016279, 0.016379, 0.015409, 0.01574, 0.015544, 0.017149, 0.015377, 0.020403, 0.015577, 0.015996, 0.016883, 0.017172, 0.018046, 0.016068, 0.016749, 0.016736, 0.016332, 0.017824, 0.01607, 0.016013, 0.016592, 0.017635, 0.016692, 0.016585]	[0.014025, 0.015815, 0.016195, 0.004069, 0.006076, 0.026476, 0.027534, 0.035482, 0.00887, 0.008979, 0.016303, 0.024306, 0.003933, 0.014784, 0.003961, 0.01237, 0.013455, 0.010742, 0.006375, 0.017334, 0.042101, 0.011041, 0.016791, 0.022732, 0.019558, 0.02596, 0.013618, 0.017877, 0.024034, 0.027561, 0.00198, 0.037191, 0.019667, 0.008925, 0.011068, 0.016385, 0.010932, 0.017497, 0.00803, 0.018094, 0.005534, 0.008653, 0.001573, 0.038411, 0.006538, 0.010471, 0.026937, 0.042453, 0.023872, 0.008328, 0.020915, 0.007595, 0.021674, 0.019016, 0.016954, 0.01397, 0.030273, 0.01435, 0.009332, 0.015028]	41.750000	25.600002	0.000000	257.134459	0.999966	0.008176	0.000080	[17.299572, 26.386868, 22.537947, 10.111813, 11.394011, 34.108231, 36.553387, 38.836529, 15.316496, 13.206196, 28.056507, 35.618809, 9.866182, 25.76545, 7.002176, 19.916672, 23.021185, 24.001587, 13.890379, 29.445602, 58.636578, 23.303839, 22.615383, 26.085815, 29.819939, 38.465309, 20.807259, 31.053616, 36.671898, 33.216961, 5.183049, 49.638809, 31.813152, 14.153303, 14.646945, 27.438667, 18.542538, 27.691036, 16.425253, 24.605566, 11.764603, 17.552404, 6.56664, 50.86335, 9.869949, 16.883118, 38.660122, 53.166603, 37.488918, 15.916233, 34.09449, 20.97131, 40.036297, 29.853064, 34.45956, 25.913143, 34.042332, 26.926781, 15.747164, 22.073441]
1776730341.845	1	2100	2100	6.168571e-05	2.518914	2.513727	1.539142	19.173162	3.648531	0.000000	2.306915	2.319423	2.314360			2	0.001000	hard_ce	0.000000	0.071754	0.614726	-3.453100	4.792575	1.000000	0.000000	3.902410	0.062994	0.000345	0.000000	1.000000	0.000000	0.076247	3.184646	3.241288	0.492653	0.009208	0.642485	0.558483	0.327816	0.827764	0.442873	0.853499	30.801412	11.413041	2.000000	2.000000	0.481944	0.020526	0.105462	1.000000	0.000000	2.186174	[0.016009, 0.016895, 0.015368, 0.016536, 0.016175, 0.018242, 0.01885, 0.017308, 0.015279, 0.016425, 0.016436, 0.015406, 0.016603, 0.016704, 0.015996, 0.017093, 0.017566, 0.01611, 0.015183, 0.016246, 0.020059, 0.016691, 0.016567, 0.016542, 0.016992, 0.017824, 0.016044, 0.015653, 0.017206, 0.018516, 0.016038, 0.017671, 0.018257, 0.015884, 0.016013, 0.016662, 0.016129, 0.016736, 0.015633, 0.015963, 0.015378, 0.017444, 0.015721, 0.020789, 0.01669, 0.015411, 0.016338, 0.016214, 0.018001, 0.016656, 0.015705, 0.014922, 0.016028, 0.018183, 0.015777, 0.015889, 0.016968, 0.01742, 0.016918, 0.016038]	[0.015191, 0.012288, 0.007731, 0.003689, 0.003852, 0.030735, 0.036377, 0.037598, 0.007324, 0.01142, 0.025987, 0.016927, 0.005941, 0.014594, 0.003092, 0.014459, 0.022244, 0.008572, 0.003228, 0.012777, 0.063232, 0.010634, 0.018256, 0.020752, 0.013238, 0.028456, 0.013753, 0.013428, 0.014947, 0.035509, 0.003472, 0.04522, 0.025689, 0.007677, 0.008599, 0.016764, 0.009657, 0.025526, 0.009467, 0.020535, 0.007026, 0.013048, 0.001166, 0.033556, 0.011176, 0.011122, 0.015706, 0.031847, 0.018853, 0.006022, 0.011773, 0.006483, 0.020318, 0.020291, 0.015706, 0.010742, 0.033149, 0.016222, 0.007189, 0.009766]	41.625000	25.600002	0.000000	359.078095	0.999967	0.008123	0.000081	[22.811195, 27.538399, 11.373392, 8.455828, 10.858211, 43.797028, 50.493362, 46.720242, 11.25341, 11.279444, 32.602791, 28.102276, 10.956223, 26.128706, 8.483105, 24.23966, 30.511024, 22.414801, 9.411489, 31.189602, 76.829422, 23.853628, 23.374561, 26.026373, 20.337799, 39.839794, 20.835411, 19.908463, 39.207256, 46.067413, 6.671266, 55.052349, 38.704285, 13.849844, 10.586337, 28.264999, 19.221945, 30.52293, 15.360006, 29.137634, 10.97514, 18.300732, 6.571058, 58.812347, 13.274876, 18.026121, 39.891819, 38.411064, 25.869955, 11.085674, 22.297085, 15.631025, 30.578388, 23.887875, 31.860626, 19.863125, 38.551174, 25.065475, 15.076683, 19.697889]
1776730582.956	1	2150	2150	6.017907e-05	2.413462	2.408394	1.437643	18.839954	3.630104	0.000000	2.315691	2.314631	2.309497			2	0.001000	hard_ce	0.000000	0.042603	0.599089	-3.477450	4.788121	1.000000	0.000000	3.905869	0.063837	0.000368	0.000000	1.000000	0.000000	0.075952	3.171325	3.163757	0.520832	0.008516	0.631047	0.536783	0.327893	0.828067	0.441035	0.853411	29.978155	12.096131	2.000000	2.000000	0.479167	0.021564	0.106110	1.000000	0.000000	1.916857	[0.016504, 0.016813, 0.016054, 0.016308, 0.016575, 0.017534, 0.018411, 0.017062, 0.015538, 0.016053, 0.016641, 0.016185, 0.016583, 0.016385, 0.015818, 0.016561, 0.017419, 0.016006, 0.015618, 0.015432, 0.019187, 0.017249, 0.016372, 0.016483, 0.017197, 0.019812, 0.016185, 0.015837, 0.016287, 0.018169, 0.015917, 0.017763, 0.018024, 0.015771, 0.015935, 0.017099, 0.01555, 0.017213, 0.015948, 0.01614, 0.01569, 0.016878, 0.015719, 0.020011, 0.016431, 0.015609, 0.016364, 0.016648, 0.018112, 0.016234, 0.016073, 0.016213, 0.016501, 0.017826, 0.015811, 0.016311, 0.016798, 0.01665, 0.016194, 0.016287]	[0.020671, 0.015327, 0.010091, 0.004205, 0.006049, 0.025933, 0.029894, 0.025987, 0.010471, 0.012587, 0.022542, 0.021756, 0.006673, 0.014648, 0.003879, 0.010742, 0.025011, 0.010498, 0.005235, 0.012126, 0.044434, 0.020372, 0.015516, 0.031114, 0.018202, 0.038981, 0.014838, 0.012288, 0.020182, 0.023926, 0.002604, 0.03616, 0.018148, 0.009142, 0.010254, 0.020209, 0.009576, 0.032308, 0.014459, 0.01869, 0.007921, 0.010417, 0.00179, 0.0287, 0.014214, 0.015734, 0.016466, 0.027941, 0.025065, 0.007704, 0.017225, 0.005805, 0.025743, 0.016629, 0.010525, 0.011963, 0.019043, 0.010905, 0.008843, 0.011637]	40.500000	25.600002	0.000000	307.311885	0.999966	0.008142	0.000083	[25.372793, 31.914062, 11.513766, 9.051547, 16.597672, 35.093037, 37.187523, 37.807632, 15.773422, 15.724001, 37.615005, 31.763266, 11.927711, 25.466093, 5.71447, 17.450741, 32.43531, 25.049482, 10.289308, 21.009893, 56.789639, 25.413893, 23.972069, 30.516788, 26.691732, 57.213211, 21.289921, 27.386145, 34.167381, 38.336262, 6.167923, 49.232193, 36.746552, 15.64753, 15.350988, 27.817226, 14.695543, 39.944553, 20.180275, 29.911751, 13.844089, 15.82572, 5.564363, 48.745331, 17.694839, 17.187885, 28.250189, 39.325665, 35.023746, 13.379066, 29.428076, 15.054709, 41.418377, 23.771984, 32.187313, 23.425468, 33.521317, 22.239578, 10.946159, 16.937849]
1776730857.019	1	2200	2200	5.867618e-05	1.979290	1.974294	1.370316	18.725586	3.626253	0.000000	2.284553	2.296438	2.291332	2.543853	12.728618	2	0.001000	hard_ce	0.000000	0.039292	0.593563	-3.436312	4.766377	1.000000	0.000000	3.910604	0.062697	0.000348	0.000000	1.000000	0.000000	0.075157	3.134664	3.065592	0.516867	0.008424	0.610241	0.518691	0.327902	0.827494	0.438452	0.852836	29.845029	11.519703	2.000000	2.000000	0.477778	0.020152	0.105243	1.000000	0.000000	1.964551	[0.016336, 0.017067, 0.016378, 0.016197, 0.016718, 0.017826, 0.018847, 0.016811, 0.015694, 0.015873, 0.016671, 0.016119, 0.016629, 0.016565, 0.015613, 0.016925, 0.017652, 0.016142, 0.015829, 0.015672, 0.018555, 0.017083, 0.015923, 0.016533, 0.017213, 0.018949, 0.016076, 0.015839, 0.016962, 0.01788, 0.016251, 0.017816, 0.018367, 0.015248, 0.016014, 0.017133, 0.016088, 0.016643, 0.015952, 0.015942, 0.015491, 0.01689, 0.0157, 0.018643, 0.016686, 0.015896, 0.016239, 0.016191, 0.018307, 0.016136, 0.01674, 0.016371, 0.016757, 0.017485, 0.015966, 0.016211, 0.016929, 0.016309, 0.016744, 0.016278]	[0.022759, 0.018826, 0.01416, 0.002658, 0.022759, 0.02908, 0.036106, 0.026204, 0.008789, 0.010769, 0.01435, 0.015978, 0.004069, 0.015896, 0.002686, 0.010932, 0.022407, 0.013808, 0.010634, 0.013048, 0.031196, 0.015137, 0.016493, 0.022054, 0.011366, 0.031033, 0.013455, 0.010986, 0.025743, 0.024007, 0.005263, 0.043945, 0.024848, 0.008247, 0.011475, 0.020399, 0.009901, 0.021674, 0.008789, 0.019423, 0.010525, 0.006972, 0.001736, 0.029378, 0.015842, 0.013862, 0.012695, 0.025825, 0.032362, 0.006402, 0.021891, 0.004693, 0.023546, 0.016547, 0.0169, 0.015544, 0.01964, 0.009087, 0.014187, 0.011013]	41.125000	25.600002	0.000000	281.094704	0.999966	0.008123	0.000082	[27.258841, 27.616949, 17.256947, 8.728236, 30.247219, 39.974411, 43.646893, 38.357185, 16.044312, 15.016212, 25.606247, 27.512447, 13.333702, 26.881451, 4.754489, 17.759651, 30.012083, 25.363073, 14.761706, 24.401531, 54.862999, 25.478603, 22.621382, 27.542974, 22.30969, 44.295692, 20.44573, 22.328461, 41.570854, 32.647381, 10.491011, 53.510788, 34.161461, 13.719206, 18.599533, 31.795584, 17.222544, 31.93569, 17.445524, 24.183216, 13.937278, 14.954435, 5.237857, 43.414974, 17.598711, 18.901421, 27.257933, 34.868904, 40.055019, 14.190669, 43.020752, 14.694912, 41.666458, 19.239672, 31.991629, 25.709072, 30.909454, 17.605906, 21.966648, 17.076414]
1776731101.547	1	2250	2250	5.717948e-05	2.458306	2.453267	1.411349	18.910633	3.627277	0.000000	2.369283	2.338722	2.333671			2	0.001000	hard_ce	0.000000	0.041349	0.615618	-3.466479	4.827910	1.000000	0.000000	3.894295	0.066721	0.000304	0.000000	1.000000	0.000000	0.075022	3.129424	3.089536	0.542489	0.008570	0.619667	0.525393	0.327784	0.827385	0.437669	0.852320	30.843526	12.083314	2.000000	2.000000	0.470833	0.022784	0.110659	1.000000	0.000000	1.847775	[0.016109, 0.017111, 0.016195, 0.016241, 0.016686, 0.017938, 0.018349, 0.017262, 0.015255, 0.015983, 0.016238, 0.016277, 0.016342, 0.016671, 0.015621, 0.017334, 0.017981, 0.016621, 0.015304, 0.015545, 0.019428, 0.016939, 0.015684, 0.016424, 0.01736, 0.018793, 0.01549, 0.015753, 0.017351, 0.017649, 0.015954, 0.017887, 0.018305, 0.015381, 0.015857, 0.016893, 0.015731, 0.016265, 0.015635, 0.015951, 0.015352, 0.016494, 0.015863, 0.019274, 0.016491, 0.016172, 0.016315, 0.016708, 0.01819, 0.016053, 0.017221, 0.016282, 0.016596, 0.017816, 0.015604, 0.016265, 0.016616, 0.017247, 0.017038, 0.016609]	[0.017741, 0.016764, 0.014594, 0.003581, 0.011122, 0.032606, 0.026666, 0.025608, 0.010932, 0.015218, 0.012967, 0.015408, 0.003282, 0.013482, 0.001953, 0.017063, 0.023465, 0.010444, 0.008409, 0.011692, 0.035699, 0.011773, 0.013021, 0.01652, 0.013401, 0.030219, 0.010227, 0.011041, 0.034993, 0.022624, 0.005968, 0.037435, 0.022868, 0.007921, 0.010796, 0.020182, 0.007812, 0.020725, 0.009196, 0.018039, 0.009956, 0.00529, 0.002631, 0.035862, 0.012967, 0.018012, 0.013943, 0.028998, 0.024875, 0.008382, 0.025174, 0.01218, 0.026096, 0.018582, 0.016086, 0.022163, 0.012343, 0.020318, 0.018799, 0.013889]	41.458333	25.600002	0.000000	268.918698	0.999967	0.008102	0.000084	[25.444778, 31.139969, 15.844213, 9.51436, 19.749897, 44.013695, 38.708038, 45.601486, 20.306992, 21.930723, 21.829565, 31.315344, 11.210129, 22.799862, 3.99982, 23.002066, 32.855011, 23.863293, 13.441854, 18.825151, 49.545082, 19.633907, 21.475273, 30.480034, 23.712982, 39.683174, 18.361761, 27.127731, 42.027351, 30.473753, 12.33659, 49.769558, 37.176338, 12.441935, 19.22702, 34.074852, 11.815814, 30.460934, 18.677792, 23.366743, 14.28211, 11.446288, 7.715755, 38.925854, 19.431095, 17.887096, 24.35066, 32.008751, 42.58305, 19.680645, 42.449226, 20.47691, 38.654507, 25.621901, 31.385448, 28.099607, 19.48436, 24.37262, 29.214039, 20.665257]
1776731347.310	1	2300	2300	5.569138e-05	1.980446	1.975542	1.294751	18.432098	3.608766	0.000000	2.263717	2.288499	2.283486			2	0.001000	hard_ce	0.000000	0.020705	0.568404	-3.439924	4.774666	1.000000	0.000000	3.927066	0.059477	0.000307	0.000000	1.000000	0.000000	0.076836	3.204791	3.094593	0.499606	0.008829	0.620553	0.523409	0.327684	0.826450	0.440041	0.853178	27.692371	12.133485	2.000000	2.000000	0.465972	0.018807	0.100148	1.000000	0.000000	1.842672	[0.016229, 0.017193, 0.016369, 0.016419, 0.016481, 0.017884, 0.017682, 0.017038, 0.015313, 0.016215, 0.016436, 0.016441, 0.016821, 0.016965, 0.015623, 0.016755, 0.018149, 0.016266, 0.015727, 0.015845, 0.018668, 0.016904, 0.015981, 0.016318, 0.017254, 0.01804, 0.016241, 0.015958, 0.017, 0.017295, 0.016264, 0.018075, 0.017752, 0.016137, 0.015906, 0.016965, 0.015885, 0.016282, 0.016197, 0.016061, 0.015605, 0.016432, 0.015503, 0.01836, 0.016928, 0.016259, 0.015884, 0.017595, 0.01724, 0.016393, 0.016817, 0.016423, 0.017077, 0.017333, 0.0158, 0.015786, 0.016907, 0.017093, 0.017006, 0.016523]	[0.019667, 0.013211, 0.018745, 0.006185, 0.005398, 0.032579, 0.02832, 0.028239, 0.011556, 0.015598, 0.017904, 0.01888, 0.005317, 0.017768, 0.001926, 0.013265, 0.024034, 0.015544, 0.011258, 0.014621, 0.029026, 0.00651, 0.013618, 0.013346, 0.011854, 0.028564, 0.015354, 0.00963, 0.033664, 0.022732, 0.007378, 0.038791, 0.018365, 0.009033, 0.013211, 0.020345, 0.009467, 0.0185, 0.016954, 0.021647, 0.012343, 0.005154, 0.001953, 0.030409, 0.017904, 0.018663, 0.010796, 0.033936, 0.031359, 0.009684, 0.01766, 0.008328, 0.02577, 0.012505, 0.010878, 0.020508, 0.01435, 0.0102, 0.018473, 0.011122]	41.583333	25.600002	0.000000	251.829156	0.999967	0.008071	0.000081	[22.927509, 27.145506, 16.618738, 10.906145, 10.814807, 41.412376, 45.626808, 39.405342, 19.072506, 19.193686, 23.11956, 38.356182, 9.238535, 24.29306, 4.804929, 19.46632, 31.202271, 31.690136, 14.948689, 26.501389, 52.635277, 17.322813, 22.600372, 22.715149, 25.436544, 41.311535, 23.879477, 21.867371, 41.191742, 26.239708, 14.333652, 51.350082, 33.415897, 15.627897, 15.642349, 32.0905, 15.616336, 23.862438, 27.34104, 27.244354, 12.755047, 12.466642, 8.204448, 46.068493, 19.525291, 21.970924, 24.577545, 48.013103, 33.182171, 16.33823, 35.608925, 18.227291, 41.932571, 21.050346, 25.50736, 29.820908, 20.584538, 24.572506, 30.361465, 16.763189]
1776731593.400	1	2350	2350	5.421429e-05	2.114139	2.108967	1.554136	19.081228	3.617915	0.000000	2.309422	2.301793	2.296790			2	0.001000	hard_ce	0.000000	0.043506	0.626878	-3.398752	4.952429	1.000000	0.000000	3.877520	0.072587	0.000348	0.000000	1.000000	0.000000	0.075994	3.167142	3.175293	0.584886	0.009181	0.643125	0.546179	0.327690	0.826288	0.438236	0.852324	31.425075	12.762012	2.000000	2.000000	0.472222	0.027653	0.117520	1.000000	0.000000	1.819728	[0.016726, 0.016955, 0.016489, 0.016173, 0.016249, 0.017666, 0.018222, 0.017225, 0.01546, 0.015815, 0.015667, 0.016331, 0.016359, 0.016237, 0.0158, 0.016493, 0.017685, 0.016093, 0.015372, 0.015441, 0.018805, 0.017541, 0.016109, 0.016157, 0.017134, 0.021062, 0.016636, 0.015882, 0.017358, 0.017124, 0.015911, 0.017756, 0.018196, 0.015703, 0.015908, 0.01649, 0.015412, 0.016195, 0.015301, 0.016305, 0.01554, 0.01659, 0.015393, 0.021628, 0.016108, 0.015716, 0.015742, 0.017475, 0.017739, 0.015961, 0.017099, 0.01652, 0.016564, 0.017769, 0.015194, 0.0161, 0.016536, 0.017731, 0.016931, 0.016222]	[0.022434, 0.013428, 0.015896, 0.006266, 0.012451, 0.028402, 0.029541, 0.019667, 0.01161, 0.009983, 0.010824, 0.021539, 0.003472, 0.015652, 0.004015, 0.012017, 0.019179, 0.014594, 0.007921, 0.010064, 0.036621, 0.015706, 0.01378, 0.016303, 0.013428, 0.038873, 0.015788, 0.011203, 0.032742, 0.020128, 0.005724, 0.035943, 0.013238, 0.00784, 0.012288, 0.019314, 0.005642, 0.019857, 0.009657, 0.02143, 0.013699, 0.005778, 0.003255, 0.04164, 0.013184, 0.016385, 0.014079, 0.032281, 0.024468, 0.008057, 0.029595, 0.008382, 0.022705, 0.017632, 0.010607, 0.019341, 0.010417, 0.025472, 0.014269, 0.014296]	41.625000	25.600002	0.000000	267.157413	0.999967	0.008039	0.000080	[28.490576, 25.001751, 18.982153, 14.002887, 21.649368, 37.860374, 39.839802, 36.138847, 17.830318, 16.921965, 20.565243, 29.480755, 10.566364, 23.794495, 6.650888, 19.265955, 31.47414, 29.241825, 16.407887, 21.836981, 53.421612, 24.330521, 24.521675, 28.874876, 20.482479, 46.026287, 26.140701, 25.722046, 41.904232, 27.712271, 12.759742, 44.322029, 28.458874, 17.02137, 18.855997, 26.852818, 13.066284, 28.724148, 14.487681, 28.295094, 20.654308, 13.737242, 7.437024, 53.594368, 23.348846, 17.26119, 24.429365, 41.876163, 38.978153, 14.513537, 44.70977, 17.14946, 34.125977, 25.702414, 27.210464, 21.467024, 16.973846, 36.986752, 19.060181, 18.80065]
1776731869.969	1	2400	2400	5.275059e-05	2.439527	2.434581	1.336708	18.387379	3.608515	0.000000	2.298490	2.300714	2.295697	2.533210	12.593871	2	0.001000	hard_ce	0.000000	0.010598	0.568047	-3.413539	4.822545	1.000000	0.000000	3.920539	0.061818	0.000355	0.000000	1.000000	0.000000	0.075757	3.156689	3.056295	0.500638	0.009118	0.614331	0.526285	0.327655	0.826309	0.436785	0.851373	28.088578	12.543385	2.000000	2.000000	0.476389	0.020323	0.103313	1.000000	0.000000	1.866425	[0.016084, 0.016902, 0.016377, 0.016137, 0.016595, 0.017418, 0.018501, 0.017842, 0.015526, 0.016545, 0.01637, 0.016615, 0.016228, 0.016727, 0.015946, 0.016227, 0.01783, 0.016543, 0.015354, 0.015942, 0.018488, 0.017457, 0.015555, 0.016209, 0.017523, 0.018715, 0.015943, 0.016786, 0.016355, 0.016858, 0.016155, 0.01815, 0.018011, 0.015822, 0.016108, 0.017162, 0.015587, 0.016221, 0.016029, 0.015593, 0.016124, 0.016253, 0.015553, 0.018771, 0.016295, 0.016114, 0.015998, 0.017568, 0.017535, 0.015871, 0.016737, 0.016485, 0.017366, 0.01798, 0.016263, 0.016171, 0.016662, 0.0172, 0.016506, 0.016116]	[0.017578, 0.01435, 0.012994, 0.005154, 0.010444, 0.027751, 0.03437, 0.027859, 0.013563, 0.012424, 0.018528, 0.025255, 0.004937, 0.021756, 0.004286, 0.011122, 0.023031, 0.018446, 0.005642, 0.01218, 0.028727, 0.01359, 0.011339, 0.021756, 0.017388, 0.032525, 0.012153, 0.00982, 0.026015, 0.018853, 0.011285, 0.03578, 0.014893, 0.008518, 0.012587, 0.021159, 0.006646, 0.019043, 0.015652, 0.01709, 0.018582, 0.00651, 0.002414, 0.03106, 0.01378, 0.014621, 0.012234, 0.036947, 0.018907, 0.011176, 0.017877, 0.00746, 0.035753, 0.016168, 0.013319, 0.020318, 0.007053, 0.016981, 0.012533, 0.00982]	42.041667	25.600002	0.000000	242.524373	0.999967	0.008093	0.000081	[24.455395, 24.067627, 16.716312, 8.941455, 20.306829, 35.702843, 45.018536, 33.155922, 20.485039, 17.532846, 21.907806, 29.618908, 9.452255, 29.582039, 10.03788, 19.901379, 33.561092, 34.186211, 10.655701, 19.914349, 49.736023, 23.544632, 18.101599, 30.037359, 29.446081, 47.592453, 25.192875, 25.883835, 38.292206, 24.284538, 13.216688, 48.613155, 31.152777, 13.919041, 19.535927, 29.32127, 12.278873, 30.338934, 21.512396, 23.695095, 23.404308, 13.492666, 7.448108, 51.427162, 20.305237, 18.354979, 23.146185, 42.445114, 29.892698, 16.655525, 36.920792, 14.652596, 43.587212, 31.20628, 26.612862, 28.97533, 17.687881, 29.34996, 21.380569, 18.158422]
1776732115.979	1	2450	2450	5.130266e-05	2.300228	2.295222	1.400580	18.794825	3.605550	0.000000	2.289788	2.287711	2.282727			2	0.001000	hard_ce	0.000000	0.032434	0.604566	-3.433701	4.876958	1.000000	0.000000	3.898624	0.067240	0.000376	0.000000	1.000000	0.000000	0.074984	3.118404	3.068101	0.554989	0.008919	0.620420	0.527103	0.327711	0.826640	0.433343	0.850126	29.613435	12.791985	2.000000	2.000000	0.483333	0.023906	0.110574	1.000000	0.000000	1.865263	[0.01674, 0.016473, 0.016636, 0.016043, 0.016312, 0.017464, 0.018435, 0.017368, 0.015149, 0.016041, 0.016366, 0.016902, 0.016324, 0.016953, 0.015898, 0.016458, 0.017531, 0.016231, 0.015203, 0.016017, 0.018428, 0.017253, 0.015959, 0.015906, 0.016559, 0.019262, 0.016347, 0.0158, 0.016684, 0.017465, 0.015962, 0.017873, 0.017476, 0.015857, 0.015972, 0.016956, 0.015296, 0.016397, 0.015793, 0.016093, 0.015846, 0.016423, 0.015892, 0.020515, 0.016376, 0.015934, 0.016303, 0.017259, 0.018086, 0.015994, 0.016196, 0.016454, 0.016733, 0.017711, 0.016502, 0.016492, 0.017141, 0.017309, 0.016784, 0.016166]	[0.022081, 0.009956, 0.020779, 0.003988, 0.007107, 0.025553, 0.032606, 0.018039, 0.010851, 0.009928, 0.025228, 0.019721, 0.005642, 0.023872, 0.00255, 0.011719, 0.020101, 0.018121, 0.006646, 0.012885, 0.033719, 0.010769, 0.01218, 0.018175, 0.012777, 0.03087, 0.018365, 0.009657, 0.024929, 0.019314, 0.003743, 0.039632, 0.010173, 0.011393, 0.011746, 0.022434, 0.009738, 0.019233, 0.008626, 0.022, 0.01709, 0.005208, 0.002333, 0.036268, 0.015327, 0.021186, 0.015869, 0.037245, 0.018853, 0.008355, 0.015408, 0.007378, 0.027724, 0.013889, 0.025716, 0.019558, 0.024767, 0.010145, 0.009115, 0.011719]	40.875000	25.600002	0.000000	250.245623	0.999967	0.008029	0.000084	[28.13113, 20.247162, 28.705238, 9.548227, 14.12335, 33.402382, 39.735271, 32.751015, 16.736012, 16.165581, 35.207703, 36.307415, 15.538502, 34.465393, 7.009937, 20.036856, 34.185974, 30.104137, 10.957645, 17.934315, 41.57761, 19.671951, 18.360495, 26.970383, 24.169958, 39.528206, 26.518669, 20.940651, 37.701462, 25.616989, 9.207242, 48.579693, 22.352703, 14.649343, 19.001287, 32.979431, 14.908792, 30.083149, 19.233931, 29.712912, 25.471497, 11.438297, 7.434246, 48.686016, 24.818916, 24.614082, 30.819189, 48.598961, 30.252625, 12.707739, 33.079865, 16.096931, 46.132622, 23.263103, 39.380882, 24.98744, 31.820532, 17.788094, 18.036901, 17.514021]
1776732361.575	1	2500	2500	4.987284e-05	2.652961	2.647984	1.370085	18.664845	3.606878	0.000000	2.303828	2.282745	2.277784			2	0.001000	hard_ce	0.000000	0.026820	0.592547	-3.441642	4.727351	1.000000	0.000000	3.906536	0.065346	0.000340	0.000000	1.000000	0.000000	0.074499	3.096120	3.043806	0.515864	0.008684	0.614579	0.528500	0.327729	0.826926	0.431081	0.849988	29.151979	13.075723	2.000000	2.000000	0.476389	0.022536	0.108156	1.000000	0.000000	1.874282	[0.016433, 0.016849, 0.016234, 0.016059, 0.016683, 0.017449, 0.018422, 0.017476, 0.015597, 0.016128, 0.016517, 0.016886, 0.01616, 0.016752, 0.015692, 0.017028, 0.017326, 0.016547, 0.015015, 0.01582, 0.019015, 0.017111, 0.016242, 0.016333, 0.016917, 0.018985, 0.01609, 0.016464, 0.016493, 0.017299, 0.016039, 0.017728, 0.017411, 0.015949, 0.01611, 0.016935, 0.015298, 0.016409, 0.015932, 0.015437, 0.015677, 0.016847, 0.015761, 0.019916, 0.016314, 0.015342, 0.016495, 0.017236, 0.017932, 0.016259, 0.016257, 0.016537, 0.016685, 0.017845, 0.016064, 0.016398, 0.017084, 0.01727, 0.01672, 0.016093]	[0.017605, 0.012288, 0.012505, 0.005887, 0.011122, 0.027696, 0.028917, 0.019531, 0.015082, 0.015082, 0.018419, 0.019748, 0.006049, 0.020047, 0.002957, 0.012261, 0.019667, 0.015923, 0.003065, 0.010254, 0.034966, 0.016059, 0.012153, 0.02238, 0.022352, 0.036051, 0.015299, 0.010525, 0.024767, 0.01964, 0.006782, 0.037191, 0.01142, 0.009711, 0.009386, 0.028266, 0.006755, 0.019965, 0.015598, 0.012207, 0.009332, 0.009115, 0.003364, 0.035346, 0.011854, 0.014513, 0.015896, 0.041802, 0.017225, 0.013373, 0.016764, 0.005018, 0.036621, 0.013238, 0.01888, 0.021159, 0.012126, 0.012722, 0.012641, 0.013428]	42.125000	25.600003	0.000000	256.585405	0.999967	0.008054	0.000083	[23.217306, 22.761253, 18.610401, 10.941711, 21.847923, 36.88501, 34.198456, 34.603657, 21.020185, 22.105268, 29.388653, 36.14196, 14.517494, 32.243736, 7.680573, 16.798861, 31.946609, 35.934235, 7.454209, 17.711674, 49.273232, 27.933178, 18.232176, 32.656166, 32.017021, 39.07177, 23.29006, 26.73959, 42.292515, 28.039532, 8.518243, 47.763317, 24.203091, 19.710396, 18.182457, 31.356579, 13.605188, 32.617504, 25.128677, 18.677631, 13.711924, 13.578463, 6.613922, 41.445244, 21.819641, 21.579182, 30.080616, 44.073631, 25.916893, 18.80937, 33.282753, 16.016411, 47.944195, 19.364655, 35.642445, 24.032562, 23.747448, 19.7892, 23.811872, 19.422138]
1776732609.345	1	2550	2550	4.846344e-05	2.256468	2.251568	1.294892	18.475891	3.605722	0.000000	2.323227	2.308306	2.303372			2	0.001000	hard_ce	0.000000	0.026353	0.563698	-3.454274	4.800092	1.000000	0.000000	3.929393	0.059173	0.000311	0.000000	1.000000	0.000000	0.075642	3.140360	3.050266	0.472641	0.009121	0.614813	0.536854	0.327653	0.826822	0.431777	0.850210	27.155951	13.024639	2.000000	2.000000	0.463889	0.018816	0.099529	1.000000	0.000000	1.918364	[0.016338, 0.016974, 0.016139, 0.016167, 0.016902, 0.017505, 0.018422, 0.017716, 0.015917, 0.016602, 0.016411, 0.016537, 0.016309, 0.017137, 0.015653, 0.016756, 0.017501, 0.01666, 0.015156, 0.015775, 0.018904, 0.017276, 0.015935, 0.016075, 0.017609, 0.016731, 0.01568, 0.016257, 0.016822, 0.017265, 0.016293, 0.01759, 0.016927, 0.016494, 0.015854, 0.016726, 0.015507, 0.016726, 0.015931, 0.0157, 0.016184, 0.016652, 0.01578, 0.019287, 0.016404, 0.015628, 0.016566, 0.017342, 0.017441, 0.016847, 0.016691, 0.016237, 0.017013, 0.017837, 0.016226, 0.0156, 0.017135, 0.017446, 0.016708, 0.016095]	[0.017551, 0.012939, 0.012017, 0.004801, 0.008518, 0.025743, 0.027262, 0.023248, 0.015978, 0.01671, 0.011963, 0.020237, 0.006809, 0.023573, 0.002279, 0.015842, 0.018582, 0.014404, 0.002875, 0.00963, 0.032823, 0.018175, 0.011719, 0.019423, 0.030924, 0.021484, 0.012668, 0.013156, 0.029514, 0.02322, 0.010091, 0.032932, 0.010254, 0.012017, 0.00784, 0.02455, 0.005859, 0.01964, 0.012994, 0.012777, 0.016629, 0.006429, 0.003391, 0.029514, 0.012071, 0.015761, 0.019206, 0.037001, 0.016113, 0.016737, 0.022244, 0.006131, 0.046332, 0.01161, 0.01709, 0.018202, 0.01142, 0.01888, 0.010932, 0.011285]	42.333333	25.600002	0.000000	256.671607	0.999967	0.008057	0.000081	[22.707428, 21.65794, 18.674231, 9.680369, 14.634104, 33.912796, 37.358818, 32.307491, 24.62392, 19.977097, 23.515127, 31.793516, 13.298235, 33.576611, 9.15014, 23.72797, 30.357201, 39.468887, 8.830678, 18.432976, 51.710876, 31.981171, 17.386562, 27.540945, 37.747192, 29.342083, 23.354826, 27.798656, 44.94622, 31.98695, 12.251459, 44.406643, 18.92716, 19.576033, 15.212154, 33.981506, 10.386173, 36.322933, 17.750084, 20.553776, 18.819643, 12.745921, 8.253876, 44.498146, 18.566299, 19.82728, 29.538015, 44.914246, 21.70307, 21.389479, 39.761143, 16.384344, 53.028271, 22.181778, 31.226654, 22.455153, 20.308769, 29.708698, 22.614468, 17.225861]
1776732887.449	1	2600	2600	4.707673e-05	2.414634	2.409658	1.358190	18.758705	3.617348	0.000000	2.291551	2.292507	2.287572	2.529838	12.551477	2	0.001000	hard_ce	0.000000	0.038255	0.590513	-3.480341	4.747426	1.000000	0.000000	3.910328	0.063883	0.000364	0.000000	1.000000	0.000000	0.075879	3.153614	3.109506	0.507858	0.009232	0.630515	0.546038	0.327613	0.826438	0.432314	0.850323	28.670818	13.293681	2.000000	2.000000	0.462500	0.022256	0.105510	1.000000	0.000000	1.805591	[0.016471, 0.01699, 0.016171, 0.016241, 0.01667, 0.017667, 0.01883, 0.017651, 0.015762, 0.016292, 0.016242, 0.016652, 0.016182, 0.01708, 0.015919, 0.017039, 0.017403, 0.016309, 0.015379, 0.015473, 0.019319, 0.016988, 0.016358, 0.016087, 0.017248, 0.017917, 0.016054, 0.01565, 0.016807, 0.017649, 0.016078, 0.017336, 0.017098, 0.01584, 0.015977, 0.016724, 0.015456, 0.01646, 0.015467, 0.015775, 0.015738, 0.01669, 0.015599, 0.020764, 0.016171, 0.015848, 0.01638, 0.016976, 0.017832, 0.016951, 0.016736, 0.015942, 0.016488, 0.017909, 0.016057, 0.015868, 0.017174, 0.017251, 0.017019, 0.0159]	[0.020264, 0.015245, 0.01001, 0.005778, 0.008898, 0.02474, 0.025418, 0.019151, 0.015869, 0.016032, 0.010769, 0.017931, 0.006456, 0.030382, 0.003825, 0.01869, 0.021267, 0.013238, 0.003554, 0.008681, 0.040609, 0.011637, 0.012533, 0.021891, 0.028049, 0.02813, 0.017822, 0.011312, 0.029975, 0.026693, 0.005046, 0.034939, 0.013672, 0.00982, 0.009332, 0.021674, 0.005859, 0.018473, 0.007243, 0.015381, 0.010824, 0.006999, 0.003825, 0.035373, 0.014296, 0.01747, 0.016412, 0.039741, 0.018202, 0.012587, 0.020996, 0.006348, 0.039361, 0.013265, 0.018419, 0.010498, 0.017632, 0.008138, 0.013129, 0.0102]	42.791667	25.600002	0.000000	251.816323	0.999967	0.008056	0.000080	[23.630489, 24.972326, 13.286021, 8.435774, 18.368391, 34.634926, 42.140919, 31.008497, 27.15889, 22.569113, 16.097446, 34.437454, 15.467489, 39.219101, 6.924198, 25.599676, 31.052994, 31.257717, 7.349385, 17.573444, 57.032837, 24.882748, 20.790491, 32.557869, 34.067287, 38.516296, 23.864693, 23.630911, 45.611374, 36.416901, 8.060658, 46.092628, 25.997152, 17.334772, 18.312609, 33.192146, 13.713539, 24.985107, 12.745288, 20.798342, 15.961168, 11.943973, 9.354502, 50.734169, 21.637182, 19.104843, 27.986645, 41.894325, 27.86898, 18.586704, 42.831772, 14.44738, 47.067184, 22.353832, 33.194508, 18.639469, 25.195816, 19.000154, 22.762905, 15.646644]
1776733135.696	1	2650	2650	4.571497e-05	2.375312	2.370420	1.297893	18.201969	3.593584	0.000000	2.280350	2.300858	2.295912			2	0.001000	hard_ce	0.000000	0.008749	0.537664	-3.434318	4.694458	1.000000	0.000000	3.940942	0.057152	0.000355	0.000000	1.000000	0.000000	0.076129	3.161370	3.030279	0.486198	0.008917	0.614395	0.531340	0.327493	0.826374	0.431449	0.850111	25.505271	12.897824	2.000000	2.000000	0.490278	0.018240	0.096064	1.000000	0.000000	2.039198	[0.016086, 0.017195, 0.016247, 0.016391, 0.017019, 0.016919, 0.017743, 0.017314, 0.016027, 0.016707, 0.016578, 0.016922, 0.016373, 0.017589, 0.016163, 0.017081, 0.017467, 0.01651, 0.015617, 0.01559, 0.018818, 0.016905, 0.016039, 0.016109, 0.017727, 0.017222, 0.016185, 0.016107, 0.016608, 0.017143, 0.016254, 0.016963, 0.017465, 0.016386, 0.015935, 0.016799, 0.015785, 0.01681, 0.016143, 0.015478, 0.015973, 0.016387, 0.015479, 0.019184, 0.016852, 0.016055, 0.016389, 0.01707, 0.017459, 0.016504, 0.016811, 0.016578, 0.017241, 0.017547, 0.016154, 0.015812, 0.017155, 0.016566, 0.016201, 0.016165]	[0.015842, 0.018121, 0.012885, 0.008464, 0.009359, 0.017117, 0.027181, 0.019097, 0.027452, 0.020318, 0.01378, 0.010417, 0.00453, 0.031141, 0.003554, 0.012397, 0.023356, 0.014133, 0.003554, 0.009549, 0.027371, 0.017198, 0.011312, 0.022352, 0.034125, 0.025174, 0.012777, 0.009684, 0.046414, 0.021864, 0.005263, 0.028076, 0.018934, 0.013645, 0.008111, 0.017632, 0.00651, 0.022895, 0.016493, 0.015245, 0.005208, 0.005507, 0.003391, 0.035617, 0.016656, 0.01397, 0.018121, 0.045329, 0.020318, 0.010986, 0.015245, 0.004883, 0.052572, 0.011854, 0.013455, 0.006619, 0.010227, 0.004096, 0.009874, 0.01275]	42.500000	25.600002	0.000000	278.776501	0.999967	0.008084	0.000080	[21.989971, 27.216618, 17.4151, 9.628515, 17.986353, 26.104813, 44.05621, 25.831795, 22.923246, 20.820305, 21.174591, 34.723412, 11.543509, 37.99102, 8.735022, 29.933693, 35.671505, 38.085743, 7.786751, 16.586636, 52.459465, 25.572241, 20.665932, 25.475142, 33.93618, 43.67355, 20.377785, 21.789898, 49.132992, 31.96195, 7.237617, 39.055031, 28.468761, 18.289745, 16.141037, 30.722654, 14.367328, 32.979763, 12.871878, 21.625633, 18.379066, 14.422607, 8.728832, 51.831146, 16.699028, 21.28754, 32.313087, 58.112602, 25.263111, 14.14591, 32.782112, 14.864726, 58.614468, 21.605164, 30.060278, 22.368093, 18.652822, 17.598013, 14.786346, 20.475716]
1776733382.945	2	2700	2700	4.438034e-05	1.782377	1.777461	1.316144	18.547117	3.600531	0.000000	2.178851	2.199700	2.194771			2	0.001000	hard_ce	0.000000	0.023585	0.575091	-3.493221	4.886522	1.000000	0.000000	3.913168	0.064438	0.000333	0.000000	1.000000	0.000000	0.076571	3.180804	3.077800	0.517855	0.008935	0.624381	0.540676	0.327521	0.825741	0.432393	0.850613	28.072063	13.589206	2.000000	2.000000	0.463889	0.022698	0.106178	1.000000	0.000000	1.803538	[0.016524, 0.017442, 0.015857, 0.01639, 0.01687, 0.017013, 0.018078, 0.017257, 0.015721, 0.016576, 0.016483, 0.016278, 0.016309, 0.017288, 0.016037, 0.017118, 0.016932, 0.016702, 0.015287, 0.015554, 0.018613, 0.016715, 0.016452, 0.015909, 0.017682, 0.01871, 0.016251, 0.015821, 0.016901, 0.018001, 0.015936, 0.01756, 0.01761, 0.015922, 0.015916, 0.016404, 0.015562, 0.016593, 0.015866, 0.01597, 0.015977, 0.016486, 0.015616, 0.019348, 0.016229, 0.016032, 0.01625, 0.017506, 0.017781, 0.016369, 0.017209, 0.0167, 0.01655, 0.017432, 0.015789, 0.016112, 0.016941, 0.017008, 0.016116, 0.016438]	[0.01983, 0.017307, 0.007623, 0.005832, 0.009359, 0.022434, 0.027588, 0.016791, 0.018473, 0.020915, 0.012451, 0.019667, 0.006022, 0.030219, 0.006049, 0.014052, 0.021159, 0.017687, 0.003092, 0.009956, 0.027371, 0.012044, 0.01492, 0.015218, 0.028185, 0.029324, 0.012153, 0.00982, 0.028836, 0.029622, 0.004205, 0.033393, 0.014947, 0.015544, 0.007975, 0.016846, 0.006483, 0.020291, 0.010444, 0.016276, 0.009711, 0.00708, 0.00472, 0.029378, 0.014377, 0.017225, 0.017741, 0.044922, 0.023926, 0.00982, 0.020318, 0.00651, 0.041884, 0.01397, 0.018826, 0.010715, 0.01416, 0.007568, 0.009413, 0.017334]	41.208333	25.600002	0.000000	291.551697	0.999967	0.007996	0.000081	[20.598328, 32.731228, 10.800186, 12.739042, 15.602842, 24.43199, 37.771889, 30.825989, 26.248077, 28.719807, 21.622047, 43.628155, 9.219872, 46.300121, 9.962493, 20.009056, 30.664635, 43.287376, 7.538081, 14.669594, 35.765144, 19.663553, 20.763052, 25.164242, 45.661507, 31.664341, 17.272842, 26.200195, 40.905533, 34.810741, 8.449993, 42.47607, 31.152283, 21.196327, 12.74869, 26.429775, 13.408865, 35.368874, 24.438141, 18.037197, 20.566532, 10.226151, 10.070418, 39.018955, 19.468956, 23.524755, 31.881771, 60.077103, 30.203003, 17.041779, 29.079849, 15.759513, 65.155266, 20.670727, 32.457245, 17.002298, 24.05645, 13.378761, 16.032948, 21.379387]
1776733634.130	2	2750	2750	4.307502e-05	2.302630	2.297574	1.442487	18.912010	3.613176	0.000000	2.025414	2.097178	2.092239			2	0.001000	hard_ce	0.000000	0.044421	0.606266	-3.541360	4.851392	1.000000	0.000000	3.898636	0.067332	0.000336	0.000000	1.000000	0.000000	0.077359	3.215126	3.182223	0.557951	0.009106	0.650938	0.549067	0.327394	0.825054	0.433010	0.850481	29.232389	13.362894	2.000000	2.000000	0.466667	0.024778	0.109887	1.000000	0.000000	1.820004	[0.016937, 0.017207, 0.016032, 0.016238, 0.01642, 0.017691, 0.01848, 0.016842, 0.015734, 0.016286, 0.016236, 0.016129, 0.016828, 0.017136, 0.01601, 0.017243, 0.017167, 0.016059, 0.015166, 0.015297, 0.018674, 0.01713, 0.016328, 0.015911, 0.016835, 0.020045, 0.016376, 0.015677, 0.017268, 0.01782, 0.015929, 0.017976, 0.017532, 0.015949, 0.016051, 0.016593, 0.015696, 0.016606, 0.015388, 0.016329, 0.015596, 0.016966, 0.015575, 0.020857, 0.016468, 0.015569, 0.015867, 0.016309, 0.018276, 0.015852, 0.016473, 0.016114, 0.016023, 0.017706, 0.015657, 0.016453, 0.016993, 0.016972, 0.016821, 0.016202]	[0.025743, 0.013509, 0.011502, 0.005832, 0.008219, 0.023003, 0.030192, 0.014187, 0.023356, 0.016954, 0.012343, 0.016602, 0.015272, 0.029243, 0.004964, 0.016981, 0.022244, 0.014811, 0.003554, 0.00963, 0.030572, 0.007785, 0.016168, 0.008572, 0.013482, 0.037516, 0.015571, 0.009983, 0.02832, 0.030653, 0.004123, 0.044705, 0.014757, 0.012017, 0.011556, 0.018121, 0.007731, 0.025255, 0.007812, 0.019531, 0.008328, 0.008626, 0.002713, 0.037462, 0.020888, 0.012316, 0.011285, 0.027181, 0.032633, 0.004774, 0.017741, 0.010824, 0.025608, 0.015544, 0.01709, 0.009603, 0.01888, 0.008002, 0.012967, 0.015164]	42.083333	25.600002	0.000000	250.699442	0.999967	0.008007	0.000078	[28.102955, 26.75263, 14.485201, 10.456705, 13.557602, 29.751743, 41.516937, 24.945194, 28.457123, 22.706045, 21.916019, 31.708029, 17.851112, 42.22076, 9.227386, 26.766483, 29.889151, 35.007767, 8.088182, 17.894863, 51.305969, 19.097307, 20.055313, 21.695084, 30.863846, 41.8522, 25.829388, 21.810522, 37.966316, 36.493229, 8.705207, 51.557674, 27.16947, 19.125011, 13.987663, 29.458424, 14.841951, 36.137856, 18.248686, 21.875561, 18.684517, 13.484098, 10.137995, 49.734356, 19.177406, 19.920004, 26.516712, 44.03595, 32.893494, 13.046195, 32.587273, 21.004711, 47.745342, 22.101387, 29.909424, 20.562206, 27.575979, 14.381681, 22.515579, 20.607174]
1776733913.270	2	2800	2800	4.180111e-05	2.277916	2.272999	1.319386	18.677782	3.597409	0.000000	1.986198	2.022528	2.017594	2.585639	13.271770	2	0.001000	hard_ce	0.000000	0.035305	0.586317	-3.557617	4.889384	1.000000	0.000000	3.916989	0.062032	0.000308	0.000000	1.000000	0.000000	0.077317	3.215599	3.130387	0.521042	0.008935	0.635322	0.546431	0.327319	0.825036	0.433569	0.850470	27.672381	13.302284	2.000000	2.000000	0.484722	0.020787	0.103277	1.000000	0.000000	1.903795	[0.016578, 0.017067, 0.016104, 0.016452, 0.016449, 0.017578, 0.018067, 0.017124, 0.015582, 0.016731, 0.016413, 0.01628, 0.016759, 0.017274, 0.016192, 0.017083, 0.017441, 0.016228, 0.015253, 0.015739, 0.018812, 0.017067, 0.016156, 0.015692, 0.017276, 0.018614, 0.016146, 0.015555, 0.016613, 0.017595, 0.016224, 0.017687, 0.017566, 0.016195, 0.015909, 0.016671, 0.015698, 0.01661, 0.015839, 0.015718, 0.015818, 0.01672, 0.015694, 0.019455, 0.016539, 0.01624, 0.016038, 0.016881, 0.017633, 0.016213, 0.016886, 0.016361, 0.016493, 0.017356, 0.01615, 0.016112, 0.017549, 0.016757, 0.016888, 0.016178]	[0.023085, 0.016602, 0.009711, 0.004801, 0.005751, 0.01869, 0.025228, 0.021837, 0.018853, 0.015761, 0.01473, 0.021186, 0.007487, 0.036404, 0.003526, 0.011176, 0.027615, 0.017958, 0.003364, 0.010661, 0.031359, 0.006076, 0.01416, 0.010037, 0.021132, 0.031793, 0.013292, 0.006863, 0.024523, 0.029921, 0.006619, 0.040799, 0.020209, 0.015191, 0.009277, 0.016005, 0.008952, 0.022407, 0.009549, 0.016005, 0.014513, 0.006565, 0.002767, 0.033881, 0.018555, 0.018338, 0.013563, 0.036513, 0.026394, 0.008681, 0.018175, 0.007623, 0.031494, 0.013428, 0.020725, 0.010661, 0.020562, 0.005561, 0.009928, 0.013482]	41.583333	25.600002	0.000000	241.531823	0.999968	0.007987	0.000080	[29.990124, 25.263159, 12.620087, 11.740115, 13.509472, 26.20179, 36.61211, 33.060028, 24.419226, 23.045418, 21.726559, 34.367641, 16.771015, 49.789635, 8.520781, 21.752407, 36.176422, 38.650551, 6.300842, 16.066519, 41.989243, 16.100451, 22.190855, 17.320162, 31.821007, 38.289417, 20.292515, 21.209995, 34.785259, 33.128876, 11.662242, 51.489468, 36.296719, 22.637533, 17.841415, 30.893097, 14.813582, 38.102119, 21.148361, 19.332191, 23.739004, 12.155548, 7.833795, 41.206337, 24.952599, 25.35108, 24.809296, 46.003204, 33.591339, 11.918075, 36.01088, 19.666466, 50.941368, 19.223351, 30.152008, 19.116341, 26.620642, 10.646912, 20.921209, 23.21217]
1776734160.513	2	2850	2850	4.056066e-05	2.137145	2.132200	1.348521	18.816116	3.597146	0.000000	1.991790	2.010015	2.005081			2	0.001000	hard_ce	0.000000	0.038640	0.606309	-3.609623	4.850399	1.000000	0.000000	3.904949	0.065409	0.000331	0.000000	1.000000	0.000000	0.078288	3.256849	3.190113	0.542209	0.009222	0.649173	0.557724	0.327197	0.824473	0.434881	0.850986	28.576446	13.320579	2.000000	2.000000	0.488194	0.022916	0.107902	1.000000	0.000000	1.891508	[0.016511, 0.016969, 0.016131, 0.01633, 0.016412, 0.017738, 0.018235, 0.017029, 0.015485, 0.016517, 0.016296, 0.016449, 0.016578, 0.017012, 0.016353, 0.017141, 0.017279, 0.01644, 0.015178, 0.015712, 0.018912, 0.016897, 0.016566, 0.015941, 0.016935, 0.018013, 0.015877, 0.015798, 0.016918, 0.017541, 0.016053, 0.017927, 0.017617, 0.016435, 0.01598, 0.016491, 0.015783, 0.016518, 0.015678, 0.015642, 0.015718, 0.016852, 0.015824, 0.020393, 0.016418, 0.015862, 0.016295, 0.017058, 0.017923, 0.015921, 0.016305, 0.016354, 0.016534, 0.018087, 0.015993, 0.016128, 0.017069, 0.016796, 0.01679, 0.016363]	[0.022976, 0.016737, 0.008979, 0.003337, 0.005127, 0.022569, 0.02927, 0.020237, 0.017008, 0.015137, 0.011339, 0.020372, 0.004639, 0.028103, 0.003364, 0.017253, 0.02672, 0.02238, 0.004639, 0.011692, 0.031603, 0.007216, 0.016276, 0.008355, 0.016385, 0.029405, 0.015951, 0.009874, 0.023682, 0.027561, 0.005425, 0.043674, 0.016059, 0.018772, 0.00887, 0.014431, 0.008925, 0.024984, 0.007189, 0.016819, 0.010417, 0.007758, 0.002224, 0.037625, 0.017117, 0.015299, 0.016113, 0.037598, 0.027859, 0.007134, 0.020888, 0.007812, 0.028727, 0.017008, 0.016764, 0.010688, 0.025282, 0.005751, 0.008274, 0.01633]	41.916667	25.600002	0.000000	265.182540	0.999968	0.007948	0.000081	[29.640417, 24.277052, 12.804064, 10.590165, 10.735835, 34.731754, 40.198677, 30.706907, 20.305357, 20.730148, 22.178989, 31.129761, 11.585041, 37.391827, 5.869991, 27.826406, 36.854916, 37.229553, 8.494143, 19.931618, 44.181938, 18.641317, 27.105335, 15.696005, 24.996939, 36.499878, 23.35162, 19.404375, 35.343849, 38.201637, 10.594316, 55.700401, 26.481741, 27.496199, 15.016708, 28.651867, 18.927711, 36.418713, 11.65675, 22.282585, 29.747269, 11.814921, 8.722595, 44.841492, 24.109358, 25.628036, 29.943478, 44.293621, 37.330582, 12.180899, 38.463905, 18.737621, 44.615013, 22.869816, 28.740149, 17.904837, 36.993629, 12.926069, 16.797403, 19.476866]
1776734409.008	2	2900	2900	3.935570e-05	2.016176	2.011296	1.285576	18.650806	3.594210	0.000000	2.001258	1.999375	1.994445			2	0.001000	hard_ce	0.000000	0.029592	0.591440	-3.526785	4.807893	1.000000	0.000000	3.911799	0.064184	0.000308	0.000000	1.000000	0.000000	0.078397	3.262575	3.151431	0.527116	0.008820	0.641334	0.548477	0.327104	0.824653	0.434485	0.850712	27.680803	13.352377	2.000000	2.000000	0.479167	0.022632	0.105737	1.000000	0.000000	1.777829	[0.01626, 0.017093, 0.016271, 0.016307, 0.016615, 0.017262, 0.018054, 0.017229, 0.015548, 0.016503, 0.016612, 0.016657, 0.016379, 0.017046, 0.016081, 0.017181, 0.017205, 0.016281, 0.015438, 0.016219, 0.018424, 0.016987, 0.016212, 0.015956, 0.017484, 0.018173, 0.015909, 0.015552, 0.016855, 0.017869, 0.016092, 0.017309, 0.017666, 0.016249, 0.015907, 0.01672, 0.015779, 0.01658, 0.015916, 0.015711, 0.016157, 0.01676, 0.0156, 0.019397, 0.01645, 0.015995, 0.016235, 0.017017, 0.017646, 0.016184, 0.016664, 0.016744, 0.016925, 0.018014, 0.016065, 0.01607, 0.01685, 0.016729, 0.016517, 0.016392]	[0.020915, 0.015815, 0.009711, 0.00491, 0.006266, 0.023166, 0.027208, 0.017578, 0.022922, 0.015842, 0.012234, 0.024848, 0.005914, 0.03106, 0.005235, 0.016466, 0.024278, 0.017171, 0.007026, 0.015055, 0.026774, 0.009766, 0.013889, 0.01907, 0.026367, 0.02398, 0.014133, 0.008436, 0.028944, 0.02577, 0.004232, 0.03049, 0.021294, 0.015055, 0.009332, 0.015544, 0.013699, 0.024089, 0.009576, 0.016086, 0.011122, 0.006131, 0.00179, 0.03578, 0.015516, 0.01397, 0.015679, 0.035482, 0.022624, 0.008111, 0.020237, 0.00765, 0.040229, 0.015354, 0.016602, 0.010986, 0.015381, 0.004801, 0.007677, 0.01473]	42.041667	25.600002	0.000000	227.245345	0.999968	0.007912	0.000082	[25.973888, 26.301525, 14.144472, 11.575083, 12.650519, 28.657635, 36.542358, 32.290024, 23.295292, 20.745817, 21.287762, 33.319561, 16.977118, 37.260429, 8.646329, 24.510168, 36.550598, 37.410156, 12.678724, 21.569622, 38.052399, 21.360317, 23.306396, 23.819754, 29.198912, 34.163437, 17.681068, 18.910519, 41.701347, 34.769115, 14.965767, 44.453766, 33.655762, 22.002552, 18.339613, 24.589142, 23.649563, 38.143559, 18.292767, 24.185104, 24.952938, 12.515871, 7.504278, 45.863586, 30.084538, 15.781085, 28.897474, 39.263123, 33.25209, 11.738853, 36.622887, 17.00839, 52.280266, 23.629978, 34.407333, 19.270498, 25.225613, 10.495719, 20.500343, 19.077236]
1776734656.647	2	2950	2950	3.818815e-05	1.922638	1.917671	1.367719	18.928492	3.598614	0.000000	1.996175	1.991158	1.986243			2	0.001000	hard_ce	0.000000	0.042016	0.616812	-3.651760	4.983003	1.000000	0.000000	3.894946	0.068263	0.000317	0.000000	1.000000	0.000000	0.078408	3.263435	3.209547	0.553066	0.009041	0.656827	0.559291	0.327037	0.824305	0.434008	0.850927	28.880272	13.445544	2.000000	2.000000	0.475694	0.025312	0.111213	1.000000	0.000000	1.775679	[0.015977, 0.016738, 0.016305, 0.016563, 0.016619, 0.017467, 0.01882, 0.01744, 0.015288, 0.016258, 0.016098, 0.016817, 0.016315, 0.017039, 0.016035, 0.017103, 0.017523, 0.01632, 0.015113, 0.015735, 0.018582, 0.017302, 0.016124, 0.015809, 0.017117, 0.019117, 0.015989, 0.015562, 0.017212, 0.017748, 0.015971, 0.017445, 0.017591, 0.015608, 0.015787, 0.016513, 0.015342, 0.01609, 0.015643, 0.015922, 0.015525, 0.016646, 0.01564, 0.020416, 0.016092, 0.015851, 0.016477, 0.017344, 0.017863, 0.016034, 0.01671, 0.016485, 0.016857, 0.017958, 0.015966, 0.01603, 0.017743, 0.016924, 0.01688, 0.016513]	[0.017036, 0.01511, 0.009793, 0.006266, 0.009277, 0.025635, 0.033203, 0.019748, 0.013401, 0.013265, 0.009467, 0.027724, 0.004991, 0.029595, 0.0051, 0.015516, 0.025852, 0.016846, 0.00529, 0.01473, 0.029867, 0.014377, 0.012858, 0.023329, 0.020264, 0.026937, 0.01142, 0.008816, 0.030897, 0.028456, 0.004747, 0.030084, 0.019341, 0.010878, 0.008301, 0.015028, 0.009983, 0.019613, 0.006727, 0.016222, 0.007975, 0.008002, 0.002279, 0.043213, 0.010525, 0.014242, 0.020345, 0.041884, 0.019097, 0.009386, 0.022461, 0.008708, 0.035672, 0.015055, 0.012478, 0.014431, 0.018066, 0.006321, 0.009494, 0.014377]	41.541667	25.600002	0.000000	245.265275	0.999969	0.007849	0.000081	[21.962835, 26.184063, 12.632538, 10.738888, 17.740505, 31.72868, 41.847652, 33.448082, 21.814865, 23.955711, 16.635872, 43.925552, 15.82199, 39.796623, 10.897621, 23.52294, 36.581116, 35.098038, 13.035173, 20.583961, 39.164291, 22.335989, 19.374073, 31.094887, 36.001427, 37.018532, 20.905895, 20.555393, 46.410294, 32.125076, 9.037514, 41.867058, 36.051212, 19.89068, 16.272003, 24.656088, 16.273739, 33.243164, 20.287598, 20.318756, 14.655543, 12.606701, 5.936861, 53.506786, 27.563896, 17.169472, 30.045624, 43.060921, 28.809401, 13.383906, 32.120281, 16.238857, 53.069435, 26.482773, 24.548058, 19.132973, 25.244461, 10.807723, 18.032211, 22.747765]
1776734934.576	2	3000	3000	3.705993e-05	2.364531	2.359655	1.284951	18.622955	3.591649	0.000000	2.003112	2.006154	2.001249	2.572971	13.104702	2	0.001000	hard_ce	0.000000	0.031671	0.585321	-3.509703	4.810716	1.000000	0.000000	3.917159	0.062768	0.000297	0.000000	1.000000	0.000000	0.079070	3.289012	3.175234	0.528768	0.009302	0.647684	0.557996	0.326959	0.823889	0.434224	0.851432	27.149044	13.070815	2.000000	2.000000	0.485417	0.021530	0.104005	1.000000	0.000000	1.771236	[0.016063, 0.017071, 0.016279, 0.016653, 0.016537, 0.017707, 0.018411, 0.017131, 0.015572, 0.016367, 0.015996, 0.016723, 0.016599, 0.017131, 0.015841, 0.017261, 0.017756, 0.016388, 0.015521, 0.015616, 0.018376, 0.017373, 0.015958, 0.016032, 0.01709, 0.016976, 0.016152, 0.015812, 0.016926, 0.017637, 0.016141, 0.01749, 0.017436, 0.015978, 0.016052, 0.016545, 0.016, 0.016262, 0.015626, 0.01616, 0.016007, 0.01687, 0.015807, 0.019992, 0.016786, 0.015913, 0.016394, 0.016733, 0.017597, 0.016192, 0.016767, 0.016154, 0.016835, 0.0178, 0.015856, 0.016059, 0.017153, 0.016896, 0.017171, 0.016368]	[0.020481, 0.013943, 0.009603, 0.008301, 0.011637, 0.029704, 0.033257, 0.020155, 0.01671, 0.015652, 0.007297, 0.025662, 0.00906, 0.027941, 0.006212, 0.012695, 0.023899, 0.020508, 0.00727, 0.01416, 0.027561, 0.018311, 0.011882, 0.021376, 0.020508, 0.020372, 0.013536, 0.007948, 0.028375, 0.024197, 0.006538, 0.033013, 0.019857, 0.01275, 0.009576, 0.014025, 0.013075, 0.02379, 0.00746, 0.018745, 0.005995, 0.008247, 0.002089, 0.041585, 0.014838, 0.010715, 0.018094, 0.034939, 0.019667, 0.008898, 0.021484, 0.007053, 0.034559, 0.012912, 0.00803, 0.010796, 0.015815, 0.008952, 0.01275, 0.015544]	41.666667	25.600002	0.000000	250.515472	0.999968	0.007914	0.000078	[23.888746, 30.01795, 13.468061, 14.328425, 21.332256, 41.693176, 47.50938, 31.219616, 17.162411, 20.550539, 13.373394, 40.437996, 18.728619, 34.056206, 8.752, 22.905624, 32.678497, 38.735046, 10.576996, 18.687458, 44.866364, 32.933285, 22.483807, 24.404226, 27.253731, 37.174438, 22.922644, 17.961748, 42.142006, 32.561157, 10.70223, 49.600445, 29.821095, 20.627514, 17.536121, 25.396053, 20.819407, 30.185497, 13.20752, 22.911682, 13.251812, 16.018555, 7.798553, 57.660217, 22.12966, 13.154976, 31.976202, 38.349514, 28.85136, 10.788096, 35.039162, 17.13377, 43.08474, 25.541157, 21.630699, 19.326805, 28.045919, 17.157251, 22.78854, 20.659698]
1776735183.672	2	3050	3050	3.597283e-05	1.837153	1.832258	1.316729	18.692509	3.577601	0.000000	1.889906	1.925068	1.920151			2	0.001000	hard_ce	0.000000	0.027743	0.598852	-3.633234	5.023976	1.000000	0.000000	3.904212	0.066840	0.000289	0.000000	1.000000	0.000000	0.079089	3.289376	3.172364	0.565113	0.009358	0.650073	0.550875	0.326939	0.823628	0.433443	0.851200	27.520039	13.567889	2.000000	2.000000	0.484028	0.024598	0.109082	1.000000	0.000000	1.758003	[0.016214, 0.016905, 0.016428, 0.016461, 0.016439, 0.0176, 0.017985, 0.017247, 0.015385, 0.01614, 0.016165, 0.016992, 0.016425, 0.016943, 0.015809, 0.017144, 0.017648, 0.016259, 0.015296, 0.016445, 0.019044, 0.017546, 0.015933, 0.015844, 0.017286, 0.018462, 0.016127, 0.01551, 0.016368, 0.017571, 0.016011, 0.017792, 0.01742, 0.015866, 0.015777, 0.016244, 0.015681, 0.01609, 0.015724, 0.016395, 0.016081, 0.016901, 0.015487, 0.01963, 0.016201, 0.016245, 0.016354, 0.017192, 0.017488, 0.015951, 0.016616, 0.016701, 0.017076, 0.018022, 0.016189, 0.016297, 0.016698, 0.017045, 0.016972, 0.016233]	[0.021267, 0.012478, 0.012885, 0.004937, 0.009413, 0.029704, 0.030165, 0.017931, 0.014079, 0.012967, 0.010118, 0.02577, 0.006158, 0.027154, 0.008328, 0.010634, 0.02322, 0.01888, 0.008301, 0.018989, 0.032688, 0.014431, 0.013618, 0.018528, 0.019586, 0.027479, 0.012533, 0.007514, 0.025364, 0.026557, 0.005018, 0.036757, 0.017036, 0.012261, 0.00963, 0.014187, 0.012831, 0.018934, 0.007026, 0.020915, 0.009386, 0.008653, 0.001383, 0.034885, 0.012939, 0.014621, 0.017985, 0.032823, 0.021729, 0.008165, 0.02238, 0.007812, 0.032932, 0.014079, 0.019233, 0.017117, 0.014838, 0.008572, 0.011068, 0.013129]	41.833333	25.600002	0.000000	232.961730	0.999969	0.007822	0.000083	[23.174658, 20.261072, 18.31937, 10.716461, 15.886526, 39.408051, 39.754383, 31.017399, 18.705631, 23.846823, 18.492491, 46.389694, 22.524517, 36.483097, 11.237654, 18.701233, 31.068836, 35.497906, 14.78784, 23.830139, 39.547104, 25.689108, 20.543337, 25.759909, 33.278061, 29.872906, 19.386536, 17.722244, 39.973511, 28.172377, 9.422283, 45.649902, 33.643272, 19.39613, 17.820768, 26.625153, 19.233597, 30.603153, 22.848995, 26.587681, 16.921535, 16.029835, 5.581981, 46.434521, 23.394453, 19.631475, 29.434612, 42.7286, 29.072775, 13.462882, 34.280056, 19.384909, 54.580185, 22.979086, 32.832596, 23.199165, 21.943691, 13.007034, 20.844004, 18.376841]
1776735431.656	2	3100	3100	3.492864e-05	2.138706	2.133820	1.310862	18.664995	3.574894	0.000000	1.945584	1.936371	1.931462			2	0.001000	hard_ce	0.000000	0.029423	0.594943	-3.571735	4.980729	1.000000	0.000000	3.909494	0.065636	0.000265	0.000000	1.000000	0.000000	0.079186	3.295266	3.177297	0.543870	0.009469	0.650965	0.555776	0.326825	0.824043	0.433690	0.850892	27.298183	13.533820	2.000000	2.000000	0.486806	0.024061	0.107211	1.000000	0.000000	1.804383	[0.016202, 0.016791, 0.016384, 0.016413, 0.016543, 0.017469, 0.018015, 0.017254, 0.015434, 0.016248, 0.016127, 0.016884, 0.016464, 0.016885, 0.015944, 0.017438, 0.01746, 0.016538, 0.015319, 0.016024, 0.018145, 0.017173, 0.015967, 0.015993, 0.017134, 0.01859, 0.016, 0.015591, 0.016575, 0.017536, 0.016012, 0.018072, 0.017167, 0.015781, 0.015897, 0.016544, 0.015929, 0.016322, 0.01579, 0.016377, 0.016048, 0.017095, 0.015768, 0.019671, 0.016243, 0.016371, 0.016509, 0.016887, 0.01754, 0.016097, 0.016915, 0.016542, 0.017014, 0.017841, 0.015955, 0.01635, 0.01663, 0.016897, 0.017066, 0.016125]	[0.021674, 0.012099, 0.015896, 0.004123, 0.005398, 0.028185, 0.030328, 0.018717, 0.012614, 0.012777, 0.010471, 0.025879, 0.003608, 0.026394, 0.006158, 0.011312, 0.019613, 0.018826, 0.007812, 0.015218, 0.0271, 0.009549, 0.012695, 0.022705, 0.022895, 0.028564, 0.012316, 0.008355, 0.025798, 0.023899, 0.003662, 0.039171, 0.017877, 0.012641, 0.00944, 0.016168, 0.017063, 0.02105, 0.006538, 0.022678, 0.009847, 0.007948, 0.001872, 0.043593, 0.010932, 0.014838, 0.015923, 0.032905, 0.018338, 0.008355, 0.021132, 0.008328, 0.033366, 0.0169, 0.013645, 0.01983, 0.019287, 0.0102, 0.012994, 0.012505]	40.041667	25.600002	0.000000	271.047476	0.999969	0.007808	0.000083	[22.40691, 24.760336, 17.282673, 6.796607, 11.849905, 36.463223, 38.336193, 32.03159, 19.694557, 20.23741, 18.393707, 44.426342, 15.693062, 38.551014, 14.473864, 18.216106, 29.212154, 36.085964, 11.1141, 19.864462, 33.88142, 18.031246, 18.501785, 27.402222, 37.911125, 34.475403, 18.570042, 22.091177, 40.904121, 27.557114, 9.410033, 50.228249, 38.890671, 22.669706, 16.571957, 24.798618, 17.83321, 35.267227, 20.563442, 23.881897, 14.807158, 13.885504, 6.736965, 56.518658, 19.621042, 20.855053, 35.749062, 46.954754, 26.114578, 13.612269, 33.156342, 20.723789, 58.451042, 25.23196, 28.81686, 26.968975, 23.011572, 14.5481, 18.66317, 16.242348]
1776735681.862	2	3150	3150	3.392903e-05	1.715065	1.710216	1.282707	18.436985	3.566637	0.000000	2.018684	1.980688	1.975790			2	0.001000	hard_ce	0.000000	0.016466	0.570513	-3.602861	4.969287	1.000000	0.000000	3.919235	0.063893	0.000283	0.000000	1.000000	0.000000	0.078505	3.266730	3.101850	0.509822	0.008673	0.633297	0.556650	0.326778	0.824053	0.432260	0.850431	25.871206	13.812748	2.000000	2.000000	0.481250	0.023293	0.104494	1.000000	0.000000	1.916455	[0.016074, 0.017367, 0.016068, 0.016097, 0.016914, 0.017117, 0.017865, 0.017159, 0.01587, 0.016502, 0.016396, 0.016961, 0.016269, 0.017085, 0.015964, 0.017319, 0.016982, 0.016562, 0.015327, 0.016081, 0.017954, 0.016957, 0.016309, 0.015937, 0.017622, 0.018309, 0.01594, 0.016113, 0.016924, 0.017263, 0.016052, 0.017857, 0.01772, 0.015955, 0.015819, 0.016791, 0.015834, 0.016248, 0.016218, 0.015801, 0.016297, 0.016848, 0.015579, 0.018796, 0.016233, 0.015905, 0.016709, 0.017076, 0.017058, 0.016119, 0.016714, 0.016943, 0.017516, 0.017774, 0.015894, 0.016308, 0.016686, 0.016793, 0.016809, 0.016343]	[0.017497, 0.020345, 0.011095, 0.003201, 0.009549, 0.024685, 0.031765, 0.023546, 0.01416, 0.015137, 0.009467, 0.030762, 0.004503, 0.025201, 0.006185, 0.011095, 0.014404, 0.017144, 0.005208, 0.011963, 0.025011, 0.014079, 0.012533, 0.022271, 0.030219, 0.023817, 0.009196, 0.009874, 0.033637, 0.025852, 0.004991, 0.031331, 0.026991, 0.012071, 0.010552, 0.017985, 0.010552, 0.018094, 0.009684, 0.014377, 0.009277, 0.010335, 0.001953, 0.034858, 0.009684, 0.009413, 0.023872, 0.042616, 0.01614, 0.00727, 0.01709, 0.009413, 0.04834, 0.013482, 0.010579, 0.01747, 0.014296, 0.008952, 0.011827, 0.013102]	41.375000	25.600002	0.000000	257.094311	0.999969	0.007763	0.000081	[24.120794, 26.581638, 15.55381, 8.635389, 16.053829, 36.66774, 38.534855, 28.940773, 18.496849, 20.611286, 19.776114, 38.7467, 12.948283, 34.302124, 11.630613, 21.382103, 23.841251, 37.593704, 7.960699, 20.1826, 44.620079, 19.008835, 23.004562, 26.737808, 33.42067, 38.820122, 22.855886, 22.012489, 43.295013, 32.75576, 11.775368, 50.643181, 36.593884, 19.919117, 19.832939, 22.280518, 16.803738, 30.80125, 16.85323, 20.443752, 15.008105, 16.78326, 7.375488, 53.134644, 23.897594, 16.505362, 37.395016, 43.928997, 29.673889, 13.166672, 35.22039, 23.01844, 50.415367, 24.792572, 23.715515, 23.708355, 22.13205, 20.645432, 18.672985, 21.770544]
1776735958.641	2	3200	3200	3.297561e-05	2.269495	2.264685	1.240869	18.235764	3.569398	0.000000	1.978744	1.986046	1.981157	2.576363	13.149222	2	0.001000	hard_ce	0.000000	0.012466	0.539528	-3.679339	4.999845	1.000000	0.000000	3.940659	0.057850	0.000274	0.000000	1.000000	0.000000	0.078806	3.279861	3.099716	0.477242	0.008923	0.631138	0.559078	0.326637	0.823570	0.432607	0.850498	24.111419	13.573600	2.000000	2.000000	0.472917	0.019175	0.096525	1.000000	0.000000	1.973720	[0.015843, 0.01712, 0.016086, 0.016505, 0.017039, 0.017001, 0.017494, 0.017101, 0.015856, 0.016619, 0.016409, 0.017146, 0.016251, 0.017367, 0.016052, 0.016984, 0.017311, 0.01663, 0.015373, 0.015764, 0.017709, 0.016838, 0.016183, 0.015914, 0.018038, 0.017036, 0.0159, 0.016187, 0.016547, 0.01732, 0.01628, 0.017652, 0.018106, 0.015991, 0.015804, 0.016657, 0.015874, 0.016768, 0.016344, 0.015697, 0.016212, 0.01654, 0.015592, 0.018546, 0.016371, 0.016242, 0.01667, 0.017625, 0.016943, 0.016269, 0.01686, 0.017257, 0.01764, 0.017947, 0.016013, 0.015972, 0.016952, 0.016625, 0.016925, 0.016004]	[0.016303, 0.017361, 0.008219, 0.003554, 0.01123, 0.022841, 0.029568, 0.024658, 0.016249, 0.013428, 0.007975, 0.032579, 0.005642, 0.031413, 0.004883, 0.010769, 0.014459, 0.018528, 0.004259, 0.011773, 0.019803, 0.011176, 0.009277, 0.024523, 0.034722, 0.018934, 0.009196, 0.010688, 0.036024, 0.027724, 0.005561, 0.025255, 0.031006, 0.012614, 0.010959, 0.013563, 0.011041, 0.020589, 0.011664, 0.013808, 0.005778, 0.007161, 0.002794, 0.031033, 0.011041, 0.01039, 0.026584, 0.053413, 0.016357, 0.006022, 0.017442, 0.010254, 0.053901, 0.014106, 0.010227, 0.014703, 0.015842, 0.0051, 0.012424, 0.01161]	41.958333	25.600002	0.000000	264.324928	0.999968	0.007867	0.000077	[21.353119, 24.288998, 14.463794, 10.322471, 18.053543, 33.429718, 42.947563, 25.744459, 18.277885, 16.697065, 16.372332, 47.018414, 10.981508, 40.299713, 8.433952, 22.067577, 23.845249, 38.86879, 8.276615, 20.813177, 48.319042, 22.415771, 19.82539, 24.718853, 36.102928, 38.008881, 23.665707, 20.505497, 47.175102, 33.294327, 7.656281, 46.525085, 35.831188, 17.080688, 16.181133, 23.035812, 17.939526, 30.507765, 14.357387, 19.202, 13.078594, 16.981918, 7.485004, 53.507305, 14.086826, 19.920891, 41.515896, 51.411297, 25.003536, 13.952998, 32.175167, 24.839741, 53.977795, 28.318817, 19.86846, 25.787663, 26.730289, 20.779263, 22.799366, 18.874903]
1776736205.190	2	3250	3250	3.206994e-05	1.666161	1.661305	1.287703	18.682720	3.568109	0.000000	1.946262	1.947819	1.942942			2	0.001000	hard_ce	0.000000	0.025575	0.596614	-3.711011	4.966668	1.000000	0.000000	3.903386	0.067099	0.000271	0.000000	1.000000	0.000000	0.079204	3.298644	3.152742	0.551356	0.009060	0.647942	0.558068	0.326497	0.823584	0.433165	0.850439	26.732212	14.111258	2.000000	2.000000	0.475000	0.024743	0.109455	1.000000	0.000000	1.774744	[0.015949, 0.016864, 0.016419, 0.01603, 0.016628, 0.017312, 0.017848, 0.017239, 0.015833, 0.016157, 0.016446, 0.016748, 0.016312, 0.016942, 0.015883, 0.017239, 0.01718, 0.016624, 0.015418, 0.015932, 0.017788, 0.017062, 0.016071, 0.016166, 0.017445, 0.017883, 0.0163, 0.016148, 0.01695, 0.017478, 0.015815, 0.017981, 0.017973, 0.015829, 0.016089, 0.016476, 0.01587, 0.016424, 0.015768, 0.016353, 0.015896, 0.016482, 0.015594, 0.019664, 0.01632, 0.016189, 0.016419, 0.016778, 0.01735, 0.015958, 0.017264, 0.017252, 0.017047, 0.017834, 0.015866, 0.016303, 0.016888, 0.016881, 0.016938, 0.016209]	[0.020047, 0.015679, 0.011366, 0.003065, 0.009874, 0.025146, 0.031711, 0.02341, 0.021132, 0.012614, 0.00906, 0.026611, 0.004503, 0.026693, 0.003418, 0.012668, 0.017253, 0.021349, 0.006293, 0.014757, 0.020671, 0.015354, 0.011963, 0.024712, 0.022163, 0.022434, 0.012126, 0.011719, 0.03182, 0.024414, 0.002116, 0.033203, 0.023682, 0.014676, 0.011664, 0.015028, 0.010715, 0.019477, 0.010796, 0.021403, 0.005317, 0.00746, 0.002007, 0.044759, 0.011122, 0.012505, 0.024631, 0.035536, 0.017225, 0.005127, 0.025119, 0.008545, 0.038466, 0.016791, 0.008491, 0.015354, 0.014703, 0.006321, 0.00925, 0.014486]	41.458333	25.600002	0.000000	236.208427	0.999969	0.007786	0.000080	[23.267759, 24.060177, 11.984718, 8.830648, 20.21233, 33.279152, 40.654381, 33.781574, 24.68376, 19.742922, 14.692604, 40.005867, 14.688812, 36.403244, 6.948249, 21.522358, 23.576157, 40.007, 10.005839, 18.133047, 33.877819, 25.961493, 22.983984, 28.813461, 34.374882, 28.067099, 18.634335, 26.911633, 44.449276, 33.6451, 8.943594, 47.463295, 33.603977, 21.762318, 21.324608, 23.030727, 18.718155, 32.09296, 17.500042, 28.180273, 14.488032, 15.353279, 7.318816, 57.899536, 22.42281, 17.690201, 39.048336, 41.905998, 27.899038, 9.653117, 39.376564, 22.670914, 51.926285, 25.538054, 20.818724, 20.662657, 29.000736, 16.700397, 18.76816, 20.038744]
1776736451.391	2	3300	3300	3.121348e-05	1.832432	1.827618	1.236668	18.505260	3.577806	0.000000	2.037106	1.999057	1.994194			2	0.001000	hard_ce	0.000000	0.028987	0.569165	-3.761338	4.933774	1.000000	0.000000	3.929520	0.059943	0.000263	0.000000	1.000000	0.000000	0.079550	3.314451	3.172787	0.494596	0.008959	0.650188	0.563714	0.326447	0.823845	0.433502	0.850733	25.360536	13.494254	2.000000	2.000000	0.467361	0.020352	0.099535	1.000000	0.000000	1.781338	[0.016088, 0.017181, 0.016159, 0.016318, 0.01664, 0.017494, 0.018027, 0.017201, 0.015961, 0.016431, 0.016266, 0.0167, 0.01652, 0.017222, 0.016106, 0.017289, 0.017179, 0.016647, 0.015244, 0.015512, 0.017932, 0.016767, 0.016479, 0.016226, 0.017463, 0.016948, 0.01594, 0.016037, 0.016821, 0.017914, 0.016294, 0.017399, 0.017207, 0.015919, 0.016334, 0.016753, 0.016184, 0.016432, 0.016129, 0.015871, 0.015978, 0.016594, 0.016028, 0.019012, 0.016571, 0.016096, 0.016191, 0.016754, 0.017304, 0.016297, 0.016942, 0.016876, 0.017057, 0.017834, 0.015895, 0.015885, 0.017108, 0.01687, 0.017327, 0.016145]	[0.020155, 0.017225, 0.008219, 0.004069, 0.008599, 0.025933, 0.031548, 0.026747, 0.020454, 0.01435, 0.006456, 0.024631, 0.006809, 0.028809, 0.005018, 0.010959, 0.018745, 0.023383, 0.004612, 0.01199, 0.023682, 0.015218, 0.013319, 0.019965, 0.023492, 0.021213, 0.01001, 0.009983, 0.029514, 0.02813, 0.005317, 0.029677, 0.021783, 0.014133, 0.012505, 0.014404, 0.010362, 0.022217, 0.013563, 0.017904, 0.006619, 0.007812, 0.00217, 0.040989, 0.014621, 0.010905, 0.021457, 0.036323, 0.018609, 0.006293, 0.023275, 0.008572, 0.038167, 0.013211, 0.008626, 0.014621, 0.016981, 0.008192, 0.012044, 0.015408]	41.208333	25.600002	0.000000	234.921898	0.999969	0.007775	0.000081	[22.699158, 26.76763, 11.984646, 9.267169, 17.210653, 32.271759, 44.736813, 37.15979, 22.799328, 21.092041, 15.801509, 39.920052, 14.636442, 40.422226, 9.002448, 22.056046, 27.593916, 37.824833, 8.05525, 17.115931, 36.999264, 25.788784, 23.00618, 26.919455, 34.006798, 31.316647, 17.651867, 25.889639, 41.398216, 32.161148, 10.399611, 42.629879, 33.178192, 21.356644, 16.697023, 24.117825, 17.050171, 34.415127, 21.5651, 23.787771, 14.889603, 15.699013, 8.43623, 54.291626, 22.355564, 15.896502, 40.019028, 45.628174, 26.125839, 10.597479, 37.290615, 22.871811, 52.885204, 23.430965, 22.618017, 20.887669, 25.911047, 18.048347, 20.241755, 19.122602]
1776736698.817	2	3350	3350	3.040760e-05	1.906169	1.901295	1.307353	18.757721	3.567156	0.000000	1.943557	1.963514	1.958648			2	0.001000	hard_ce	0.000000	0.030904	0.600445	-3.701384	5.164577	1.000000	0.000000	3.900594	0.067881	0.000277	0.000000	1.000000	0.000000	0.079467	3.310617	3.182452	0.559975	0.008902	0.656085	0.569175	0.326462	0.824441	0.433228	0.850709	26.697653	14.375652	2.000000	2.000000	0.486806	0.025848	0.109914	1.000000	0.000000	1.830408	[0.016144, 0.017067, 0.015995, 0.016192, 0.016602, 0.017481, 0.017806, 0.01693, 0.015771, 0.016419, 0.016385, 0.016401, 0.016074, 0.016728, 0.016052, 0.017409, 0.017303, 0.016874, 0.015147, 0.016215, 0.018126, 0.016998, 0.016535, 0.015889, 0.017304, 0.018987, 0.016055, 0.016116, 0.016901, 0.017456, 0.016013, 0.017986, 0.017548, 0.015821, 0.016106, 0.016281, 0.015512, 0.01625, 0.016211, 0.015911, 0.015647, 0.016911, 0.015817, 0.019547, 0.016056, 0.015743, 0.016645, 0.016963, 0.0173, 0.015957, 0.01694, 0.017337, 0.016832, 0.017788, 0.015932, 0.016024, 0.017115, 0.01747, 0.016972, 0.016003]	[0.020725, 0.018555, 0.008681, 0.004395, 0.009196, 0.025716, 0.030599, 0.024089, 0.017415, 0.012994, 0.007785, 0.021457, 0.004422, 0.025119, 0.003635, 0.014079, 0.020562, 0.020535, 0.004367, 0.017795, 0.024414, 0.009956, 0.014513, 0.020915, 0.017985, 0.027371, 0.010878, 0.010688, 0.030572, 0.027127, 0.005832, 0.031928, 0.020426, 0.01454, 0.012478, 0.01454, 0.009847, 0.02124, 0.007677, 0.016764, 0.006104, 0.010796, 0.002306, 0.040989, 0.012343, 0.008165, 0.028076, 0.042643, 0.017171, 0.00472, 0.023899, 0.011312, 0.03852, 0.013428, 0.010173, 0.01614, 0.014974, 0.011393, 0.01039, 0.014648]	41.541667	25.600002	0.000000	246.134581	0.999970	0.007717	0.000079	[23.469074, 25.809155, 11.602556, 9.970763, 12.842241, 34.436275, 37.649963, 32.467773, 22.455261, 21.339041, 15.641429, 38.379345, 10.91788, 33.804031, 11.643969, 23.517918, 27.196941, 38.902779, 7.940157, 22.067314, 41.914291, 22.288689, 25.576849, 28.030926, 32.168144, 35.101921, 19.616491, 25.259018, 43.13879, 31.366934, 12.243139, 41.967026, 35.437523, 21.447058, 20.977856, 23.398586, 15.834204, 33.370956, 15.873878, 22.228024, 16.044117, 17.364044, 7.687802, 52.529991, 21.671288, 14.977575, 44.103416, 45.456295, 26.511341, 10.645577, 35.815903, 25.525671, 52.715874, 23.61528, 25.302891, 20.874538, 21.521584, 22.885382, 21.378233, 20.0791]
1776736974.653	2	3400	3400	2.965362e-05	2.267704	2.262870	1.268053	18.587568	3.565572	0.000000	2.032521	2.014104	2.009247	2.569080	13.053805	2	0.001000	hard_ce	0.000000	0.027369	0.579672	-3.724594	5.076789	1.000000	0.000000	3.915399	0.064225	0.000255	0.000000	1.000000	0.000000	0.079207	3.299214	3.152567	0.522580	0.008941	0.646637	0.568605	0.326485	0.823689	0.432881	0.850578	25.683046	14.109588	2.000000	2.000000	0.486111	0.023352	0.105097	1.000000	0.000000	1.855586	[0.015875, 0.016873, 0.016016, 0.016504, 0.016681, 0.017251, 0.017689, 0.016771, 0.0158, 0.016494, 0.016144, 0.01645, 0.01619, 0.016842, 0.015872, 0.017444, 0.017414, 0.017099, 0.015246, 0.015862, 0.018276, 0.017077, 0.016465, 0.016026, 0.01708, 0.017715, 0.015949, 0.016136, 0.01702, 0.017461, 0.016069, 0.018078, 0.01758, 0.016108, 0.016224, 0.016369, 0.01582, 0.016632, 0.016123, 0.015845, 0.015935, 0.01691, 0.016188, 0.019305, 0.016211, 0.015891, 0.016826, 0.017087, 0.017446, 0.016122, 0.016682, 0.016832, 0.01707, 0.017906, 0.015909, 0.015861, 0.017057, 0.017148, 0.01705, 0.015992]	[0.017904, 0.019179, 0.006646, 0.006022, 0.009766, 0.02398, 0.03285, 0.021756, 0.019423, 0.011583, 0.005398, 0.024984, 0.003716, 0.028185, 0.003092, 0.015082, 0.018745, 0.019124, 0.003961, 0.015516, 0.026394, 0.009711, 0.015571, 0.0169, 0.020182, 0.019667, 0.010878, 0.010444, 0.032281, 0.028185, 0.003364, 0.031196, 0.020508, 0.013618, 0.014052, 0.012668, 0.010498, 0.022705, 0.00803, 0.01492, 0.00784, 0.011366, 0.002469, 0.04012, 0.011746, 0.009223, 0.027018, 0.047173, 0.014513, 0.005425, 0.021077, 0.0102, 0.04579, 0.014431, 0.010335, 0.017361, 0.015761, 0.014404, 0.012533, 0.012533]	41.708333	25.600002	0.000000	238.227601	0.999969	0.007754	0.000078	[24.426884, 25.831734, 11.819307, 12.009433, 14.847151, 31.912275, 38.987495, 31.318848, 18.944462, 18.873657, 12.474933, 35.741936, 10.448379, 34.821079, 7.722075, 25.393723, 25.446423, 40.911327, 9.070696, 21.936474, 42.954773, 24.367283, 25.729635, 25.439175, 25.387997, 29.902336, 21.220098, 26.939804, 41.004875, 35.003433, 11.710207, 47.476391, 31.475475, 20.497547, 24.488096, 25.251678, 18.39576, 33.236618, 14.938736, 23.363144, 16.700411, 18.60817, 9.791082, 53.409096, 22.318541, 16.763577, 44.529263, 45.044018, 23.780537, 10.785232, 35.31657, 21.361486, 51.330364, 22.893463, 24.219536, 21.815651, 26.833843, 22.084881, 26.459013, 20.233961]
1776737220.791	2	3450	3450	2.895276e-05	1.965886	1.961046	1.280265	18.618710	3.558904	0.000000	1.943534	1.965198	1.960352			2	0.001000	hard_ce	0.000000	0.023531	0.589330	-3.693426	4.993172	1.000000	0.000000	3.909357	0.065706	0.000281	0.000000	1.000000	0.000000	0.079413	3.305445	3.129760	0.537032	0.009279	0.643062	0.559125	0.326434	0.823511	0.432215	0.850633	26.047209	14.407296	2.000000	2.000000	0.493750	0.023992	0.107420	1.000000	0.000000	1.878654	[0.015979, 0.016866, 0.016023, 0.016418, 0.016634, 0.016964, 0.017573, 0.016679, 0.015951, 0.01652, 0.016429, 0.01663, 0.016131, 0.016892, 0.015844, 0.017797, 0.017186, 0.017115, 0.015128, 0.015862, 0.018197, 0.01729, 0.016271, 0.016194, 0.017351, 0.017335, 0.015982, 0.01565, 0.016757, 0.017804, 0.016045, 0.017762, 0.017951, 0.015917, 0.015938, 0.016253, 0.015616, 0.016572, 0.016137, 0.016102, 0.015942, 0.01681, 0.016068, 0.019684, 0.016113, 0.016098, 0.016783, 0.017186, 0.017533, 0.016084, 0.017206, 0.017111, 0.016568, 0.017624, 0.015778, 0.016111, 0.016749, 0.017345, 0.017424, 0.016035]	[0.020535, 0.019775, 0.009277, 0.003852, 0.009359, 0.019558, 0.029867, 0.01964, 0.022569, 0.012614, 0.007189, 0.024116, 0.004178, 0.027289, 0.002414, 0.018609, 0.020671, 0.020345, 0.003689, 0.016791, 0.024957, 0.014025, 0.015815, 0.02653, 0.016954, 0.022705, 0.011366, 0.007867, 0.02832, 0.026476, 0.003309, 0.032796, 0.021077, 0.015734, 0.013156, 0.01378, 0.007975, 0.024197, 0.008274, 0.018121, 0.005778, 0.007243, 0.002767, 0.037543, 0.010824, 0.009467, 0.034695, 0.040283, 0.017442, 0.004991, 0.02474, 0.01218, 0.038167, 0.012533, 0.01142, 0.016249, 0.011068, 0.008599, 0.015137, 0.013102]	40.583333	25.600002	0.000000	255.580571	0.999970	0.007694	0.000079	[20.170601, 29.355762, 14.389713, 10.74465, 19.125412, 24.892576, 34.09729, 26.394772, 24.885445, 18.534784, 15.14429, 44.938484, 12.089769, 36.493507, 7.430595, 27.637123, 27.505264, 40.244484, 7.829334, 24.708807, 36.676983, 24.66724, 21.684891, 28.290642, 28.951506, 28.482145, 17.644554, 19.912018, 44.716095, 30.299442, 10.219084, 40.111416, 41.024807, 22.879948, 20.212971, 22.978109, 15.729038, 33.417999, 16.373665, 22.042042, 16.192215, 15.698211, 10.304921, 51.374725, 20.889103, 16.502325, 49.113415, 51.105835, 22.759026, 12.593107, 36.108345, 26.751842, 56.940193, 18.380827, 25.175018, 24.491667, 22.853987, 18.395065, 25.458752, 21.984213]
1776737473.144	2	3500	3500	2.830614e-05	2.144146	2.139345	1.256944	18.459356	3.544240	0.000000	2.040627	2.019808	2.014964			2	0.001000	hard_ce	0.000000	0.017018	0.573818	-3.728413	5.070530	1.000000	0.000000	3.919081	0.064093	0.000268	0.000000	1.000000	0.000000	0.079903	3.326048	3.135315	0.528871	0.009451	0.644856	0.556597	0.326391	0.823443	0.432752	0.850534	24.903375	14.086299	2.000000	2.000000	0.506944	0.023483	0.104703	1.000000	0.000000	1.814813	[0.015687, 0.016947, 0.016123, 0.016516, 0.016697, 0.01714, 0.017291, 0.016851, 0.015665, 0.016337, 0.016463, 0.016684, 0.0165, 0.016659, 0.015847, 0.017819, 0.017301, 0.016763, 0.015193, 0.016122, 0.018284, 0.017397, 0.01598, 0.016303, 0.017176, 0.017293, 0.016079, 0.015781, 0.016696, 0.017844, 0.015955, 0.017816, 0.017348, 0.015952, 0.016055, 0.016457, 0.015838, 0.016423, 0.016066, 0.016636, 0.015849, 0.016975, 0.015882, 0.01906, 0.016117, 0.016509, 0.016698, 0.016787, 0.017339, 0.015992, 0.017089, 0.01713, 0.016824, 0.017532, 0.016163, 0.016153, 0.017073, 0.017091, 0.017394, 0.016358]	[0.01766, 0.01766, 0.016249, 0.004937, 0.009115, 0.019233, 0.027886, 0.022569, 0.018148, 0.011854, 0.010579, 0.021783, 0.006456, 0.024767, 0.001709, 0.01983, 0.021946, 0.020671, 0.00784, 0.019965, 0.022488, 0.010552, 0.014296, 0.021267, 0.014323, 0.01907, 0.010905, 0.007568, 0.031413, 0.025581, 0.002143, 0.034966, 0.018962, 0.013536, 0.012885, 0.016168, 0.014513, 0.022081, 0.009223, 0.02596, 0.003391, 0.008626, 0.002306, 0.035292, 0.010362, 0.017768, 0.032498, 0.042128, 0.015625, 0.005615, 0.021376, 0.008653, 0.034397, 0.010824, 0.011095, 0.01907, 0.014703, 0.007541, 0.017415, 0.01256]	39.416667	25.600002	0.000000	276.924191	0.999969	0.007735	0.000080	[19.826075, 25.159359, 18.317892, 9.982374, 16.658068, 21.956465, 32.984566, 26.701752, 22.860912, 18.937689, 19.569693, 50.880142, 17.70962, 34.3974, 6.067509, 27.72644, 28.964848, 37.581825, 10.228919, 28.51115, 33.833214, 24.937122, 19.84609, 30.258362, 29.591444, 21.680021, 14.391986, 22.087372, 41.220627, 29.661186, 7.139056, 41.942116, 39.858917, 22.17551, 20.823683, 21.736404, 18.188463, 34.994518, 25.052444, 26.964169, 11.044264, 18.581007, 10.269402, 49.482861, 17.827772, 20.606377, 48.477959, 53.87558, 18.104322, 13.169945, 33.109039, 22.431427, 56.489361, 20.72747, 28.942669, 24.98011, 24.948639, 16.442699, 28.207333, 16.876404]
1776737720.556	2	3550	3550	2.771481e-05	2.014139	2.009325	1.270779	18.512386	3.543774	0.000000	1.998610	1.997711	1.992864			2	0.001000	hard_ce	0.000000	0.017710	0.578352	-3.878726	5.149291	1.000000	0.000000	3.913627	0.065581	0.000241	0.000000	1.000000	0.000000	0.080256	3.339232	3.159934	0.538068	0.009350	0.651629	0.565357	0.326321	0.822799	0.432438	0.850548	25.122331	14.393095	2.000000	2.000000	0.495833	0.024497	0.106665	1.000000	0.000000	1.854068	[0.015633, 0.017034, 0.016192, 0.016141, 0.016785, 0.016808, 0.017322, 0.016717, 0.015723, 0.016304, 0.01654, 0.016932, 0.016356, 0.016939, 0.015722, 0.017684, 0.017235, 0.016656, 0.015262, 0.016161, 0.018374, 0.017376, 0.016169, 0.016341, 0.017643, 0.017272, 0.015963, 0.016099, 0.01693, 0.01768, 0.015858, 0.017635, 0.017749, 0.015818, 0.015894, 0.016408, 0.01572, 0.016365, 0.016227, 0.01606, 0.015939, 0.016885, 0.015562, 0.019221, 0.01595, 0.016023, 0.016724, 0.017021, 0.017618, 0.016137, 0.017249, 0.017491, 0.016837, 0.01738, 0.016195, 0.016277, 0.01681, 0.017278, 0.017234, 0.016443]	[0.015354, 0.019504, 0.013997, 0.004015, 0.008708, 0.016737, 0.026069, 0.022054, 0.022542, 0.010607, 0.012207, 0.026096, 0.005941, 0.030707, 0.002469, 0.018229, 0.019965, 0.016195, 0.006321, 0.014052, 0.021023, 0.01256, 0.013916, 0.02398, 0.022922, 0.021756, 0.009847, 0.00982, 0.034234, 0.026069, 0.002577, 0.028781, 0.023872, 0.010145, 0.011176, 0.016032, 0.013373, 0.021077, 0.012478, 0.018799, 0.00434, 0.007785, 0.002035, 0.035373, 0.008165, 0.011637, 0.029622, 0.046685, 0.014133, 0.007433, 0.021973, 0.012316, 0.040989, 0.010634, 0.012587, 0.020752, 0.012885, 0.00963, 0.013129, 0.011692]	40.541667	25.600002	0.000000	273.811044	0.999970	0.007706	0.000077	[18.443556, 27.467283, 17.542784, 7.344016, 16.798006, 26.641121, 39.36137, 23.941862, 21.942806, 14.948092, 21.953337, 45.63485, 10.767094, 35.159904, 9.606016, 28.8904, 26.032507, 35.69445, 6.8031, 21.478699, 43.643776, 25.705183, 19.327423, 25.480139, 36.499847, 34.145264, 19.378117, 26.880066, 48.104076, 32.219311, 6.428174, 42.203007, 41.579906, 20.299931, 17.641703, 26.061087, 16.665195, 29.444408, 21.841019, 19.892479, 9.029491, 18.122442, 8.203034, 50.592735, 12.131086, 18.508171, 45.935162, 51.532104, 22.63529, 15.409727, 31.261166, 27.303158, 49.811089, 24.558342, 26.712179, 27.7883, 21.002159, 25.0044, 22.615921, 17.952719]
1776737994.895	2	3600	3600	2.717973e-05	1.981191	1.976339	1.299667	18.689117	3.552467	0.000000	1.998743	1.991321	1.986456	2.573527	13.111984	2	0.001000	hard_ce	0.000000	0.028966	0.593477	-3.793826	5.189372	1.000000	0.000000	3.907509	0.066694	0.000258	0.000000	1.000000	0.000000	0.080481	3.348868	3.202949	0.557774	0.009516	0.663120	0.570321	0.326272	0.822658	0.432694	0.850683	25.845871	14.322602	2.000000	2.000000	0.488194	0.025206	0.108182	1.000000	0.000000	1.834197	[0.015468, 0.017406, 0.016273, 0.016374, 0.016798, 0.017196, 0.017609, 0.016934, 0.01583, 0.016208, 0.016261, 0.016924, 0.016227, 0.016905, 0.015794, 0.017426, 0.017422, 0.016539, 0.015305, 0.015514, 0.017996, 0.017485, 0.015912, 0.016323, 0.0175, 0.017564, 0.015693, 0.015747, 0.01722, 0.017937, 0.015848, 0.017633, 0.017519, 0.015821, 0.015863, 0.016646, 0.015537, 0.016256, 0.016134, 0.01636, 0.015725, 0.017255, 0.015845, 0.019774, 0.015812, 0.016178, 0.016743, 0.017115, 0.01738, 0.016245, 0.016896, 0.017111, 0.016926, 0.017717, 0.015965, 0.015869, 0.01678, 0.017038, 0.017374, 0.016839]	[0.014757, 0.022651, 0.014594, 0.003445, 0.011637, 0.021729, 0.027588, 0.019884, 0.021484, 0.008925, 0.010281, 0.02615, 0.005995, 0.028754, 0.004015, 0.017741, 0.020399, 0.018745, 0.005669, 0.012885, 0.020698, 0.016195, 0.01199, 0.022651, 0.019667, 0.020833, 0.008111, 0.008165, 0.033583, 0.027018, 0.002496, 0.030165, 0.023248, 0.010959, 0.012017, 0.020643, 0.010796, 0.019586, 0.008979, 0.020047, 0.004476, 0.011339, 0.002957, 0.039307, 0.006917, 0.011637, 0.030789, 0.046115, 0.014323, 0.00651, 0.019396, 0.011312, 0.03814, 0.013482, 0.012017, 0.016683, 0.010878, 0.01039, 0.013048, 0.01511]	40.708333	25.600002	0.000000	264.314136	0.999970	0.007652	0.000079	[20.081442, 31.710339, 17.29911, 6.613183, 17.079613, 26.209044, 33.785961, 29.819561, 24.926105, 14.368042, 17.859457, 47.790581, 14.249019, 38.123981, 7.384881, 25.741421, 28.885221, 36.427711, 8.198073, 18.455364, 37.591911, 26.961906, 20.064331, 30.574469, 33.682426, 29.281754, 14.544662, 24.616385, 43.185272, 33.294243, 7.002233, 41.85157, 37.949303, 20.708923, 20.668076, 28.025, 15.254934, 33.509277, 20.759384, 24.266289, 11.261806, 18.906803, 9.914903, 49.787884, 16.065056, 17.704182, 45.573822, 50.837749, 23.026022, 12.770328, 33.676804, 24.640797, 52.338055, 23.555798, 28.652687, 24.877525, 20.486422, 21.58563, 23.47348, 18.063847]
1776738241.288	2	3650	3650	2.670177e-05	2.276346	2.271533	1.263792	18.519445	3.549444	0.000000	1.988349	1.992603	1.987743			2	0.001000	hard_ce	0.000000	0.023595	0.578153	-3.664337	4.980974	1.000000	0.000000	3.919374	0.063550	0.000294	0.000000	1.000000	0.000000	0.080368	3.345835	3.176530	0.527538	0.009528	0.654776	0.570035	0.326248	0.822569	0.432779	0.850502	25.079197	14.028481	2.000000	2.000000	0.510417	0.022685	0.104414	1.000000	0.000000	1.881894	[0.015588, 0.017322, 0.016272, 0.016335, 0.016855, 0.01716, 0.017614, 0.016809, 0.015851, 0.016265, 0.016195, 0.017057, 0.016222, 0.016943, 0.015765, 0.017743, 0.017366, 0.016643, 0.015304, 0.015629, 0.01816, 0.017308, 0.015998, 0.016312, 0.017422, 0.017161, 0.01582, 0.015978, 0.016636, 0.018026, 0.016033, 0.01779, 0.017439, 0.015903, 0.015864, 0.016597, 0.015823, 0.01648, 0.016161, 0.016364, 0.015944, 0.017202, 0.015805, 0.018971, 0.016155, 0.016064, 0.016769, 0.016952, 0.017642, 0.016078, 0.016979, 0.016925, 0.016937, 0.017845, 0.01615, 0.015961, 0.016709, 0.017085, 0.017377, 0.016237]	[0.014865, 0.021457, 0.011936, 0.003798, 0.010227, 0.019558, 0.03068, 0.020562, 0.024306, 0.011447, 0.010579, 0.024143, 0.00472, 0.033285, 0.002116, 0.01926, 0.019043, 0.018772, 0.005371, 0.011936, 0.023953, 0.013346, 0.013021, 0.021647, 0.017849, 0.021756, 0.008355, 0.007406, 0.034261, 0.027452, 0.003337, 0.030463, 0.021403, 0.01237, 0.011692, 0.018365, 0.010173, 0.023519, 0.010796, 0.020698, 0.004584, 0.010471, 0.002035, 0.036865, 0.009304, 0.01001, 0.027859, 0.044108, 0.014893, 0.005371, 0.022569, 0.010145, 0.03814, 0.013645, 0.013889, 0.016846, 0.012505, 0.012505, 0.012831, 0.011502]	39.916667	25.600003	0.000000	246.469678	0.999970	0.007681	0.000081	[22.570196, 25.8965, 21.164677, 7.785595, 18.538006, 28.046356, 33.272148, 28.355871, 22.507095, 14.907616, 19.706867, 41.459351, 13.327349, 33.349804, 6.464523, 32.211754, 28.082006, 39.618469, 9.532866, 22.095503, 41.316444, 30.668926, 23.687698, 27.303265, 24.619419, 33.011288, 17.139336, 24.957825, 40.461071, 31.563171, 8.896811, 43.464928, 32.848358, 20.890163, 21.795853, 32.856331, 15.157698, 28.396828, 20.490709, 31.865026, 12.082293, 22.772911, 9.561049, 44.18766, 16.989443, 14.993982, 38.988434, 46.211254, 28.002293, 11.368968, 37.312523, 21.269661, 43.620903, 25.368484, 27.46067, 25.145399, 21.247252, 30.101355, 21.007437, 18.024387]
1776738482.489	2	3700	3700	2.628169e-05	1.726358	1.721534	1.273108	18.570812	3.550013	0.000000	1.982122	1.994570	1.989722			2	0.001000	hard_ce	0.000000	0.023418	0.581315	-3.721438	5.100851	1.000000	0.000000	3.913114	0.065718	0.000277	0.000000	1.000000	0.000000	0.080235	3.339960	3.159455	0.539385	0.009219	0.652110	0.562898	0.326180	0.822348	0.432698	0.850548	25.252428	14.423357	2.000000	2.000000	0.509028	0.024483	0.106954	1.000000	0.000000	1.818099	[0.015636, 0.017403, 0.016008, 0.016266, 0.016962, 0.01727, 0.017538, 0.016858, 0.015755, 0.016286, 0.016266, 0.016659, 0.016311, 0.016888, 0.015856, 0.017597, 0.01731, 0.016435, 0.015494, 0.015946, 0.017743, 0.016851, 0.015941, 0.016304, 0.01765, 0.017457, 0.016557, 0.016028, 0.016973, 0.017882, 0.015875, 0.01786, 0.017621, 0.015671, 0.016107, 0.016622, 0.015904, 0.016396, 0.016039, 0.016205, 0.015858, 0.016786, 0.015672, 0.019579, 0.016484, 0.016129, 0.016435, 0.016768, 0.017713, 0.016057, 0.017274, 0.017094, 0.016627, 0.017425, 0.015913, 0.016035, 0.01667, 0.017092, 0.017408, 0.016551]	[0.018772, 0.020752, 0.010769, 0.004666, 0.009928, 0.024821, 0.026747, 0.023872, 0.023302, 0.009793, 0.009223, 0.023519, 0.005561, 0.029405, 0.003147, 0.015815, 0.019857, 0.021973, 0.004801, 0.013211, 0.018311, 0.010986, 0.013997, 0.015055, 0.018256, 0.025852, 0.009983, 0.008165, 0.03087, 0.028673, 0.009901, 0.030762, 0.017904, 0.012939, 0.014594, 0.016683, 0.010769, 0.020562, 0.008111, 0.023492, 0.004639, 0.007758, 0.001817, 0.036296, 0.014947, 0.008789, 0.021946, 0.040663, 0.020589, 0.006999, 0.02908, 0.010227, 0.033502, 0.012261, 0.011637, 0.017361, 0.010471, 0.012397, 0.01492, 0.017904]	39.041667	25.600003	0.000000	258.735958	0.999970	0.007655	0.000080	[22.918341, 31.185326, 10.990614, 8.329164, 20.926651, 30.749205, 34.303982, 33.385029, 25.332077, 22.378971, 18.717815, 41.040543, 13.666953, 35.361084, 8.526019, 26.148964, 26.405363, 41.594193, 6.538302, 21.107082, 31.92915, 21.013731, 25.280781, 24.150068, 27.0446, 31.891348, 16.386444, 31.808681, 39.397778, 34.473026, 17.924658, 43.186844, 34.555069, 22.466108, 25.135336, 22.959608, 14.275878, 31.353796, 19.043343, 31.021954, 10.61592, 16.558701, 9.126344, 42.392723, 29.468735, 11.945475, 33.966969, 42.17067, 31.602383, 12.416605, 45.091507, 22.162746, 48.376266, 21.750534, 26.968826, 25.339125, 17.913813, 22.27639, 20.972511, 19.979908]
1776738724.698	2	3750	3750	2.592018e-05	2.098792	2.093836	1.401155	19.046169	3.554652	0.000000	2.027955	2.017182	2.012334			2	0.001000	hard_ce	0.000000	0.033749	0.638321	-3.779926	5.251493	1.000000	0.000000	3.869490	0.076272	0.000237	0.000000	1.000000	0.000000	0.080046	3.331424	3.210868	0.615681	0.009321	0.669103	0.569695	0.326172	0.821945	0.432045	0.850270	28.202835	14.799373	2.000000	2.000000	0.506250	0.030640	0.121905	1.000000	0.000000	1.784272	[0.015596, 0.01713, 0.015999, 0.016069, 0.016408, 0.017537, 0.01824, 0.016882, 0.015526, 0.016038, 0.016337, 0.016836, 0.015836, 0.016399, 0.015822, 0.017477, 0.017551, 0.016598, 0.014953, 0.016293, 0.018376, 0.017247, 0.016124, 0.016034, 0.017199, 0.019, 0.016335, 0.015872, 0.016805, 0.017859, 0.015767, 0.018252, 0.018429, 0.015455, 0.015957, 0.016346, 0.015439, 0.016142, 0.015574, 0.01627, 0.015526, 0.017114, 0.015508, 0.020536, 0.015755, 0.015819, 0.016583, 0.017495, 0.018069, 0.015949, 0.017035, 0.017249, 0.01626, 0.01764, 0.015373, 0.01636, 0.01663, 0.017559, 0.017156, 0.016378]	[0.016683, 0.015734, 0.010824, 0.003445, 0.006972, 0.027398, 0.030002, 0.02162, 0.017497, 0.008002, 0.010308, 0.026204, 0.004178, 0.025309, 0.003445, 0.019287, 0.018229, 0.018202, 0.005018, 0.016385, 0.028646, 0.010607, 0.014811, 0.014865, 0.020237, 0.030355, 0.012126, 0.010932, 0.028212, 0.02889, 0.011475, 0.035319, 0.019775, 0.012397, 0.013292, 0.017307, 0.013726, 0.015571, 0.006917, 0.020671, 0.004856, 0.009413, 0.002577, 0.031141, 0.010281, 0.009983, 0.022895, 0.040175, 0.020562, 0.008138, 0.02691, 0.011285, 0.029894, 0.013319, 0.012831, 0.01945, 0.012912, 0.015923, 0.011366, 0.015218]	39.625000	25.600002	0.000000	265.618786	0.999970	0.007667	0.000079	[19.543829, 27.94212, 10.794678, 9.697786, 13.877083, 34.467373, 38.534348, 29.520046, 21.655127, 14.30865, 15.121046, 47.709068, 10.647678, 34.272575, 7.173008, 30.632973, 24.994274, 41.949265, 7.123314, 22.044088, 41.604347, 23.537598, 20.362137, 24.833252, 29.967697, 31.142096, 15.662704, 26.304893, 39.930019, 36.270706, 14.92681, 40.923439, 38.287045, 20.056627, 24.359196, 25.231934, 18.781036, 36.128597, 14.95254, 24.201786, 10.6248, 16.793949, 10.517015, 41.977013, 18.845146, 16.953068, 42.815674, 49.126385, 25.759083, 11.945068, 42.645691, 26.983444, 45.852459, 23.13751, 24.671024, 28.380703, 21.40947, 27.972916, 20.774132, 19.34269]
1776738993.779	2	3800	3800	2.561781e-05	1.677460	1.672624	1.292390	18.649582	3.543234	0.000000	1.961348	1.974390	1.969549	2.562469	12.967795	2	0.001000	hard_ce	0.000000	0.023633	0.595368	-3.643616	5.151049	1.000000	0.000000	3.903790	0.068070	0.000244	0.000000	1.000000	0.000000	0.079410	3.304869	3.148458	0.546238	0.009121	0.650762	0.568193	0.326201	0.822309	0.431201	0.850231	25.821475	14.900385	2.000000	2.000000	0.493750	0.025859	0.110281	1.000000	0.000000	1.829413	[0.015771, 0.01736, 0.015965, 0.016136, 0.016589, 0.017044, 0.017792, 0.017079, 0.01584, 0.016146, 0.016411, 0.017066, 0.016387, 0.016708, 0.015893, 0.017764, 0.017625, 0.016702, 0.01531, 0.015679, 0.018184, 0.017527, 0.015963, 0.016505, 0.017385, 0.01776, 0.016017, 0.015887, 0.017121, 0.017792, 0.015739, 0.017864, 0.017823, 0.015759, 0.015932, 0.016179, 0.015586, 0.016077, 0.016134, 0.016141, 0.015675, 0.017042, 0.015772, 0.019588, 0.015919, 0.01586, 0.016652, 0.017065, 0.017811, 0.01584, 0.017075, 0.017495, 0.016496, 0.017488, 0.015601, 0.016235, 0.016903, 0.017173, 0.017231, 0.016438]	[0.015245, 0.020372, 0.012804, 0.003038, 0.005534, 0.020643, 0.027479, 0.022027, 0.021539, 0.009711, 0.011258, 0.02691, 0.006673, 0.028103, 0.004123, 0.021403, 0.017877, 0.016547, 0.00727, 0.013292, 0.022624, 0.017822, 0.012885, 0.022027, 0.018907, 0.022895, 0.010824, 0.007948, 0.033203, 0.026747, 0.003228, 0.029785, 0.023899, 0.01218, 0.010308, 0.018121, 0.011583, 0.019179, 0.00963, 0.018365, 0.003581, 0.008436, 0.002713, 0.03285, 0.008382, 0.011176, 0.028592, 0.041965, 0.020047, 0.004937, 0.024251, 0.013997, 0.037977, 0.012153, 0.013102, 0.021159, 0.01378, 0.010959, 0.013835, 0.012099]	39.375000	25.600002	0.000000	290.933326	0.999970	0.007660	0.000080	[21.273062, 24.734488, 13.96276, 6.630014, 16.398962, 23.272429, 32.785725, 31.725126, 31.87126, 19.167202, 19.413994, 59.789299, 16.940182, 39.467377, 7.444983, 29.955984, 28.388111, 38.773842, 9.58238, 21.392447, 32.414753, 29.000603, 17.324139, 27.35494, 32.304993, 22.222006, 14.79594, 24.107666, 40.046829, 33.171673, 6.818398, 38.305756, 37.935558, 22.046249, 20.096386, 19.902493, 18.49806, 33.574226, 21.151785, 26.145233, 8.886274, 16.822319, 9.143515, 41.379002, 19.825262, 18.34339, 41.735039, 48.844292, 23.705719, 11.164531, 43.307869, 31.732601, 53.185883, 20.29468, 29.945541, 29.400257, 24.511108, 16.75065, 20.589298, 16.245514]
1776739235.089	2	3850	3850	2.537509e-05	1.887745	1.882900	1.303651	18.681444	3.541524	0.000000	1.965495	1.966264	1.961431			2	0.001000	hard_ce	0.000000	0.024121	0.600375	-3.785520	5.204374	1.000000	0.000000	3.901177	0.068636	0.000262	0.000000	1.000000	0.000000	0.079940	3.326255	3.177123	0.568694	0.009606	0.658461	0.570751	0.326068	0.822025	0.431659	0.850506	25.958733	14.670848	2.000000	2.000000	0.506944	0.026026	0.111246	1.000000	0.000000	1.752722	[0.016255, 0.016936, 0.015991, 0.016291, 0.016458, 0.017225, 0.017898, 0.017053, 0.015766, 0.016035, 0.016279, 0.017079, 0.016367, 0.0163, 0.015839, 0.01759, 0.017731, 0.016795, 0.015288, 0.015819, 0.0185, 0.017618, 0.016029, 0.016225, 0.017284, 0.018086, 0.016373, 0.015924, 0.016529, 0.017952, 0.015811, 0.017908, 0.017474, 0.015876, 0.016132, 0.016473, 0.01575, 0.016223, 0.015742, 0.016573, 0.0156, 0.01719, 0.015999, 0.01944, 0.016191, 0.016125, 0.016559, 0.016985, 0.017788, 0.015856, 0.016609, 0.016832, 0.016531, 0.017568, 0.015676, 0.016129, 0.016722, 0.017231, 0.017205, 0.016285]	[0.019396, 0.014214, 0.012343, 0.003716, 0.00651, 0.018582, 0.02965, 0.023627, 0.021566, 0.010498, 0.010851, 0.026557, 0.007867, 0.02474, 0.003174, 0.017985, 0.020589, 0.019911, 0.006863, 0.015381, 0.02634, 0.016656, 0.014757, 0.013401, 0.017904, 0.02162, 0.014106, 0.010634, 0.029405, 0.027886, 0.003499, 0.03304, 0.016981, 0.015001, 0.014025, 0.017334, 0.01454, 0.019423, 0.004801, 0.022407, 0.003174, 0.008979, 0.003147, 0.030735, 0.010742, 0.014811, 0.024116, 0.038466, 0.022298, 0.005995, 0.026693, 0.013129, 0.03163, 0.011746, 0.01161, 0.018907, 0.013726, 0.012967, 0.014757, 0.014594]	40.333333	25.600002	0.000000	242.230244	0.999970	0.007648	0.000078	[22.075268, 24.993933, 15.320772, 8.038775, 15.508389, 25.700275, 32.469326, 32.656811, 27.933102, 17.494503, 19.044312, 45.613426, 15.155761, 34.774162, 7.331052, 33.72813, 30.41168, 40.083248, 10.566733, 18.743509, 36.563122, 32.066696, 22.240088, 24.066046, 28.633827, 28.127907, 16.086535, 25.189611, 40.046715, 34.070854, 6.590694, 42.140865, 35.615547, 23.155239, 23.598724, 21.253487, 17.32093, 31.053167, 16.956961, 29.117233, 9.423758, 15.661263, 9.749613, 41.651451, 20.871593, 21.94286, 41.505318, 40.676353, 29.205505, 10.48531, 44.77047, 30.833899, 43.49963, 23.621778, 24.75997, 26.297615, 23.832884, 19.921713, 23.157478, 22.594173]
1776739476.404	2	3900	3900	2.519240e-05	1.840099	1.834996	1.537300	19.366114	3.565421	0.000000	1.983103	1.982795	1.977948			2	0.001000	hard_ce	0.000000	0.048277	0.670180	-3.806721	5.131781	1.000000	0.000000	3.848134	0.081595	0.000237	0.000000	1.000000	0.000000	0.079332	3.299774	3.234454	0.629719	0.009546	0.674529	0.577134	0.326031	0.821916	0.430391	0.850245	30.042756	14.737731	2.000000	2.000000	0.499306	0.034453	0.128736	1.000000	0.000000	1.800010	[0.016183, 0.01675, 0.016213, 0.016003, 0.016094, 0.017614, 0.018503, 0.017071, 0.015474, 0.015678, 0.016203, 0.01657, 0.015897, 0.016308, 0.015871, 0.017642, 0.017614, 0.016913, 0.014763, 0.015958, 0.019194, 0.017285, 0.016289, 0.015978, 0.016859, 0.020153, 0.016652, 0.015484, 0.017105, 0.018067, 0.015364, 0.017886, 0.017474, 0.01565, 0.015702, 0.016107, 0.015423, 0.016086, 0.01563, 0.01652, 0.015246, 0.017226, 0.015566, 0.020995, 0.015602, 0.015955, 0.016683, 0.016716, 0.018247, 0.016126, 0.017471, 0.016855, 0.015886, 0.017688, 0.015207, 0.016365, 0.016519, 0.017502, 0.017551, 0.016363]	[0.018799, 0.01256, 0.012858, 0.003309, 0.005181, 0.025825, 0.028212, 0.014567, 0.018066, 0.007297, 0.010688, 0.023275, 0.00472, 0.02398, 0.003526, 0.01888, 0.018853, 0.017931, 0.006212, 0.01983, 0.03106, 0.01275, 0.014513, 0.010851, 0.015245, 0.029758, 0.019803, 0.0102, 0.030111, 0.025472, 0.002523, 0.035265, 0.014079, 0.012587, 0.010037, 0.018555, 0.020345, 0.018826, 0.006321, 0.023682, 0.004639, 0.008301, 0.002604, 0.039741, 0.009142, 0.01633, 0.026991, 0.031955, 0.018121, 0.006619, 0.031359, 0.011529, 0.02474, 0.015082, 0.012831, 0.021539, 0.020182, 0.013916, 0.01378, 0.014052]	40.541667	25.600002	0.000000	235.554214	0.999970	0.007612	0.000078	[23.190571, 24.296934, 17.053856, 8.16984, 15.166502, 31.053268, 35.462589, 28.643835, 23.855812, 15.836966, 16.439674, 45.487103, 16.416298, 34.695904, 7.207073, 30.62466, 31.008047, 43.146332, 11.755808, 20.819077, 34.919411, 30.830975, 19.986107, 17.917992, 31.702194, 25.608671, 16.91441, 24.428625, 41.932571, 32.269772, 6.224979, 42.102234, 34.009407, 21.209431, 19.426249, 25.310806, 22.859739, 30.908804, 17.345627, 27.721386, 9.447153, 16.573341, 8.826476, 41.659206, 19.027155, 21.4841, 40.592987, 42.907532, 26.111004, 11.775545, 43.832695, 26.729322, 47.380554, 22.798309, 28.723944, 29.312092, 32.617573, 18.626356, 23.401396, 20.213783]
1776739718.173	2	3950	3950	2.507004e-05	1.785196	1.780318	1.333990	18.791880	3.543691	0.000000	1.933652	1.943563	1.938719			2	0.001000	hard_ce	0.000000	0.029971	0.606734	-3.727946	5.172675	1.000000	0.000000	3.897042	0.069232	0.000250	0.000000	1.000000	0.000000	0.079545	3.309172	3.172777	0.568507	0.009442	0.657707	0.578498	0.325976	0.822291	0.430679	0.850415	25.847416	15.139066	2.000000	2.000000	0.506250	0.026471	0.111993	1.000000	0.000000	1.865503	[0.015876, 0.017131, 0.01574, 0.016104, 0.016621, 0.01719, 0.018137, 0.017067, 0.015871, 0.016082, 0.016353, 0.016948, 0.016311, 0.016374, 0.016094, 0.017502, 0.017444, 0.016923, 0.015353, 0.015744, 0.01833, 0.017309, 0.016052, 0.015794, 0.01745, 0.018437, 0.016505, 0.016484, 0.016452, 0.018015, 0.015705, 0.01772, 0.017652, 0.015957, 0.015986, 0.016345, 0.015623, 0.016504, 0.016163, 0.01604, 0.015653, 0.016825, 0.015899, 0.019904, 0.016136, 0.015982, 0.016465, 0.016676, 0.01787, 0.015908, 0.016664, 0.016878, 0.01686, 0.017549, 0.015684, 0.016234, 0.01671, 0.017097, 0.017459, 0.016157]	[0.016981, 0.017578, 0.008274, 0.002875, 0.003852, 0.018826, 0.033067, 0.022271, 0.024848, 0.008653, 0.007107, 0.026476, 0.004639, 0.029758, 0.00434, 0.017442, 0.017605, 0.018094, 0.005452, 0.013672, 0.025336, 0.016656, 0.014106, 0.011041, 0.019965, 0.023003, 0.013618, 0.010661, 0.029297, 0.028212, 0.002523, 0.031901, 0.022027, 0.012343, 0.011963, 0.016222, 0.011068, 0.02238, 0.008111, 0.019613, 0.003716, 0.007161, 0.002279, 0.03144, 0.011502, 0.011502, 0.023003, 0.040989, 0.018066, 0.005724, 0.026476, 0.014486, 0.038873, 0.013726, 0.016276, 0.024767, 0.018392, 0.010254, 0.017442, 0.012071]	40.416667	25.600002	0.000000	261.346333	0.999970	0.007629	0.000080	[21.959539, 26.204388, 11.563126, 8.598145, 13.715277, 26.577011, 38.607189, 31.624702, 30.072121, 15.45326, 15.917349, 47.570831, 13.712523, 37.697983, 10.139369, 25.840046, 25.304998, 42.772995, 9.453129, 18.33946, 34.237114, 31.969082, 23.00375, 21.924215, 33.756596, 27.762264, 20.109955, 30.237989, 39.866386, 33.348236, 8.69235, 40.428745, 34.188953, 23.730101, 24.185528, 22.033009, 17.739956, 36.942116, 14.780791, 24.316946, 10.591662, 14.087898, 8.530573, 37.642658, 22.700436, 17.456278, 37.872452, 39.948315, 30.682354, 10.18581, 41.368031, 31.368879, 54.324577, 20.760914, 28.56275, 28.980507, 28.259968, 16.526867, 22.554373, 19.21723]
1776739987.069	2	4000	4000	2.500820e-05	2.023861	2.018975	1.339875	18.880133	3.546550	0.000000	2.027058	2.000532	1.995707	2.550134	12.808816	2	0.001000	hard_ce	0.000000	0.031463	0.619708	-3.770663	5.225365	1.000000	0.000000	3.886493	0.072006	0.000239	0.000000	1.000000	0.000000	0.079645	3.312812	3.181795	0.578277	0.009628	0.660938	0.579287	0.325912	0.822547	0.430171	0.850181	26.692086	15.319616	2.000000	2.000000	0.506944	0.028045	0.115968	1.000000	0.000000	1.823689	[0.015918, 0.016945, 0.016171, 0.016164, 0.016328, 0.017284, 0.017945, 0.017158, 0.015777, 0.016094, 0.016525, 0.016937, 0.016095, 0.016272, 0.015945, 0.017516, 0.017558, 0.016852, 0.015105, 0.016098, 0.019183, 0.017257, 0.016109, 0.016165, 0.01758, 0.018178, 0.016591, 0.016256, 0.016745, 0.017872, 0.015708, 0.018169, 0.017478, 0.016179, 0.01586, 0.016224, 0.015269, 0.016355, 0.015933, 0.016221, 0.015499, 0.016813, 0.01575, 0.019859, 0.01593, 0.016012, 0.016585, 0.016706, 0.017925, 0.015982, 0.016682, 0.016748, 0.016589, 0.017502, 0.015525, 0.016257, 0.016663, 0.017348, 0.017312, 0.016297]	[0.016737, 0.016466, 0.009521, 0.002713, 0.006131, 0.020616, 0.030382, 0.021267, 0.020671, 0.008653, 0.008518, 0.027371, 0.007243, 0.026449, 0.003743, 0.018555, 0.017632, 0.018365, 0.004042, 0.01397, 0.030762, 0.016737, 0.014187, 0.016629, 0.022732, 0.021837, 0.01416, 0.012804, 0.028836, 0.029405, 0.002903, 0.03163, 0.019151, 0.014784, 0.013211, 0.017117, 0.009413, 0.019965, 0.005941, 0.019097, 0.00415, 0.007704, 0.002197, 0.029839, 0.009874, 0.012994, 0.021973, 0.041287, 0.019314, 0.007216, 0.027181, 0.013401, 0.036513, 0.013536, 0.013536, 0.025662, 0.016683, 0.010335, 0.013563, 0.012695]	40.166667	25.600002	0.000000	282.126851	0.999970	0.007639	0.000077	[19.702856, 25.722906, 13.491692, 7.561329, 12.779707, 25.142735, 37.737717, 30.906675, 25.343359, 12.833907, 14.519487, 55.278343, 12.56439, 33.012062, 9.220595, 29.424232, 26.273855, 45.321335, 9.030359, 20.257786, 38.320053, 29.699276, 18.825115, 19.931084, 36.373772, 23.165474, 18.489399, 32.982632, 38.912884, 35.401917, 6.351262, 41.992924, 36.634777, 23.79274, 22.489494, 23.389114, 17.895533, 33.937992, 14.616289, 22.0996, 9.595343, 15.955534, 9.391495, 35.118271, 14.78507, 21.42453, 39.719677, 49.412323, 28.446426, 10.779854, 39.179565, 31.091976, 55.644798, 26.020834, 27.54171, 32.505787, 26.505041, 15.313404, 26.32074, 19.820993]
