# run_started_at	20260423_235717
# arg	batch_size	12
# arg	bbh_task	"boolean_expressions"
# arg	bf16	0
# arg	block_size	150
# arg	bnb_4bit_compute_dtype	"float16"
# arg	bnb_4bit_quant_type	"nf4"
# arg	bnb_4bit_use_double_quant	1
# arg	dataset	"redpajama"
# arg	device	"cuda"
# arg	epochs	2
# arg	eval_dataset	"redpajama"
# arg	eval_every	200
# arg	eval_max_samples	100
# arg	eval_split	"train"
# arg	fp16	0
# arg	grad_accum	1
# arg	gradient_checkpointing	0
# arg	init_new_router_from_legacy	1
# arg	llm_int8_threshold	6.0
# arg	load_in_4bit	0
# arg	load_in_8bit	0
# arg	load_in_fp16	0
# arg	log_every	50
# arg	lora_alpha	16
# arg	lora_dropout	0.05
# arg	lora_r	16
# arg	lora_target_modules	""
# arg	lr	8e-05
# arg	max_grad_norm	1.0
# arg	min_lr_ratio	0.1
# arg	mix_datasets	"piqa,siqa"
# arg	mmlu_answer_mode	"text"
# arg	mmlu_subjects	"all"
# arg	model_path	"/root/models/Dynamic_MoE"
# arg	num_proc	16
# arg	output_dir	"/mnt/data/models/CB_redpajama"
# arg	redpajama_local_dir	"/mnt/data/datasets/RedPajama-Data-1T-Sample"
# arg	router_anchor_loss_coef	0.01
# arg	router_anchor_momentum	0.99
# arg	router_aux_loss_coef	0.0
# arg	router_budget_end_ratio	1.0
# arg	router_budget_loss_coef	0.0
# arg	router_budget_start_ratio	0.5
# arg	router_budget_target_count	0.0
# arg	router_budget_tau	0.05
# arg	router_context_scale	null
# arg	router_ema_momentum	0.99
# arg	router_entmax_alpha	1.7
# arg	router_lr_mult	1.0
# arg	router_pull_loss_coef	0.0
# arg	router_pull_loss_coef_final	null
# arg	router_pull_loss_schedule_end_ratio	1.0
# arg	router_pull_loss_schedule_start_ratio	0.5
# arg	router_pull_loss_type	"soft"
# arg	router_pull_loss_type_final	""
# arg	router_pull_loss_type_switch_ratio	0.5
# arg	router_pull_temperature	1.0
# arg	router_softmax_temperature	0.8
# arg	router_top_k	2
# arg	router_top_p_final	null
# arg	router_top_p_schedule_end_ratio	1.0
# arg	router_top_p_schedule_start_ratio	0.5
# arg	router_topk	0
# arg	router_use_ema_update	1
# arg	router_use_entmax	0
# arg	router_use_softmax_temperature	1
# arg	router_z_loss_coef	0.0
# arg	save_every	200
# arg	seed	42
# arg	share_router_expert_embedding	-1
# arg	stage	2
# arg	stage1_data_ratio	0.2
# arg	stage1_distill_temperature	1.0
# arg	stage1_epochs	1
# arg	stage1_grad_accum	1
# arg	stage1_kl_coef	1.0
# arg	stage1_log_every	50
# arg	stage1_logit_coef	1.0
# arg	stage1_logit_loss_type	"huber"
# arg	stage1_lr	0.0002
# arg	stage1_max_grad_norm	1.0
# arg	stage1_teacher_path	""
# arg	stage1_use_logit_loss	1
# arg	stage2_include_validation_in_train	0
# arg	stage2_init_path	"/mnt/data/models/CB_redpajama/ckpt_after_stage1"
# arg	stage2_validation_train_ratio	0.2
# arg	stage2_validation_train_split	"validation"
# arg	stage_split_seed	42
# arg	top_p_threshold	null
# arg	train_extra_params_in_fp32	1
# arg	train_max_samples	60000
# arg	train_new_router_params	1
# arg	train_split	"train"
# arg	use_bnb_8bit	0
# arg	use_label	1
# arg	use_router_context	-1
# arg	warmup_ratio	0.03
# arg	weight_decay	0.0
# arg	winogrande_config	"winogrande_xl"
time	epoch	global_step	optim_step	lr	loss	loss_ce	loss_pairwise	loss_anchor	loss_budget	loss_ma50	loss_ema	loss_ce_ema	eval_loss	eval_ce_loss	eval_pairwise_loss	eval_pairwise_acc	eval_pairwise_margin	eval_ppl	pairwise_coef	router_top_k	router_anchor_loss_coef	train_pairwise_acc	train_pairwise_margin	train_chosen_score	train_rejected_score	router_score_mean	router_score_std	router_score_min	router_score_max	router_weight_row_sum_mean	router_weight_row_sum_abs_err	router_weight_entropy	router_weight_top1_mass	route_prob_min	route_prob_has_neg	route_prob_row_sum_mean	route_prob_row_sum_abs_err	expert_key_pairwise_cos_mean	expert_key_pairwise_cos_max	expert_anchor_pairwise_cos_mean	expert_anchor_pairwise_cos_max	token_q_norm_mean	token_q_norm_std	dispatch_avg_selected_count	dispatch_soft_selected_count	dispatch_dead_expert_ratio	dispatch_top1_top2_margin	dispatch_topk_pre_mass_mean	dispatch_topk_post_sum_mean	dispatch_topk_post_sum_abs_err	expert_token_count_cv	dispatch_soft_load	dispatch_hard_load	anchor_active_expert_count	anchor_proto_count_mean	anchor_proto_count_min	anchor_proto_count_max	anchor_key_cosine_mean	anchor_proto_counts
1776959923.809	0	50	50	2.720000e-05	4.650928	4.650928	0.000000	0.000014	0.000000	5.884977	6.200110	6.200110							0.800000	2	0.010000	0.000000	0.000000	0.000000	0.000000	-0.015218	0.381840	-1.514127	2.064640	1.000000	0.000000	2.604431	0.163185	0.010610	0.000000	1.000000	0.000000	-0.049501	0.213468	-0.049455	0.213466	5.421266	1.201233	2.000000	2.000000	0.156250	0.061766	0.264605	1.000000	0.000000	1.194666	[0.072084, 0.067106, 0.055703, 0.054883, 0.061638, 0.05913, 0.062057, 0.064613, 0.06187, 0.059267, 0.059988, 0.077315, 0.057939, 0.059743, 0.062067, 0.064597]	[0.099005, 0.096019, 0.051667, 0.025926, 0.062338, 0.054421, 0.05831, 0.070023, 0.062106, 0.061412, 0.050671, 0.075394, 0.054815, 0.051644, 0.056597, 0.069653]	15.833333	224.999997	10.349822	1097.341965	0.999986	[331.626007, 320.441498, 184.518723, 109.348503, 231.288818, 192.688461, 205.748016, 246.360077, 224.589783, 222.293442, 208.195465, 275.725281, 215.064072, 203.376526, 196.97583, 231.759567]
1776960005.224	0	100	100	5.386667e-05	3.842684	3.842683	0.000000	0.000122	0.000000	4.220498	4.899313	4.899313							0.800000	2	0.010000	0.000000	0.000000	0.000000	0.000000	-0.014158	0.435938	-1.653766	2.925724	1.000000	0.000000	2.525941	0.205747	0.007129	0.000000	1.000000	0.000000	-0.049623	0.209884	-0.049455	0.213466	5.505701	1.224887	2.000000	2.000000	0.171875	0.102539	0.308955	1.000000	0.000000	1.133529	[0.079646, 0.065275, 0.060003, 0.056457, 0.063549, 0.062267, 0.060021, 0.060627, 0.057286, 0.061918, 0.056432, 0.068817, 0.06505, 0.05605, 0.056456, 0.070148]	[0.108981, 0.099722, 0.084931, 0.032894, 0.062824, 0.057593, 0.044838, 0.046829, 0.043333, 0.064514, 0.050764, 0.071944, 0.079306, 0.040093, 0.035116, 0.076319]	15.875000	225.000001	4.716633	942.274089	0.999878	[354.29306, 322.596558, 281.488312, 127.76577, 253.209473, 213.704559, 167.56897, 174.957504, 175.844772, 237.50975, 180.521835, 285.302368, 266.902954, 164.487732, 142.260925, 251.585556]
1776960086.736	0	150	150	8.000000e-05	3.083959	3.083955	0.000000	0.000324	0.000000	3.599053	4.052067	4.052065							0.800000	2	0.010000	0.000000	0.000000	0.000000	0.000000	-0.012355	0.500764	-1.979793	3.554927	1.000000	0.000000	2.433965	0.244120	0.005360	0.000000	1.000000	0.000000	-0.049765	0.206872	-0.049455	0.213466	5.624826	1.178956	2.000000	2.000000	0.205729	0.139763	0.348477	1.000000	0.000000	1.024357	[0.069761, 0.06519, 0.062854, 0.053491, 0.064964, 0.061207, 0.062578, 0.071038, 0.054602, 0.063491, 0.05403, 0.064698, 0.067561, 0.056357, 0.05863, 0.069551]	[0.08956, 0.092477, 0.082708, 0.024954, 0.072153, 0.053727, 0.06912, 0.061991, 0.037801, 0.061736, 0.043472, 0.064097, 0.070255, 0.044583, 0.042106, 0.089259]	16.000000	224.999999	2.284259	826.761344	0.999676	[303.392792, 308.76001, 289.145081, 115.715134, 273.359436, 196.783447, 241.271912, 230.906464, 147.77179, 230.631378, 184.673279, 210.922165, 241.749847, 178.681427, 157.099213, 289.136749]
1776960169.531	0	200	200	7.998112e-05	3.301554	3.301548	0.000000	0.000539	0.000000	3.380259	3.617852	3.617849	3.076408	3.076408	0.000000	0.000000	0.000000	21.680394	0.800000	2	0.010000	0.000000	0.000000	0.000000	0.000000	-0.012777	0.560358	-2.383530	3.893842	1.000000	0.000000	2.348448	0.277593	0.004271	0.000000	1.000000	0.000000	-0.049881	0.205055	-0.049455	0.213466	5.615606	1.184522	2.000000	2.000000	0.236979	0.170978	0.384209	1.000000	0.000000	0.971955	[0.069156, 0.064352, 0.060271, 0.054927, 0.067614, 0.063285, 0.062003, 0.071637, 0.054434, 0.063674, 0.058372, 0.062776, 0.067753, 0.054141, 0.05737, 0.068236]	[0.08419, 0.085995, 0.072917, 0.040903, 0.079051, 0.055903, 0.059421, 0.066481, 0.037014, 0.063565, 0.060741, 0.05544, 0.070926, 0.042708, 0.039491, 0.085255]	15.708333	224.999999	0.857206	768.886959	0.999461	[295.767456, 270.402557, 268.690887, 154.039139, 295.070526, 217.212494, 217.841293, 237.173752, 148.024902, 230.873581, 215.775848, 203.824387, 234.399872, 166.473633, 141.420258, 303.009583]
1776960249.589	0	250	250	7.992450e-05	3.352191	3.352184	0.000000	0.000715	0.000000	3.267626	3.396431	3.396426							0.800000	2	0.010000	0.000000	0.000000	0.000000	0.000000	-0.008914	0.599368	-2.378219	4.232147	1.000000	0.000000	2.299918	0.295665	0.003480	0.000000	1.000000	0.000000	-0.049956	0.205303	-0.049455	0.213466	5.608170	1.189182	2.000000	2.000000	0.236979	0.186116	0.405214	1.000000	0.000000	0.983470	[0.07391, 0.066828, 0.06249, 0.055002, 0.066097, 0.056857, 0.060498, 0.071806, 0.05431, 0.061112, 0.055758, 0.059641, 0.073905, 0.056493, 0.057649, 0.067644]	[0.097338, 0.08338, 0.080046, 0.042477, 0.072361, 0.044954, 0.053356, 0.066019, 0.0375, 0.057199, 0.068935, 0.050764, 0.077454, 0.049421, 0.042176, 0.07662]	15.541667	224.999999	0.473692	762.781115	0.999285	[339.413269, 289.764526, 282.236694, 154.476105, 261.06604, 185.275925, 206.932007, 224.641113, 150.675644, 207.701111, 220.556946, 215.29422, 252.635468, 178.493866, 156.132736, 274.704468]
1776960327.426	0	300	300	7.983020e-05	3.039180	3.039172	0.000000	0.000852	0.000000	3.185032	3.251764	3.251757							0.800000	2	0.010000	0.000000	0.000000	0.000000	0.000000	-0.013851	0.645889	-2.766666	4.524047	1.000000	0.000000	2.248001	0.312519	0.002699	0.000000	1.000000	0.000000	-0.050016	0.204371	-0.049455	0.213466	5.684006	1.213350	2.000000	2.000000	0.244792	0.200348	0.424689	1.000000	0.000000	0.945608	[0.071009, 0.060685, 0.060747, 0.053975, 0.067983, 0.062796, 0.063653, 0.071592, 0.051974, 0.06161, 0.059136, 0.066441, 0.068264, 0.055601, 0.056263, 0.068273]	[0.088542, 0.073194, 0.074352, 0.041806, 0.076736, 0.059931, 0.063426, 0.063241, 0.033796, 0.057569, 0.067106, 0.066389, 0.062153, 0.047593, 0.040856, 0.08331]	15.833333	225.000002	0.425527	747.050460	0.999148	[306.490448, 247.581573, 257.81076, 174.054504, 284.365784, 197.812195, 227.091675, 233.454086, 141.633972, 210.320541, 219.198044, 224.92485, 241.713593, 185.916122, 154.54834, 293.083618]
1776960405.016	0	350	350	7.969832e-05	3.019275	3.019265	0.000000	0.000979	0.000000	3.071114	3.136738	3.136729							0.800000	2	0.010000	0.000000	0.000000	0.000000	0.000000	-0.010415	0.662573	-2.779235	4.405131	1.000000	0.000000	2.200272	0.331496	0.003206	0.000000	1.000000	0.000000	-0.050061	0.202188	-0.049455	0.213466	5.700801	1.151728	2.000000	2.000000	0.226562	0.221560	0.441432	1.000000	0.000000	0.923013	[0.071446, 0.063067, 0.059993, 0.055532, 0.066411, 0.058266, 0.061794, 0.074681, 0.05386, 0.061875, 0.058464, 0.064649, 0.06928, 0.056143, 0.056287, 0.068252]	[0.091296, 0.075856, 0.06875, 0.046412, 0.068102, 0.045463, 0.063218, 0.072153, 0.037639, 0.061898, 0.063704, 0.060556, 0.066806, 0.055162, 0.041481, 0.081505]	15.625000	225.000000	0.322998	723.359132	0.999021	[326.314087, 248.99646, 259.965149, 182.810059, 275.774811, 177.531067, 238.558441, 236.538788, 148.004791, 204.404388, 214.682419, 224.652756, 218.137863, 203.707245, 148.652817, 291.268951]
1776960490.483	0	400	400	7.952900e-05	2.990623	2.990612	0.000000	0.001115	0.000000	3.115374	3.114773	3.114763	2.787046	2.787046	0.000000	0.000000	0.000000	16.233000	0.800000	2	0.010000	0.000000	0.000000	0.000000	0.000000	-0.010210	0.692885	-2.917268	4.753970	1.000000	0.000000	2.157595	0.346964	0.002800	0.000000	1.000000	0.000000	-0.050103	0.201825	-0.049455	0.213466	5.705826	1.147723	2.000000	2.000000	0.239583	0.236737	0.457190	1.000000	0.000000	0.909484	[0.070632, 0.060521, 0.060417, 0.056092, 0.068758, 0.056267, 0.06348, 0.071685, 0.05253, 0.062255, 0.060318, 0.063511, 0.071746, 0.053958, 0.057378, 0.070451]	[0.088611, 0.066551, 0.071944, 0.049213, 0.077407, 0.049745, 0.06463, 0.061806, 0.038403, 0.05956, 0.063935, 0.061435, 0.070949, 0.04419, 0.044375, 0.087245]	15.791667	224.999997	0.437969	696.838506	0.998885	[301.146698, 232.194763, 249.432953, 180.568039, 295.011078, 217.450287, 241.980011, 218.071747, 142.598373, 209.597397, 232.924591, 223.739075, 238.732788, 159.756622, 140.168228, 316.627441]
1776960568.788	0	450	450	7.932241e-05	3.044302	3.044290	0.000000	0.001240	0.000000	3.054746	3.075468	3.075457							0.800000	2	0.010000	0.000000	0.000000	0.000000	0.000000	-0.009731	0.717832	-3.112819	4.817243	1.000000	0.000000	2.153153	0.344933	0.002303	0.000000	1.000000	0.000000	-0.050125	0.203210	-0.049455	0.213466	5.680154	1.181147	2.000000	2.000000	0.236979	0.230292	0.459574	1.000000	0.000000	0.930113	[0.069485, 0.060422, 0.061908, 0.054047, 0.070107, 0.057529, 0.06144, 0.076238, 0.050641, 0.061981, 0.058525, 0.064344, 0.070428, 0.054932, 0.055753, 0.07222]	[0.087083, 0.065394, 0.080046, 0.044444, 0.075995, 0.044954, 0.059051, 0.071713, 0.032755, 0.058264, 0.057963, 0.064745, 0.070162, 0.048079, 0.039815, 0.099537]	15.583333	224.999999	0.300536	684.615214	0.998760	[287.2146, 254.173447, 265.177673, 159.349457, 274.129395, 180.889877, 245.756821, 246.367798, 142.87529, 204.621338, 217.472153, 236.285324, 222.825241, 191.647675, 149.150269, 322.063721]
1776960646.813	0	500	500	7.907878e-05	3.014528	3.014514	0.000000	0.001382	0.000000	3.029010	3.047550	3.047537							0.800000	2	0.010000	0.000000	0.000000	0.000000	0.000000	-0.006428	0.744944	-3.068438	5.169380	1.000000	0.000000	2.116014	0.356495	0.002274	0.000000	1.000000	0.000000	-0.050160	0.204444	-0.049455	0.213466	5.700380	1.186584	2.000000	2.000000	0.223958	0.240936	0.472054	1.000000	0.000000	0.898820	[0.073066, 0.064184, 0.062204, 0.053483, 0.071116, 0.057086, 0.062361, 0.071802, 0.052656, 0.0595, 0.060291, 0.060863, 0.069745, 0.056454, 0.056975, 0.068214]	[0.08831, 0.076435, 0.069514, 0.050671, 0.079306, 0.045718, 0.062222, 0.066759, 0.036088, 0.055949, 0.072176, 0.056296, 0.067176, 0.052083, 0.043542, 0.077755]	15.708333	224.999999	0.209047	654.390780	0.998618	[290.7276, 265.240662, 249.56871, 171.341293, 284.92868, 216.173492, 229.892075, 248.788086, 136.777054, 205.292358, 222.739975, 221.759857, 215.892685, 190.550598, 153.546066, 296.780853]
1776960724.424	0	550	550	7.879835e-05	3.225278	3.225263	0.000000	0.001497	0.000000	2.991844	3.019142	3.019128							0.800000	2	0.010000	0.000000	0.000000	0.000000	0.000000	-0.010161	0.764686	-3.184306	5.230879	1.000000	0.000000	2.063228	0.376298	0.002349	0.000000	1.000000	0.000000	-0.050203	0.203955	-0.049455	0.213466	5.726994	1.168150	2.000000	2.000000	0.218750	0.263013	0.489583	1.000000	0.000000	0.832536	[0.069771, 0.065716, 0.060323, 0.05284, 0.068336, 0.058586, 0.060616, 0.074057, 0.053562, 0.062003, 0.060211, 0.064871, 0.070503, 0.053472, 0.055844, 0.06929]	[0.084815, 0.077431, 0.067963, 0.047315, 0.076944, 0.047755, 0.059236, 0.065833, 0.039537, 0.059236, 0.06044, 0.062801, 0.068935, 0.049954, 0.040741, 0.091065]	15.500000	225.000001	0.290605	678.333291	0.998503	[285.791748, 260.463989, 239.230026, 165.285995, 290.378357, 194.27887, 204.977966, 240.206116, 148.682739, 206.244553, 225.608704, 232.605759, 246.083984, 189.219833, 162.675491, 308.265839]
1776960805.804	0	600	600	7.848142e-05	2.652390	2.652374	0.000000	0.001592	0.000000	2.975666	2.986106	2.986091	2.678372	2.678372	0.000000	0.000000	0.000000	14.561362	0.800000	2	0.010000	0.000000	0.000000	0.000000	0.000000	-0.010479	0.790693	-3.274254	5.244879	1.000000	0.000000	2.026300	0.389236	0.002287	0.000000	1.000000	0.000000	-0.050219	0.204100	-0.049455	0.213466	5.775116	1.160056	2.000000	2.000000	0.223958	0.276548	0.501923	1.000000	0.000000	0.854893	[0.069098, 0.065787, 0.055545, 0.053476, 0.069257, 0.055928, 0.063022, 0.074298, 0.053293, 0.061412, 0.062174, 0.064942, 0.070559, 0.056747, 0.056409, 0.068051]	[0.083056, 0.075556, 0.069884, 0.044838, 0.075856, 0.041806, 0.065625, 0.065995, 0.039236, 0.057963, 0.065301, 0.063148, 0.071481, 0.052361, 0.042824, 0.085069]	15.625000	225.000000	0.138330	672.002061	0.998408	[275.100128, 244.889557, 240.196106, 175.303436, 278.697723, 179.837158, 225.305832, 256.697144, 140.739059, 198.003586, 244.868286, 239.35321, 244.864731, 182.46196, 161.911713, 311.770477]
1776960882.211	0	650	650	7.812833e-05	3.125378	3.125361	0.000000	0.001674	0.000000	2.949131	2.960412	2.960396							0.800000	2	0.010000	0.000000	0.000000	0.000000	0.000000	-0.012973	0.799206	-3.280138	5.320463	1.000000	0.000000	2.016501	0.390908	0.002235	0.000000	1.000000	0.000000	-0.050231	0.204437	-0.049455	0.213466	5.672725	1.165604	2.000000	2.000000	0.218750	0.277102	0.504714	1.000000	0.000000	0.819701	[0.068774, 0.064055, 0.060038, 0.053146, 0.066911, 0.059367, 0.062052, 0.072255, 0.055097, 0.064198, 0.062124, 0.071006, 0.069568, 0.054443, 0.05321, 0.063756]	[0.08162, 0.070556, 0.069537, 0.04625, 0.075509, 0.048333, 0.063773, 0.06125, 0.043449, 0.062685, 0.067986, 0.072569, 0.070949, 0.049907, 0.037685, 0.07794]	15.458333	224.999998	0.114393	630.419257	0.998326	[269.410492, 254.040344, 248.302246, 178.193115, 265.317322, 181.062225, 216.892929, 233.817245, 157.148132, 213.06485, 242.132385, 250.829025, 249.565491, 196.283127, 167.974487, 275.966675]
1776960958.892	0	700	700	7.773944e-05	2.921197	2.921179	0.000000	0.001742	0.000000	2.956237	2.959015	2.958998							0.800000	2	0.010000	0.000000	0.000000	0.000000	0.000000	-0.010335	0.813046	-3.475000	5.313716	1.000000	0.000000	2.012814	0.391673	0.001924	0.000000	1.000000	0.000000	-0.050241	0.205498	-0.049455	0.213466	5.697667	1.180040	2.000000	2.000000	0.218750	0.276736	0.506611	1.000000	0.000000	0.800334	[0.07115, 0.06158, 0.058879, 0.054366, 0.068875, 0.05551, 0.062126, 0.070247, 0.055434, 0.062583, 0.062469, 0.067268, 0.069254, 0.057891, 0.056622, 0.065747]	[0.082199, 0.069491, 0.068403, 0.046667, 0.083218, 0.043125, 0.061597, 0.060394, 0.045, 0.057222, 0.070648, 0.063773, 0.071574, 0.057361, 0.043287, 0.076042]	15.500000	225.000001	0.121281	652.254141	0.998258	[269.901764, 246.276352, 221.873215, 176.236191, 302.647064, 176.723206, 233.421417, 255.35791, 152.642365, 202.292511, 241.595764, 245.836029, 240.265961, 193.317383, 166.885727, 274.727173]
1776961036.179	0	750	750	7.731516e-05	2.634810	2.634792	0.000000	0.001812	0.000000	2.922344	2.930597	2.930579							0.800000	2	0.010000	0.000000	0.000000	0.000000	0.000000	-0.010101	0.825649	-3.474163	5.692403	1.000000	0.000000	1.998914	0.394681	0.001846	0.000000	1.000000	0.000000	-0.050253	0.206121	-0.049455	0.213466	5.692313	1.191359	2.000000	2.000000	0.213542	0.278943	0.510419	1.000000	0.000000	0.806398	[0.067971, 0.065285, 0.060853, 0.055133, 0.067367, 0.057472, 0.059371, 0.071658, 0.053036, 0.065015, 0.063234, 0.068702, 0.067571, 0.053349, 0.053347, 0.070638]	[0.076875, 0.073727, 0.074676, 0.051319, 0.076088, 0.043981, 0.054051, 0.065324, 0.039699, 0.062569, 0.070116, 0.064769, 0.06662, 0.052986, 0.039491, 0.087708]	15.500000	225.000001	0.106491	657.346185	0.998188	[282.36731, 245.580002, 252.55632, 183.791107, 288.891937, 174.652771, 208.685577, 248.988937, 146.566742, 216.398483, 244.810608, 231.265381, 241.528839, 187.084961, 157.249146, 289.582031]
1776961117.048	0	800	800	7.685594e-05	2.881344	2.881325	0.000000	0.001873	0.000000	2.918833	2.920241	2.920223	2.635132	2.635132	0.000000	0.000000	0.000000	13.945153	0.800000	2	0.010000	0.000000	0.000000	0.000000	0.000000	-0.013293	0.846945	-3.694444	5.674032	1.000000	0.000000	2.015800	0.385789	0.002176	0.000000	1.000000	0.000000	-0.050272	0.206677	-0.049455	0.213466	5.659148	1.236206	2.000000	2.000000	0.205729	0.263773	0.507806	1.000000	0.000000	0.856124	[0.070597, 0.057801, 0.063126, 0.052532, 0.068024, 0.055637, 0.067699, 0.071889, 0.051992, 0.06314, 0.064121, 0.066971, 0.06246, 0.056129, 0.054659, 0.073223]	[0.082153, 0.061319, 0.07375, 0.045579, 0.083796, 0.050394, 0.066181, 0.061458, 0.037593, 0.057431, 0.072731, 0.060046, 0.056806, 0.054051, 0.040301, 0.096412]	15.416667	224.999999	0.081309	690.882248	0.998127	[272.467102, 228.296555, 262.792816, 185.689133, 296.019958, 195.339279, 219.615326, 236.557297, 156.384186, 200.292526, 246.578415, 243.040985, 203.247726, 186.404144, 156.258423, 311.016296]
1776961194.543	0	850	850	7.636226e-05	2.848165	2.848146	0.000000	0.001921	0.000000	2.931677	2.929364	2.929345							0.800000	2	0.010000	0.000000	0.000000	0.000000	0.000000	-0.010456	0.871259	-3.572802	5.598731	1.000000	0.000000	1.958914	0.406930	0.001819	0.000000	1.000000	0.000000	-0.050260	0.206136	-0.049455	0.213466	5.719680	1.229857	2.000000	2.000000	0.208333	0.287505	0.526354	1.000000	0.000000	0.819403	[0.072373, 0.059648, 0.061803, 0.059237, 0.068479, 0.053657, 0.064343, 0.070082, 0.053665, 0.060026, 0.063215, 0.065752, 0.066829, 0.055686, 0.053949, 0.071256]	[0.083912, 0.065625, 0.071644, 0.057778, 0.08044, 0.046875, 0.059514, 0.062245, 0.042616, 0.055, 0.069306, 0.063472, 0.063009, 0.052222, 0.039722, 0.08662]	15.416667	225.000001	0.061332	620.087531	0.998079	[269.434265, 257.035889, 235.295456, 186.769073, 290.517578, 190.865417, 218.514374, 241.333282, 171.308594, 203.483871, 223.95752, 244.650009, 220.599854, 186.036438, 156.953171, 303.245331]
1776961272.146	0	900	900	7.583464e-05	2.721305	2.721286	0.000000	0.001982	0.000000	2.913476	2.918316	2.918296							0.800000	2	0.010000	0.000000	0.000000	0.000000	0.000000	-0.009390	0.874241	-3.494078	5.820135	1.000000	0.000000	1.923251	0.419897	0.002060	0.000000	1.000000	0.000000	-0.050273	0.206306	-0.049455	0.213466	5.725060	1.135916	2.000000	2.000000	0.210938	0.304618	0.535177	1.000000	0.000000	0.792844	[0.068902, 0.061936, 0.060995, 0.053561, 0.068379, 0.055972, 0.068175, 0.07234, 0.053021, 0.062552, 0.061761, 0.068445, 0.067245, 0.055605, 0.054792, 0.066319]	[0.077569, 0.067292, 0.069444, 0.05037, 0.078264, 0.048241, 0.068704, 0.062338, 0.0425, 0.059884, 0.067361, 0.065231, 0.06581, 0.056042, 0.041088, 0.079861]	15.250000	225.000001	0.057188	585.947685	0.998018	[288.016296, 235.044525, 233.243149, 196.559433, 291.390991, 184.403305, 241.502426, 230.005188, 155.537323, 204.505951, 249.494202, 229.853241, 225.921066, 198.265076, 151.358765, 284.899139]
1776961350.823	0	950	950	7.527362e-05	3.192597	3.192577	0.000000	0.002019	0.000000	2.912864	2.921087	2.921067							0.800000	2	0.010000	0.000000	0.000000	0.000000	0.000000	-0.010847	0.885087	-3.752881	5.869173	1.000000	0.000000	1.934607	0.414628	0.001698	0.000000	1.000000	0.000000	-0.050260	0.205577	-0.049455	0.213466	5.644483	1.193802	2.000000	2.000000	0.205729	0.296515	0.532741	1.000000	0.000000	0.799538	[0.070406, 0.060501, 0.06125, 0.055829, 0.067671, 0.054705, 0.064381, 0.072338, 0.051521, 0.063852, 0.062061, 0.069629, 0.066719, 0.055644, 0.054222, 0.069272]	[0.077199, 0.067662, 0.071389, 0.055671, 0.075093, 0.049884, 0.060949, 0.062176, 0.035278, 0.062685, 0.067616, 0.06919, 0.065926, 0.052824, 0.041597, 0.084861]	15.000000	225.000003	0.021562	641.671975	0.997981	[273.210999, 250.611023, 226.561646, 196.442734, 276.122711, 191.481445, 235.127609, 241.606918, 150.849976, 214.916809, 228.633911, 253.988586, 227.526337, 175.451996, 154.595337, 302.87207]
1776961434.031	0	1000	1000	7.467981e-05	2.948144	2.948123	0.000000	0.002054	0.000000	2.914310	2.921139	2.921119	2.599715	2.599715	0.000000	0.000000	0.000000	13.459904	0.800000	2	0.010000	0.000000	0.000000	0.000000	0.000000	-0.008805	0.891593	-3.763299	5.771896	1.000000	0.000000	1.908382	0.424012	0.001664	0.000000	1.000000	0.000000	-0.050238	0.207469	-0.049455	0.213466	5.723018	1.157488	2.000000	2.000000	0.197917	0.306467	0.541557	1.000000	0.000000	0.781741	[0.070226, 0.059607, 0.058764, 0.059329, 0.06693, 0.053555, 0.066826, 0.071598, 0.052132, 0.060361, 0.061028, 0.06818, 0.070452, 0.057677, 0.055153, 0.068183]	[0.078403, 0.066806, 0.067407, 0.058241, 0.080301, 0.041991, 0.069815, 0.062778, 0.040764, 0.054213, 0.062245, 0.064954, 0.075347, 0.056644, 0.039468, 0.080625]	15.416667	225.000001	0.054764	632.866294	0.997946	[259.795074, 248.050049, 227.983093, 188.195038, 300.514374, 179.07724, 267.392029, 250.684082, 146.858444, 211.97702, 213.194702, 245.428146, 244.161438, 184.28862, 145.852402, 286.54834]
1776961511.326	0	1050	1050	7.405381e-05	2.683584	2.683563	0.000000	0.002113	0.000000	2.893363	2.900382	2.900361							0.800000	2	0.010000	0.000000	0.000000	0.000000	0.000000	-0.013945	0.910191	-3.680076	5.945447	1.000000	0.000000	1.887621	0.431006	0.001841	0.000000	1.000000	0.000000	-0.050224	0.209467	-0.049455	0.213466	5.685292	1.216300	2.000000	2.000000	0.200521	0.313610	0.548402	1.000000	0.000000	0.782212	[0.069873, 0.063204, 0.056782, 0.05337, 0.069523, 0.056689, 0.070344, 0.068136, 0.054349, 0.062918, 0.059143, 0.068718, 0.065914, 0.055321, 0.057108, 0.068608]	[0.077963, 0.073287, 0.062153, 0.047523, 0.082593, 0.04662, 0.073519, 0.055509, 0.046574, 0.055116, 0.052245, 0.068009, 0.070926, 0.058194, 0.043519, 0.08625]	15.375000	225.000001	0.060231	645.815673	0.997887	[275.706787, 242.835144, 225.942627, 182.489304, 292.232941, 185.850494, 259.992249, 233.448059, 164.301254, 207.777191, 213.983917, 242.569992, 243.644073, 196.956543, 157.183441, 275.086121]
1776961589.162	0	1100	1100	7.339629e-05	2.803519	2.803498	0.000000	0.002176	0.000000	2.900171	2.901615	2.901594							0.800000	2	0.010000	0.000000	0.000000	0.000000	0.000000	-0.015242	0.936406	-3.799179	6.122010	1.000000	0.000000	1.869421	0.434761	0.001677	0.000000	1.000000	0.000000	-0.050228	0.209037	-0.049455	0.213466	5.744264	1.194543	2.000000	2.000000	0.197917	0.313826	0.555696	1.000000	0.000000	0.812736	[0.067445, 0.058104, 0.062086, 0.054523, 0.07022, 0.056325, 0.066148, 0.072327, 0.056329, 0.063331, 0.059957, 0.071181, 0.064744, 0.052096, 0.054827, 0.070356]	[0.07456, 0.059282, 0.071181, 0.05331, 0.083958, 0.059051, 0.06669, 0.062199, 0.045162, 0.056875, 0.050833, 0.074931, 0.065255, 0.049074, 0.042778, 0.084861]	15.416667	225.000001	0.171971	623.303884	0.997824	[258.846802, 235.524887, 230.681641, 193.491669, 276.227356, 194.433884, 251.199646, 234.066376, 162.048737, 213.299362, 200.756348, 246.298508, 243.734619, 175.897308, 176.710022, 306.782898]
1776961665.795	0	1150	1150	7.270794e-05	2.712233	2.712211	0.000000	0.002229	0.000000	2.911978	2.912449	2.912428							0.800000	2	0.010000	0.000000	0.000000	0.000000	0.000000	-0.010279	0.943141	-3.899722	6.262824	1.000000	0.000000	1.847745	0.443549	0.001710	0.000000	1.000000	0.000000	-0.050235	0.209999	-0.049455	0.213466	5.795398	1.165790	2.000000	2.000000	0.203125	0.326650	0.560448	1.000000	0.000000	0.743596	[0.067554, 0.06383, 0.058745, 0.051685, 0.065359, 0.058136, 0.069503, 0.071465, 0.054278, 0.063776, 0.064554, 0.068966, 0.063417, 0.056206, 0.055853, 0.066674]	[0.074583, 0.074653, 0.062639, 0.048287, 0.071713, 0.047593, 0.075486, 0.063519, 0.045023, 0.059028, 0.062847, 0.06912, 0.065, 0.058264, 0.043681, 0.078565]	15.583333	225.000000	0.144050	598.286207	0.997771	[261.337036, 232.194504, 222.606903, 188.00415, 289.709045, 174.560822, 273.338013, 235.889862, 164.75116, 195.516769, 226.447998, 239.116241, 229.998947, 214.903809, 184.83989, 266.784882]
1776961749.101	0	1200	1200	7.198948e-05	2.908038	2.908015	0.000000	0.002266	0.000000	2.854495	2.872808	2.872786	2.574183	2.574183	0.000000	0.000000	0.000000	13.120594	0.800000	2	0.010000	0.000000	0.000000	0.000000	0.000000	-0.010037	0.941553	-3.860460	6.138000	1.000000	0.000000	1.877681	0.431538	0.001728	0.000000	1.000000	0.000000	-0.050219	0.210939	-0.049455	0.213466	5.689155	1.180387	2.000000	2.000000	0.205729	0.311854	0.551223	1.000000	0.000000	0.763381	[0.070431, 0.058372, 0.059579, 0.057049, 0.067359, 0.055454, 0.067543, 0.072224, 0.054822, 0.06018, 0.061731, 0.071143, 0.064058, 0.056211, 0.057206, 0.066637]	[0.079954, 0.061204, 0.076319, 0.057199, 0.069005, 0.043819, 0.073333, 0.061991, 0.044421, 0.053981, 0.060486, 0.071227, 0.064792, 0.057523, 0.046227, 0.078519]	15.250000	225.000000	0.083331	633.195733	0.997734	[267.646637, 231.430664, 245.257202, 182.476364, 279.28479, 183.143494, 264.254181, 236.939499, 166.367355, 202.855209, 219.782394, 242.174774, 233.533081, 179.717926, 176.577682, 288.558807]
1776961827.426	0	1250	1250	7.124166e-05	2.728988	2.728965	0.000000	0.002332	0.000000	2.875394	2.876211	2.876189							0.800000	2	0.010000	0.000000	0.000000	0.000000	0.000000	-0.011501	0.954134	-3.885027	6.166759	1.000000	0.000000	1.844230	0.442935	0.001841	0.000000	1.000000	0.000000	-0.050205	0.210729	-0.049455	0.213466	5.754465	1.183792	2.000000	2.000000	0.200521	0.324112	0.561757	1.000000	0.000000	0.771298	[0.073899, 0.061879, 0.055262, 0.053161, 0.067244, 0.056087, 0.070874, 0.071058, 0.054146, 0.061928, 0.064211, 0.068862, 0.065641, 0.056544, 0.053792, 0.06541]	[0.086157, 0.070162, 0.06213, 0.049051, 0.070347, 0.044676, 0.080255, 0.063542, 0.04088, 0.056458, 0.064028, 0.068519, 0.065278, 0.05713, 0.043843, 0.077546]	15.333333	224.999999	2.423274	637.380706	0.997668	[251.968231, 238.799667, 222.117798, 186.271698, 276.229126, 182.764801, 283.992249, 248.130951, 160.05365, 198.436035, 223.83403, 268.1409, 221.617889, 195.014252, 162.16362, 280.465271]
1776961907.840	0	1300	1300	7.046527e-05	2.704138	2.704114	0.000000	0.002391	0.000000	2.841684	2.850815	2.850792							0.800000	2	0.010000	0.000000	0.000000	0.000000	0.000000	-0.015030	0.962067	-3.933033	6.259710	1.000000	0.000000	1.853238	0.438725	0.001444	0.000000	1.000000	0.000000	-0.050207	0.211709	-0.049455	0.213466	5.734741	1.198967	2.000000	2.000000	0.205729	0.317488	0.559962	1.000000	0.000000	0.744369	[0.070224, 0.064252, 0.054666, 0.050953, 0.064339, 0.05755, 0.07153, 0.071832, 0.05351, 0.063757, 0.059941, 0.071999, 0.065176, 0.058083, 0.058062, 0.064127]	[0.08088, 0.070926, 0.054769, 0.047708, 0.075231, 0.050764, 0.073148, 0.061736, 0.047245, 0.06088, 0.05412, 0.079074, 0.066134, 0.058148, 0.047454, 0.071782]	15.166667	225.000001	3.582007	610.104482	0.997609	[291.40625, 229.170334, 225.202972, 191.265564, 290.879852, 160.660919, 262.765045, 229.797791, 175.426666, 206.965698, 214.295746, 247.5728, 230.629517, 197.773041, 170.670746, 275.517181]
1776961984.840	0	1350	1350	6.966112e-05	3.081119	3.081095	0.000000	0.002436	0.000000	2.834190	2.850436	2.850412							0.800000	2	0.010000	0.000000	0.000000	0.000000	0.000000	-0.017199	0.973152	-4.156221	6.409328	1.000000	0.000000	1.858886	0.435071	0.001646	0.000000	1.000000	0.000000	-0.050183	0.211971	-0.049455	0.213466	5.680873	1.211878	2.000000	2.000000	0.203125	0.311681	0.558460	1.000000	0.000000	0.786582	[0.06929, 0.060792, 0.057997, 0.054907, 0.070758, 0.057371, 0.069171, 0.070537, 0.054284, 0.062664, 0.0603, 0.073382, 0.063471, 0.0558, 0.052687, 0.066591]	[0.074931, 0.066042, 0.061481, 0.04956, 0.087778, 0.046806, 0.071273, 0.061389, 0.04588, 0.056042, 0.066551, 0.072384, 0.064769, 0.053565, 0.039375, 0.082176]	15.291667	225.000000	4.005792	602.750000	0.997564	[258.411621, 217.436249, 230.579193, 184.355835, 291.510681, 183.521301, 270.69928, 243.113403, 162.470749, 200.476196, 231.455811, 244.65271, 225.784912, 214.90683, 176.613159, 264.012146]
1776962067.314	0	1400	1400	6.883006e-05	2.744412	2.744388	0.000000	0.002482	0.000000	2.869401	2.859010	2.858986	2.545053	2.545053	0.000000	0.000000	0.000000	12.743904	0.800000	2	0.010000	0.000000	0.000000	0.000000	0.000000	-0.014009	0.995304	-4.147310	6.848381	1.000000	0.000000	1.818582	0.449583	0.001465	0.000000	1.000000	0.000000	-0.050168	0.212606	-0.049455	0.213466	5.728631	1.211916	2.000000	2.000000	0.200521	0.328369	0.570797	1.000000	0.000000	0.774878	[0.067845, 0.061111, 0.060903, 0.052825, 0.067306, 0.05544, 0.070044, 0.075427, 0.051897, 0.059489, 0.058208, 0.07449, 0.065855, 0.055595, 0.059759, 0.063805]	[0.075185, 0.063866, 0.07213, 0.051227, 0.078403, 0.044329, 0.074745, 0.069861, 0.039954, 0.05338, 0.054722, 0.076968, 0.064398, 0.055579, 0.053125, 0.07213]	15.333333	225.000001	4.867230	616.778779	0.997518	[267.130188, 226.736115, 233.8992, 193.636642, 293.065186, 168.966232, 285.035645, 226.546616, 164.585022, 209.698608, 202.133041, 243.232391, 230.29834, 204.47905, 186.872314, 263.685516]
1776962144.765	0	1450	1450	6.797295e-05	2.938880	2.938854	0.000000	0.002601	0.000000	2.879513	2.861354	2.861329							0.800000	2	0.010000	0.000000	0.000000	0.000000	0.000000	-0.008122	0.985595	-4.146797	6.481039	1.000000	0.000000	1.805767	0.454925	0.001630	0.000000	1.000000	0.000000	-0.050143	0.215357	-0.049455	0.213466	5.751693	1.166862	2.000000	2.000000	0.182292	0.335748	0.574102	1.000000	0.000000	0.735877	[0.070083, 0.061289, 0.058488, 0.056979, 0.067172, 0.059462, 0.070009, 0.072444, 0.055217, 0.062133, 0.059871, 0.065515, 0.064582, 0.056469, 0.05552, 0.064768]	[0.076806, 0.069398, 0.063125, 0.052685, 0.075486, 0.054792, 0.076829, 0.065486, 0.047153, 0.05625, 0.057037, 0.063935, 0.062778, 0.060023, 0.046181, 0.072037]	15.083333	225.000002	3.765469	636.773645	0.997399	[275.27066, 242.624512, 224.938629, 200.761261, 302.828339, 188.522507, 272.013916, 254.228729, 163.777237, 193.027634, 203.992599, 227.939728, 213.865387, 194.946579, 182.417847, 258.844666]
1776962222.922	0	1500	1500	6.709070e-05	2.760372	2.760346	0.000000	0.002672	0.000000	2.812955	2.837531	2.837505							0.800000	2	0.010000	0.000000	0.000000	0.000000	0.000000	-0.014373	1.015834	-4.357401	6.506507	1.000000	0.000000	1.781997	0.462366	0.001436	0.000000	1.000000	0.000000	-0.050118	0.216967	-0.049455	0.213466	5.818359	1.160277	2.000000	2.000000	0.179688	0.341561	0.583171	1.000000	0.000000	0.738572	[0.066258, 0.06115, 0.057161, 0.057127, 0.064491, 0.05779, 0.068531, 0.074152, 0.057568, 0.058426, 0.058794, 0.07386, 0.066133, 0.056168, 0.056963, 0.065428]	[0.069907, 0.071319, 0.063125, 0.057986, 0.07706, 0.051435, 0.065926, 0.066782, 0.051111, 0.049005, 0.055532, 0.073796, 0.063773, 0.058079, 0.048981, 0.076181]	15.250000	224.999999	3.374770	589.117681	0.997328	[289.545776, 246.309784, 216.362717, 197.875534, 303.369598, 186.000046, 257.013214, 242.317383, 172.880539, 178.453781, 204.441086, 234.995605, 234.214569, 202.165009, 166.466049, 267.589417]
1776962301.412	0	1550	1550	6.618422e-05	2.843743	2.843716	0.000000	0.002689	0.000000	2.901779	2.877285	2.877259							0.800000	2	0.010000	0.000000	0.000000	0.000000	0.000000	-0.012119	0.998451	-4.115245	6.326510	1.000000	0.000000	1.780480	0.462609	0.001661	0.000000	1.000000	0.000000	-0.050111	0.217398	-0.049455	0.213466	5.706489	1.171466	2.000000	2.000000	0.182292	0.343655	0.581563	1.000000	0.000000	0.790234	[0.065934, 0.062013, 0.059706, 0.057075, 0.070415, 0.055434, 0.068626, 0.070124, 0.052199, 0.061344, 0.059223, 0.072696, 0.070764, 0.052623, 0.055798, 0.066028]	[0.07206, 0.067431, 0.066597, 0.055116, 0.084884, 0.047431, 0.070301, 0.058681, 0.043495, 0.054213, 0.059537, 0.074005, 0.071019, 0.051157, 0.045625, 0.078449]	15.291667	224.999999	3.244349	672.499409	0.997311	[266.009827, 221.355164, 226.737518, 202.876038, 347.191986, 162.527649, 268.732086, 232.971008, 158.141922, 183.829926, 232.963806, 257.744812, 227.175415, 173.60434, 163.18396, 274.95459]
1776962385.736	0	1600	1600	6.525449e-05	2.878991	2.878963	0.000000	0.002722	0.000000	2.837222	2.850921	2.850894	2.525423	2.525423	0.000000	0.000000	0.000000	12.496176	0.800000	2	0.010000	0.000000	0.000000	0.000000	0.000000	-0.010900	1.002252	-4.299832	6.553061	1.000000	0.000000	1.784513	0.461381	0.001709	0.000000	1.000000	0.000000	-0.050090	0.218384	-0.049455	0.213466	5.735170	1.187040	2.000000	2.000000	0.184896	0.342058	0.580704	1.000000	0.000000	0.771133	[0.069198, 0.062103, 0.057275, 0.058152, 0.071134, 0.05638, 0.071145, 0.072274, 0.053571, 0.058801, 0.061282, 0.067755, 0.068258, 0.053502, 0.050914, 0.068255]	[0.074375, 0.069051, 0.062847, 0.055671, 0.090556, 0.043819, 0.072708, 0.063079, 0.044074, 0.050486, 0.060671, 0.066852, 0.070069, 0.050116, 0.037315, 0.08831]	15.166667	225.000000	3.936390	645.188708	0.997278	[251.223969, 243.667542, 239.744919, 202.861053, 317.027222, 165.458557, 258.345581, 241.419724, 155.418823, 183.421631, 213.143051, 235.520264, 246.166016, 176.392303, 172.383881, 297.805481]
1776962463.814	0	1650	1650	6.430245e-05	2.885738	2.885710	0.000000	0.002786	0.000000	2.848071	2.848279	2.848252							0.800000	2	0.010000	0.000000	0.000000	0.000000	0.000000	-0.006955	1.015631	-4.288734	6.583701	1.000000	0.000000	1.766040	0.467159	0.001655	0.000000	1.000000	0.000000	-0.050058	0.221375	-0.049455	0.213466	5.757789	1.191633	2.000000	2.000000	0.184896	0.347497	0.586822	1.000000	0.000000	0.749605	[0.070357, 0.062345, 0.057823, 0.059847, 0.070051, 0.053404, 0.070784, 0.068126, 0.055952, 0.059533, 0.060666, 0.060219, 0.071791, 0.056568, 0.0568, 0.065734]	[0.077431, 0.067894, 0.065116, 0.058079, 0.084329, 0.04125, 0.071435, 0.059167, 0.050255, 0.051898, 0.063218, 0.05544, 0.075023, 0.056389, 0.048866, 0.074213]	15.041667	224.999999	3.308122	604.795102	0.997214	[262.889954, 247.424225, 226.346222, 209.64389, 316.805481, 173.386475, 255.132202, 231.855225, 171.177429, 190.331543, 215.465088, 227.618011, 239.400024, 194.738449, 168.31781, 269.467957]
1776962541.755	0	1700	1700	6.332913e-05	2.797983	2.797955	0.000000	0.002887	0.000000	2.852856	2.850463	2.850435							0.800000	2	0.010000	0.000000	0.000000	0.000000	0.000000	-0.009243	1.022768	-4.271101	6.501045	1.000000	0.000000	1.787380	0.458200	0.001552	0.000000	1.000000	0.000000	-0.050029	0.222027	-0.049455	0.213466	5.705797	1.226640	2.000000	2.000000	0.174479	0.335420	0.580979	1.000000	0.000000	0.758926	[0.068337, 0.064252, 0.054859, 0.061124, 0.072725, 0.054511, 0.066954, 0.069888, 0.0497, 0.059784, 0.059925, 0.067285, 0.066122, 0.053199, 0.061171, 0.070163]	[0.073426, 0.071088, 0.057546, 0.060162, 0.092222, 0.049815, 0.067245, 0.060255, 0.038148, 0.051551, 0.065856, 0.06206, 0.067894, 0.051296, 0.053634, 0.077801]	15.458333	224.999999	4.659805	604.838510	0.997113	[262.656067, 249.004486, 209.855133, 210.632416, 301.20697, 173.218964, 265.022217, 234.00383, 157.478333, 185.830566, 217.130066, 226.732635, 238.889954, 181.936005, 207.614304, 278.788208]
1776962619.622	0	1750	1750	6.233553e-05	2.572727	2.572698	0.000000	0.002913	0.000000	2.821472	2.834520	2.834491							0.800000	2	0.010000	0.000000	0.000000	0.000000	0.000000	-0.008053	1.037248	-4.427528	6.763801	1.000000	0.000000	1.765391	0.465516	0.001557	0.000000	1.000000	0.000000	-0.050012	0.222244	-0.049455	0.213466	5.755640	1.225458	2.000000	2.000000	0.169271	0.344795	0.586237	1.000000	0.000000	0.712626	[0.070813, 0.06274, 0.057457, 0.058275, 0.066007, 0.054302, 0.071874, 0.069398, 0.053512, 0.057687, 0.059578, 0.067078, 0.069388, 0.056527, 0.06, 0.065364]	[0.07875, 0.067245, 0.064236, 0.056435, 0.077662, 0.04375, 0.07287, 0.062801, 0.045926, 0.048519, 0.05713, 0.066343, 0.071829, 0.056458, 0.054005, 0.076042]	15.208333	225.000001	3.046213	586.271414	0.997087	[268.731171, 237.513794, 218.534103, 201.788742, 297.164856, 175.220551, 270.90509, 240.661728, 165.161255, 181.534882, 199.034348, 230.193481, 248.511719, 199.514282, 196.142853, 269.387238]
1776962702.685	0	1800	1800	6.132269e-05	2.908031	2.908001	0.000000	0.002936	0.000000	2.796360	2.814289	2.814260	2.517111	2.517111	0.000000	0.000000	0.000000	12.392745	0.800000	2	0.010000	0.000000	0.000000	0.000000	0.000000	-0.012993	1.028769	-4.206250	6.397345	1.000000	0.000000	1.780287	0.460633	0.001534	0.000000	1.000000	0.000000	-0.050015	0.221972	-0.049455	0.213466	5.693467	1.180819	2.000000	2.000000	0.177083	0.338640	0.582627	1.000000	0.000000	0.759307	[0.069128, 0.061879, 0.057412, 0.057998, 0.069126, 0.056352, 0.071252, 0.071842, 0.050433, 0.059752, 0.058961, 0.071115, 0.068826, 0.054091, 0.055727, 0.066105]	[0.074097, 0.070162, 0.057778, 0.058148, 0.088148, 0.046412, 0.073611, 0.062847, 0.038148, 0.051319, 0.061343, 0.070602, 0.070069, 0.052106, 0.044329, 0.08088]	15.250000	225.000000	2.984630	606.860911	0.997064	[237.161743, 246.937592, 201.160141, 206.887909, 292.257782, 169.378296, 294.370056, 236.867981, 156.930725, 203.292938, 197.167816, 247.013351, 243.453949, 199.892822, 185.875732, 281.351257]
1776962780.747	0	1850	1850	6.029169e-05	2.791805	2.791776	0.000000	0.002961	0.000000	2.810511	2.815322	2.815292							0.800000	2	0.010000	0.000000	0.000000	0.000000	0.000000	-0.006863	1.051540	-4.221071	7.187836	1.000000	0.000000	1.750714	0.469944	0.001569	0.000000	1.000000	0.000000	-0.050011	0.221888	-0.049455	0.213466	5.807210	1.200815	2.000000	2.000000	0.177083	0.348352	0.591536	1.000000	0.000000	0.687293	[0.06746, 0.062731, 0.060281, 0.059993, 0.066883, 0.057006, 0.06986, 0.066525, 0.05341, 0.060195, 0.059713, 0.066029, 0.068812, 0.055725, 0.0597, 0.065678]	[0.073773, 0.068796, 0.065648, 0.064329, 0.077593, 0.048194, 0.071065, 0.058657, 0.047014, 0.053958, 0.05713, 0.064444, 0.069421, 0.054167, 0.052384, 0.073426]	15.250000	224.999999	5.002076	646.397029	0.997039	[249.171494, 250.16925, 210.237091, 210.663315, 323.508972, 177.230591, 269.255127, 235.359406, 154.873642, 198.345871, 196.258148, 257.200134, 224.019165, 188.615906, 182.807175, 272.284851]
1776962858.203	0	1900	1900	5.924360e-05	2.640709	2.640679	0.000000	0.002993	0.000000	2.844878	2.832758	2.832728							0.800000	2	0.010000	0.000000	0.000000	0.000000	0.000000	-0.012707	1.054829	-4.251802	6.674696	1.000000	0.000000	1.770020	0.462402	0.001579	0.000000	1.000000	0.000000	-0.049989	0.221888	-0.049455	0.213466	5.760162	1.210512	2.000000	2.000000	0.174479	0.336909	0.587895	1.000000	0.000000	0.789148	[0.072668, 0.060509, 0.057347, 0.057165, 0.070877, 0.05459, 0.072383, 0.073749, 0.05077, 0.056954, 0.05965, 0.069777, 0.066277, 0.054804, 0.053826, 0.068654]	[0.082546, 0.066157, 0.061852, 0.053056, 0.093634, 0.045324, 0.073264, 0.066898, 0.037847, 0.04419, 0.065255, 0.065926, 0.063681, 0.053449, 0.043519, 0.083403]	15.208333	225.000001	3.483702	610.090722	0.997007	[265.176086, 244.346603, 217.299652, 217.3284, 292.381622, 159.47995, 266.561829, 248.679749, 174.492844, 181.455978, 220.723984, 228.019196, 245.328156, 180.437805, 173.766235, 284.522003]
1776962936.361	0	1950	1950	5.817953e-05	2.251789	2.251759	0.000000	0.003013	0.000000	2.792835	2.799961	2.799931							0.800000	2	0.010000	0.000000	0.000000	0.000000	0.000000	-0.010436	1.063314	-4.373049	7.071940	1.000000	0.000000	1.742485	0.473104	0.001453	0.000000	1.000000	0.000000	-0.049982	0.221227	-0.049455	0.213466	5.812554	1.224948	2.000000	2.000000	0.174479	0.351008	0.595200	1.000000	0.000000	0.720350	[0.069296, 0.063647, 0.056142, 0.059099, 0.070273, 0.056225, 0.072665, 0.066896, 0.05587, 0.062304, 0.059615, 0.065893, 0.063443, 0.053773, 0.060075, 0.064785]	[0.075856, 0.071319, 0.058935, 0.056991, 0.084398, 0.048171, 0.073681, 0.058981, 0.050417, 0.055417, 0.057292, 0.064699, 0.066435, 0.052153, 0.051898, 0.073356]	15.250000	225.000001	3.832901	610.521029	0.996987	[257.940247, 242.684677, 211.740524, 205.274475, 291.433228, 162.35228, 280.208618, 233.538452, 177.765686, 191.852386, 222.647034, 230.650253, 231.515778, 198.756393, 190.934937, 270.705139]
1776963016.901	0	2000	2000	5.710058e-05	2.863708	2.863678	0.000000	0.003043	0.000000	2.841267	2.833953	2.833923	2.500571	2.500571	0.000000	0.000000	0.000000	12.189453	0.800000	2	0.010000	0.000000	0.000000	0.000000	0.000000	-0.008997	1.045156	-4.338913	6.695565	1.000000	0.000000	1.750506	0.470064	0.001268	0.000000	1.000000	0.000000	-0.049964	0.221740	-0.049455	0.213466	5.732023	1.190933	2.000000	2.000000	0.171875	0.348998	0.591129	1.000000	0.000000	0.739398	[0.070986, 0.066104, 0.056987, 0.057838, 0.072816, 0.052881, 0.069977, 0.066967, 0.055874, 0.059033, 0.057301, 0.066129, 0.069476, 0.054336, 0.057684, 0.065611]	[0.077361, 0.070648, 0.060139, 0.057292, 0.088403, 0.042384, 0.068403, 0.058681, 0.050972, 0.051551, 0.059606, 0.063287, 0.071852, 0.053634, 0.048727, 0.07706]	15.333333	225.000000	3.760620	589.270589	0.996957	[258.068542, 238.499329, 213.57666, 192.623627, 307.570984, 182.863861, 276.737854, 241.060669, 178.196457, 190.397064, 209.540207, 237.980591, 234.102524, 195.992401, 174.051498, 268.737762]
1776963094.075	0	2050	2050	5.600789e-05	2.895429	2.895398	0.000000	0.003090	0.000000	2.816973	2.823758	2.823727							0.800000	2	0.010000	0.000000	0.000000	0.000000	0.000000	-0.009709	1.057712	-4.369621	6.882622	1.000000	0.000000	1.717914	0.482247	0.001376	0.000000	1.000000	0.000000	-0.049938	0.222905	-0.049455	0.213466	5.786023	1.175305	2.000000	2.000000	0.169271	0.363745	0.600749	1.000000	0.000000	0.703015	[0.070532, 0.06522, 0.056489, 0.056094, 0.066635, 0.054897, 0.069046, 0.071222, 0.053641, 0.061394, 0.060189, 0.067123, 0.06596, 0.058372, 0.059115, 0.064072]	[0.078287, 0.073657, 0.059074, 0.054745, 0.07375, 0.046852, 0.068009, 0.065741, 0.046782, 0.056227, 0.0575, 0.063264, 0.066088, 0.061782, 0.052917, 0.075324]	15.041667	224.999998	1.714456	683.736530	0.996910	[267.083344, 237.65506, 220.033844, 222.983139, 315.976135, 178.123764, 268.868378, 238.269089, 181.221436, 183.818939, 196.923996, 243.386749, 218.904343, 176.822983, 171.537811, 278.391205]
1776963171.854	0	2100	2100	5.490260e-05	2.558378	2.558347	0.000000	0.003114	0.000000	2.830510	2.832201	2.832170							0.800000	2	0.010000	0.000000	0.000000	0.000000	0.000000	-0.008900	1.062709	-4.349149	7.003464	1.000000	0.000000	1.740928	0.472856	0.001400	0.000000	1.000000	0.000000	-0.049923	0.222999	-0.049455	0.213466	5.768002	1.223270	2.000000	2.000000	0.171875	0.350097	0.595615	1.000000	0.000000	0.753020	[0.071685, 0.065059, 0.057351, 0.057616, 0.068704, 0.048396, 0.070294, 0.069935, 0.053853, 0.060523, 0.058374, 0.066729, 0.069598, 0.056281, 0.058687, 0.066918]	[0.081644, 0.066713, 0.065532, 0.056319, 0.080579, 0.03794, 0.069282, 0.061759, 0.046597, 0.053079, 0.058449, 0.06213, 0.070833, 0.05625, 0.05, 0.082894]	15.333333	224.999999	3.931849	584.424571	0.996886	[260.585999, 225.345566, 233.013336, 215.308517, 278.312683, 185.224915, 279.653442, 246.144409, 166.216705, 178.542847, 207.387787, 219.974579, 241.799179, 186.557541, 190.714325, 285.218323]
1776963252.856	0	2150	2150	5.378588e-05	3.002666	3.002634	0.000000	0.003138	0.000000	2.864040	2.847725	2.847694							0.800000	2	0.010000	0.000000	0.000000	0.000000	0.000000	-0.006384	1.054967	-4.248370	6.845316	1.000000	0.000000	1.739096	0.473728	0.001298	0.000000	1.000000	0.000000	-0.049903	0.223516	-0.049455	0.213466	5.745040	1.174967	2.000000	2.000000	0.169271	0.352901	0.594554	1.000000	0.000000	0.685748	[0.068533, 0.064609, 0.055162, 0.056687, 0.065874, 0.055715, 0.073991, 0.070805, 0.055005, 0.059892, 0.060835, 0.067017, 0.067723, 0.055039, 0.057001, 0.066111]	[0.075255, 0.071019, 0.056968, 0.056806, 0.07919, 0.046782, 0.07956, 0.065625, 0.049491, 0.053843, 0.058102, 0.063819, 0.067014, 0.053472, 0.050949, 0.072106]	15.208333	224.999999	4.109393	589.765363	0.996862	[252.659653, 237.942993, 215.624664, 215.641586, 297.455505, 176.113327, 290.026794, 249.741013, 182.232544, 182.058105, 213.67009, 214.354218, 232.873825, 185.421265, 188.54039, 265.644165]
1776963334.365	0	2200	2200	5.265890e-05	2.790010	2.789978	0.000000	0.003174	0.000000	2.820090	2.825586	2.825554	2.487433	2.487433	0.000000	0.000000	0.000000	12.030354	0.800000	2	0.010000	0.000000	0.000000	0.000000	0.000000	-0.011751	1.063652	-4.462580	6.932619	1.000000	0.000000	1.738289	0.472826	0.001558	0.000000	1.000000	0.000000	-0.049888	0.224612	-0.049455	0.213466	5.695590	1.207099	2.000000	2.000000	0.179688	0.349656	0.595995	1.000000	0.000000	0.755533	[0.068102, 0.062532, 0.055033, 0.058345, 0.070056, 0.053275, 0.07287, 0.070541, 0.052473, 0.059963, 0.056906, 0.070067, 0.068059, 0.054127, 0.058724, 0.068929]	[0.074097, 0.065949, 0.060208, 0.060278, 0.086875, 0.043565, 0.075949, 0.062315, 0.042407, 0.051921, 0.053171, 0.067986, 0.066829, 0.051111, 0.050185, 0.087153]	15.291667	225.000001	4.380525	547.368018	0.996826	[248.203888, 248.979553, 210.39856, 227.385178, 264.131927, 168.789597, 295.407288, 238.836166, 184.182419, 190.498901, 204.344101, 217.898193, 236.439789, 205.649643, 193.901764, 264.953125]
1776963411.978	0	2250	2250	5.152283e-05	2.913136	2.913104	0.000000	0.003182	0.000000	2.863484	2.846577	2.846546							0.800000	2	0.010000	0.000000	0.000000	0.000000	0.000000	-0.007097	1.071882	-4.350395	6.848877	1.000000	0.000000	1.710521	0.482391	0.001100	0.000000	1.000000	0.000000	-0.049862	0.225347	-0.049455	0.213466	5.791102	1.165564	2.000000	2.000000	0.177083	0.361023	0.603760	1.000000	0.000000	0.733395	[0.07014, 0.063801, 0.062279, 0.058753, 0.065324, 0.056244, 0.070893, 0.071338, 0.052023, 0.059276, 0.057834, 0.064181, 0.068124, 0.055973, 0.057799, 0.066019]	[0.077523, 0.066204, 0.069213, 0.059699, 0.071991, 0.050532, 0.07544, 0.065417, 0.043194, 0.052176, 0.054606, 0.058264, 0.067917, 0.056505, 0.051111, 0.080208]	15.166667	225.000000	2.191924	568.881563	0.996818	[257.387878, 244.302414, 225.128082, 219.117599, 263.994751, 177.949753, 289.956635, 240.573975, 191.900253, 191.658188, 198.742126, 220.444016, 234.811218, 201.719818, 188.398773, 253.914581]
1776963491.095	0	2300	2300	5.037888e-05	2.909334	2.909302	0.000000	0.003204	0.000000	2.854817	2.847239	2.847208							0.800000	2	0.010000	0.000000	0.000000	0.000000	0.000000	-0.012302	1.085321	-4.623596	6.845370	1.000000	0.000000	1.730858	0.474436	0.001473	0.000000	1.000000	0.000000	-0.049851	0.225744	-0.049455	0.213466	5.794764	1.216125	2.000000	2.000000	0.171875	0.349714	0.599158	1.000000	0.000000	0.750506	[0.071205, 0.059464, 0.058653, 0.061538, 0.070874, 0.054393, 0.072, 0.070737, 0.053023, 0.059033, 0.058853, 0.064032, 0.06773, 0.055702, 0.057082, 0.065681]	[0.077083, 0.05787, 0.062292, 0.061921, 0.09162, 0.052083, 0.071852, 0.063681, 0.043519, 0.05125, 0.061019, 0.05956, 0.066435, 0.054931, 0.04831, 0.076574]	15.166667	224.999999	4.018793	610.610151	0.996796	[244.94133, 228.679062, 224.972626, 208.102448, 282.760498, 190.187302, 282.184265, 259.862976, 167.025482, 186.535446, 197.663742, 229.217514, 233.979523, 198.001953, 175.971771, 289.914154]
1776963568.115	0	2350	2350	4.922823e-05	2.839662	2.839629	0.000000	0.003222	0.000000	2.795841	2.815033	2.815001							0.800000	2	0.010000	0.000000	0.000000	0.000000	0.000000	-0.012433	1.075050	-4.464663	6.825343	1.000000	0.000000	1.712151	0.482762	0.001242	0.000000	1.000000	0.000000	-0.049839	0.226230	-0.049455	0.213466	5.743522	1.191785	2.000000	2.000000	0.171875	0.363388	0.602136	1.000000	0.000000	0.723304	[0.065776, 0.06423, 0.057662, 0.057024, 0.067228, 0.057435, 0.071465, 0.07054, 0.054478, 0.061329, 0.058155, 0.071653, 0.064182, 0.056892, 0.053193, 0.068759]	[0.068241, 0.071782, 0.059167, 0.057731, 0.081829, 0.047292, 0.072685, 0.063912, 0.048333, 0.057755, 0.052731, 0.067639, 0.062153, 0.057662, 0.043819, 0.087269]	15.166667	224.999999	3.704888	583.457319	0.996778	[255.001633, 245.947067, 213.128845, 215.487762, 276.235046, 177.250946, 291.467529, 240.720337, 186.050171, 195.712448, 202.388794, 229.873901, 231.652557, 196.794495, 170.519135, 271.769348]
1776963650.301	0	2400	2400	4.807210e-05	2.689019	2.688987	0.000000	0.003251	0.000000	2.798246	2.804560	2.804527	2.477105	2.477105	0.000000	0.000000	0.000000	11.906743	0.800000	2	0.010000	0.000000	0.000000	0.000000	0.000000	-0.007471	1.082952	-4.544688	6.807910	1.000000	0.000000	1.705703	0.484923	0.001401	0.000000	1.000000	0.000000	-0.049832	0.226434	-0.049455	0.213466	5.815306	1.174392	2.000000	2.000000	0.174479	0.364666	0.605180	1.000000	0.000000	0.694714	[0.067711, 0.066949, 0.058106, 0.059086, 0.066074, 0.054513, 0.071798, 0.06965, 0.053648, 0.058071, 0.061133, 0.065047, 0.067005, 0.056529, 0.05782, 0.066859]	[0.071227, 0.074051, 0.064815, 0.060046, 0.070741, 0.046875, 0.075949, 0.061296, 0.046551, 0.04963, 0.062685, 0.064398, 0.067037, 0.054722, 0.051852, 0.078125]	15.333333	225.000001	4.481256	584.069057	0.996749	[264.870728, 244.814728, 217.008347, 200.046936, 275.353851, 170.28717, 292.12323, 251.980026, 173.785263, 185.982468, 206.937012, 210.405258, 235.599274, 204.514328, 180.979126, 285.312317]
1776963730.044	0	2450	2450	4.691170e-05	2.917902	2.917870	0.000000	0.003263	0.000000	2.810062	2.807255	2.807223							0.800000	2	0.010000	0.000000	0.000000	0.000000	0.000000	-0.009973	1.067816	-4.646474	6.881257	1.000000	0.000000	1.719228	0.479030	0.001098	0.000000	1.000000	0.000000	-0.049814	0.227229	-0.049455	0.213466	5.723308	1.147318	2.000000	2.000000	0.169271	0.359610	0.598450	1.000000	0.000000	0.711560	[0.066251, 0.064089, 0.055307, 0.058552, 0.068135, 0.056164, 0.069485, 0.073325, 0.052628, 0.059675, 0.057591, 0.068931, 0.068874, 0.056455, 0.057707, 0.066831]	[0.07081, 0.069051, 0.056574, 0.058796, 0.08581, 0.046713, 0.070255, 0.066921, 0.04412, 0.05037, 0.058426, 0.066597, 0.068657, 0.055995, 0.049653, 0.08125]	15.416667	224.999999	2.863952	600.942073	0.996737	[271.247131, 245.022385, 208.162994, 198.765167, 298.496216, 185.591675, 280.955139, 243.213318, 158.177612, 193.537598, 192.401489, 215.751801, 232.224152, 201.387451, 190.803192, 284.262756]
1776963809.563	0	2500	2500	4.574824e-05	2.502319	2.502286	0.000000	0.003290	0.000000	2.821617	2.816149	2.816116							0.800000	2	0.010000	0.000000	0.000000	0.000000	0.000000	-0.008189	1.087460	-4.450224	7.208234	1.000000	0.000000	1.692460	0.488961	0.001253	0.000000	1.000000	0.000000	-0.049790	0.227982	-0.049455	0.213466	5.848957	1.202241	2.000000	2.000000	0.169271	0.369559	0.608363	1.000000	0.000000	0.681805	[0.070016, 0.064183, 0.05572, 0.057603, 0.066481, 0.05498, 0.073621, 0.068951, 0.052303, 0.062545, 0.059632, 0.063637, 0.065715, 0.060597, 0.060214, 0.063804]	[0.074167, 0.069051, 0.057755, 0.055139, 0.075417, 0.051157, 0.075949, 0.0625, 0.045949, 0.058009, 0.056412, 0.059074, 0.066991, 0.063611, 0.054861, 0.073958]	15.125000	224.999999	4.282620	555.000623	0.996710	[251.17009, 243.962433, 211.000977, 198.117523, 291.989044, 194.621628, 285.861572, 244.070801, 186.559631, 189.923141, 202.920807, 211.031219, 230.33667, 207.914902, 187.475754, 263.043915]
1776963892.013	1	2550	2550	4.458295e-05	2.892896	2.892863	0.000000	0.003303	0.000000	2.772002	2.792402	2.792369							0.800000	2	0.010000	0.000000	0.000000	0.000000	0.000000	-0.010518	1.090026	-4.388231	7.019912	1.000000	0.000000	1.673587	0.496168	0.001418	0.000000	1.000000	0.000000	-0.049788	0.228657	-0.049455	0.213466	5.795004	1.131757	2.000000	2.000000	0.169271	0.378529	0.613807	1.000000	0.000000	0.713248	[0.067119, 0.065026, 0.058856, 0.056005, 0.06776, 0.056212, 0.068794, 0.070369, 0.055534, 0.062902, 0.059409, 0.067241, 0.067665, 0.055005, 0.058388, 0.063717]	[0.07419, 0.069676, 0.06456, 0.053681, 0.077593, 0.047315, 0.069653, 0.062153, 0.051412, 0.056528, 0.05919, 0.065023, 0.068125, 0.054884, 0.052778, 0.073241]	15.500000	225.000001	3.413419	591.430889	0.996697	[252.035522, 247.841919, 212.991669, 196.948975, 303.62146, 185.317017, 283.977722, 230.086517, 172.139679, 205.13678, 204.276413, 227.783249, 229.55217, 201.51062, 176.378387, 270.401917]
1776963977.322	1	2600	2600	4.341705e-05	2.870641	2.870608	0.000000	0.003294	0.000000	2.763366	2.765062	2.765029	2.468036	2.468036	0.000000	0.000000	0.000000	11.799246	0.800000	2	0.010000	0.000000	0.000000	0.000000	0.000000	-0.003839	1.073138	-4.405078	7.010729	1.000000	0.000000	1.728209	0.475037	0.001353	0.000000	1.000000	0.000000	-0.049789	0.229133	-0.049455	0.213466	5.752562	1.189365	2.000000	2.000000	0.169271	0.352241	0.597833	1.000000	0.000000	0.707729	[0.069509, 0.064341, 0.057111, 0.062245, 0.067615, 0.05558, 0.070563, 0.074584, 0.052777, 0.05667, 0.060426, 0.063842, 0.066675, 0.055241, 0.056952, 0.065867]	[0.075694, 0.068194, 0.061736, 0.063032, 0.082847, 0.046806, 0.073634, 0.067986, 0.04588, 0.047986, 0.059792, 0.063542, 0.066042, 0.053912, 0.048866, 0.074051]	15.333333	224.999999	3.163586	572.679138	0.996706	[269.753998, 243.586243, 212.814255, 206.481842, 291.536163, 182.412231, 291.431213, 239.802246, 174.64592, 196.606186, 195.213654, 220.367523, 229.41156, 205.373886, 180.804077, 259.759094]
1776964055.364	1	2650	2650	4.225176e-05	2.762293	2.762260	0.000000	0.003299	0.000000	2.732786	2.748900	2.748867							0.800000	2	0.010000	0.000000	0.000000	0.000000	0.000000	-0.008685	1.089580	-4.512288	7.112817	1.000000	0.000000	1.689804	0.489333	0.001219	0.000000	1.000000	0.000000	-0.049785	0.229669	-0.049455	0.213466	5.799828	1.169496	2.000000	2.000000	0.169271	0.369721	0.608946	1.000000	0.000000	0.705254	[0.070492, 0.065005, 0.057071, 0.059605, 0.066927, 0.05467, 0.070048, 0.071296, 0.052607, 0.059446, 0.060218, 0.062895, 0.068198, 0.056063, 0.059155, 0.066304]	[0.077662, 0.072731, 0.0575, 0.056806, 0.081319, 0.045069, 0.073079, 0.065069, 0.044606, 0.053403, 0.060949, 0.058912, 0.069676, 0.055972, 0.051921, 0.075324]	15.208333	225.000001	4.004912	596.559755	0.996701	[258.819519, 260.644958, 207.301056, 212.313324, 285.380005, 173.029388, 274.389679, 249.354065, 181.063477, 189.318222, 204.680634, 231.175415, 244.323288, 189.988892, 180.835938, 257.382294]
1776964136.382	1	2700	2700	4.108830e-05	2.647314	2.647281	0.000000	0.003311	0.000000	2.772678	2.759449	2.759416							0.800000	2	0.010000	0.000000	0.000000	0.000000	0.000000	-0.004372	1.078886	-4.597132	7.273988	1.000000	0.000000	1.734363	0.472840	0.001170	0.000000	1.000000	0.000000	-0.049789	0.229496	-0.049455	0.213466	5.745590	1.214780	2.000000	2.000000	0.171875	0.349086	0.596595	1.000000	0.000000	0.719507	[0.072392, 0.064338, 0.057798, 0.060303, 0.067292, 0.055868, 0.066423, 0.068632, 0.055821, 0.057634, 0.060633, 0.064137, 0.064642, 0.057868, 0.059085, 0.067133]	[0.081944, 0.068056, 0.063796, 0.059144, 0.084676, 0.049306, 0.067894, 0.059583, 0.046343, 0.050949, 0.062176, 0.061944, 0.062824, 0.05537, 0.050579, 0.075417]	15.208333	225.000000	4.505835	612.752768	0.996689	[259.009979, 229.218994, 222.813828, 197.23996, 303.033905, 169.098022, 295.866455, 244.364426, 170.665863, 196.043243, 209.393112, 214.355453, 233.809128, 189.656845, 187.751648, 277.67926]
1776964215.482	1	2750	2750	3.992790e-05	2.412036	2.412003	0.000000	0.003321	0.000000	2.783932	2.761183	2.761150							0.800000	2	0.010000	0.000000	0.000000	0.000000	0.000000	-0.005982	1.095252	-4.530433	7.107622	1.000000	0.000000	1.689462	0.489506	0.001179	0.000000	1.000000	0.000000	-0.049783	0.229770	-0.049455	0.213466	5.842703	1.206871	2.000000	2.000000	0.164062	0.369105	0.609907	1.000000	0.000000	0.692173	[0.064603, 0.066312, 0.056408, 0.057054, 0.065913, 0.055152, 0.069883, 0.07336, 0.055248, 0.062334, 0.057108, 0.065584, 0.06763, 0.056135, 0.059187, 0.068087]	[0.067292, 0.072963, 0.062292, 0.056389, 0.07206, 0.046273, 0.072824, 0.066875, 0.051759, 0.057454, 0.054722, 0.063218, 0.068032, 0.05706, 0.051458, 0.079329]	15.333333	225.000001	2.715459	572.489002	0.996679	[233.350677, 233.973145, 220.379929, 205.261566, 289.064026, 175.8134, 281.308838, 258.373657, 198.384811, 193.238281, 203.515671, 233.557541, 228.268616, 192.685822, 169.628632, 283.195526]
1776964298.555	1	2800	2800	3.877177e-05	2.830424	2.830390	0.000000	0.003331	0.000000	2.762913	2.769093	2.769060	2.458976	2.458976	0.000000	0.000000	0.000000	11.692837	0.800000	2	0.010000	0.000000	0.000000	0.000000	0.000000	-0.006779	1.092346	-4.495574	6.897025	1.000000	0.000000	1.704176	0.482929	0.001275	0.000000	1.000000	0.000000	-0.049775	0.229972	-0.049455	0.213466	5.802671	1.209432	2.000000	2.000000	0.174479	0.360410	0.605448	1.000000	0.000000	0.686282	[0.069564, 0.06656, 0.05912, 0.05803, 0.065765, 0.053943, 0.071079, 0.072145, 0.055168, 0.056332, 0.060451, 0.064883, 0.067727, 0.056628, 0.055775, 0.06683]	[0.07706, 0.069884, 0.063634, 0.054097, 0.079792, 0.047014, 0.076273, 0.066644, 0.050278, 0.048148, 0.059306, 0.060069, 0.066181, 0.056875, 0.047014, 0.077731]	15.291667	225.000000	2.869731	590.134029	0.996669	[254.197189, 235.384888, 213.438019, 187.035507, 298.821411, 185.48877, 292.394104, 249.436325, 173.814301, 187.545898, 215.461914, 214.370483, 234.402878, 196.480026, 183.396667, 278.331726]
1776964377.566	1	2850	2850	3.762112e-05	2.885232	2.885198	0.000000	0.003335	0.000000	2.763413	2.765288	2.765254							0.800000	2	0.010000	0.000000	0.000000	0.000000	0.000000	-0.006755	1.091172	-4.677293	7.363631	1.000000	0.000000	1.717161	0.478258	0.000935	0.000000	1.000000	0.000000	-0.049780	0.230645	-0.049455	0.213466	5.754971	1.219357	2.000000	2.000000	0.171875	0.354807	0.601710	1.000000	0.000000	0.710896	[0.068792, 0.063336, 0.059973, 0.055073, 0.067222, 0.053839, 0.073124, 0.072825, 0.054471, 0.059783, 0.058079, 0.068164, 0.067622, 0.054728, 0.056948, 0.066022]	[0.074167, 0.065, 0.066944, 0.049282, 0.079606, 0.046458, 0.07581, 0.067963, 0.047894, 0.050255, 0.058912, 0.067083, 0.068981, 0.055602, 0.049931, 0.076111]	15.250000	224.999999	2.618989	586.914525	0.996665	[250.664276, 235.212616, 226.083908, 206.728546, 294.670868, 176.672791, 286.528625, 249.213715, 171.575912, 190.819626, 197.693649, 232.411835, 233.224976, 189.226913, 186.509155, 272.762665]
1776964457.744	1	2900	2900	3.647717e-05	2.859885	2.859852	0.000000	0.003357	0.000000	2.774981	2.770863	2.770830							0.800000	2	0.010000	0.000000	0.000000	0.000000	0.000000	-0.009470	1.106591	-4.535860	7.210438	1.000000	0.000000	1.694832	0.485845	0.001447	0.000000	1.000000	0.000000	-0.049775	0.231011	-0.049455	0.213466	5.823382	1.192028	2.000000	2.000000	0.169271	0.362375	0.609315	1.000000	0.000000	0.735144	[0.066248, 0.064453, 0.057805, 0.054602, 0.067723, 0.053582, 0.071387, 0.074154, 0.053556, 0.059125, 0.056144, 0.06725, 0.069294, 0.05328, 0.063237, 0.068159]	[0.072407, 0.069005, 0.062407, 0.050023, 0.076111, 0.052292, 0.072523, 0.067546, 0.046343, 0.050741, 0.055116, 0.061713, 0.070671, 0.053056, 0.060972, 0.079074]	15.375000	225.000003	2.957360	586.470406	0.996643	[259.025024, 236.604218, 216.642197, 205.2341, 277.41217, 189.419373, 285.507935, 244.78476, 198.454651, 186.516388, 193.059143, 236.362396, 236.386261, 189.006088, 180.718918, 264.866455]
1776964538.552	1	2950	2950	3.534110e-05	3.022014	3.021980	0.000000	0.003360	0.000000	2.760569	2.767603	2.767569							0.800000	2	0.010000	0.000000	0.000000	0.000000	0.000000	-0.009260	1.107269	-4.541337	7.401233	1.000000	0.000000	1.736123	0.469655	0.001370	0.000000	1.000000	0.000000	-0.049772	0.231132	-0.049455	0.213466	5.776413	1.233839	2.000000	2.000000	0.166667	0.341051	0.598259	1.000000	0.000000	0.728318	[0.065116, 0.062605, 0.058837, 0.05898, 0.068176, 0.059206, 0.070808, 0.07215, 0.053072, 0.058977, 0.058968, 0.067492, 0.068082, 0.051714, 0.057, 0.068815]	[0.072014, 0.065602, 0.062546, 0.055185, 0.077708, 0.057546, 0.075347, 0.06331, 0.045671, 0.050856, 0.061759, 0.063843, 0.067685, 0.052037, 0.048866, 0.080023]	15.375000	224.999999	2.682744	559.228041	0.996640	[266.597961, 251.027069, 212.708679, 202.71875, 270.600159, 185.358978, 299.495697, 243.573334, 180.151581, 187.445984, 215.722809, 222.337143, 229.849167, 209.568634, 171.889435, 250.954712]
1776964621.369	1	3000	3000	3.421412e-05	2.905049	2.905015	0.000000	0.003367	0.000000	2.716486	2.734128	2.734095	2.452529	2.452529	0.000000	0.000000	0.000000	11.617691	0.800000	2	0.010000	0.000000	0.000000	0.000000	0.000000	-0.008350	1.111633	-4.784620	7.391661	1.000000	0.000000	1.697698	0.484121	0.000903	0.000000	1.000000	0.000000	-0.049771	0.231849	-0.049455	0.213466	5.806016	1.220970	2.000000	2.000000	0.174479	0.359150	0.609092	1.000000	0.000000	0.730801	[0.069908, 0.064458, 0.055538, 0.05558, 0.069342, 0.057006, 0.073504, 0.071972, 0.051702, 0.06023, 0.058068, 0.065645, 0.070018, 0.052918, 0.056496, 0.067615]	[0.076505, 0.06831, 0.062708, 0.049792, 0.079167, 0.051204, 0.079444, 0.065394, 0.043819, 0.054815, 0.059259, 0.060394, 0.070833, 0.050278, 0.047384, 0.080694]	15.083333	224.999999	3.428973	607.789410	0.996633	[253.590683, 252.010056, 210.799133, 207.106812, 285.940674, 180.687042, 281.489563, 252.440674, 176.131104, 198.546509, 204.208954, 235.949326, 233.847336, 177.348129, 180.630219, 269.273895]
1776964702.768	1	3050	3050	3.309740e-05	2.304831	2.304797	0.000000	0.003374	0.000000	2.727217	2.728333	2.728299							0.800000	2	0.010000	0.000000	0.000000	0.000000	0.000000	-0.010698	1.113959	-4.431351	7.389342	1.000000	0.000000	1.699661	0.483291	0.001334	0.000000	1.000000	0.000000	-0.049766	0.232330	-0.049455	0.213466	5.841153	1.206247	2.000000	2.000000	0.174479	0.357309	0.609273	1.000000	0.000000	0.722925	[0.070645, 0.069276, 0.056314, 0.057384, 0.069392, 0.056401, 0.073942, 0.069162, 0.052394, 0.062762, 0.057647, 0.064234, 0.064784, 0.052523, 0.055298, 0.067843]	[0.077037, 0.080718, 0.058403, 0.052222, 0.082847, 0.048866, 0.077361, 0.06169, 0.044861, 0.056782, 0.057546, 0.061782, 0.065833, 0.04963, 0.044792, 0.07963]	15.000000	224.999999	3.516730	610.207902	0.996626	[243.015259, 240.233093, 221.443573, 206.305786, 302.42334, 191.740295, 273.443542, 242.418304, 180.698456, 195.803864, 195.533676, 238.782928, 235.624481, 181.33728, 175.533936, 275.662262]
1776964783.124	1	3100	3100	3.199211e-05	2.908282	2.908248	0.000000	0.003379	0.000000	2.733558	2.736915	2.736881							0.800000	2	0.010000	0.000000	0.000000	0.000000	0.000000	-0.014290	1.095034	-4.534060	6.921198	1.000000	0.000000	1.728551	0.474091	0.001197	0.000000	1.000000	0.000000	-0.049761	0.231943	-0.049455	0.213466	5.692655	1.203972	2.000000	2.000000	0.166667	0.347872	0.600311	1.000000	0.000000	0.766610	[0.067567, 0.063361, 0.057457, 0.0578, 0.068955, 0.059638, 0.07049, 0.070672, 0.05469, 0.058158, 0.057863, 0.072922, 0.066185, 0.051966, 0.054438, 0.067839]	[0.072361, 0.071644, 0.057894, 0.053264, 0.082546, 0.054722, 0.074491, 0.062292, 0.048125, 0.048981, 0.059074, 0.071852, 0.061968, 0.050231, 0.045671, 0.084884]	15.291667	224.999999	3.156751	635.051543	0.996621	[251.790771, 256.22229, 214.78801, 202.791306, 307.360107, 187.354889, 287.72937, 241.391098, 174.315094, 186.616058, 205.420288, 223.913177, 227.473907, 179.55954, 170.607422, 282.666809]
1776964865.430	1	3150	3150	3.089942e-05	2.722477	2.722443	0.000000	0.003385	0.000000	2.754852	2.741144	2.741111							0.800000	2	0.010000	0.000000	0.000000	0.000000	0.000000	-0.004448	1.093088	-4.448722	7.000115	1.000000	0.000000	1.664083	0.499213	0.001257	0.000000	1.000000	0.000000	-0.049757	0.231494	-0.049455	0.213466	5.828294	1.138256	2.000000	2.000000	0.161458	0.381523	0.616904	1.000000	0.000000	0.720052	[0.068101, 0.067929, 0.0586, 0.057485, 0.064102, 0.052565, 0.069815, 0.071084, 0.053357, 0.058151, 0.060373, 0.063017, 0.071707, 0.057057, 0.059672, 0.066985]	[0.07169, 0.074792, 0.062153, 0.057778, 0.072315, 0.044769, 0.0725, 0.065787, 0.047569, 0.050231, 0.059838, 0.057963, 0.073981, 0.057778, 0.054236, 0.07662]	15.250000	224.999999	4.090225	562.397185	0.996615	[239.666809, 251.355133, 214.128601, 195.98703, 278.411865, 183.928452, 277.695679, 247.498016, 182.17601, 190.168579, 194.307602, 245.366394, 240.842651, 203.72905, 186.3582, 268.380005]
1776964949.289	1	3200	3200	2.982047e-05	2.756702	2.756669	0.000000	0.003393	0.000000	2.733958	2.737555	2.737521	2.447547	2.447547	0.000000	0.000000	0.000000	11.559957	0.800000	2	0.010000	0.000000	0.000000	0.000000	0.000000	-0.010762	1.105783	-4.546340	7.247378	1.000000	0.000000	1.681479	0.490840	0.001252	0.000000	1.000000	0.000000	-0.049758	0.231868	-0.049455	0.213466	5.780831	1.186573	2.000000	2.000000	0.171875	0.369800	0.611881	1.000000	0.000000	0.712376	[0.067659, 0.067387, 0.060483, 0.054429, 0.066967, 0.054205, 0.072579, 0.072376, 0.054428, 0.058444, 0.057881, 0.064931, 0.068738, 0.054535, 0.059513, 0.065446]	[0.07463, 0.07463, 0.064722, 0.050856, 0.078611, 0.046667, 0.077801, 0.066458, 0.048079, 0.049722, 0.057569, 0.061458, 0.068102, 0.056042, 0.051389, 0.073264]	15.208333	224.999999	3.369201	595.874340	0.996607	[258.358582, 258.855133, 204.857483, 195.615768, 294.323975, 172.865036, 293.931854, 244.763519, 175.349365, 184.178635, 194.566223, 221.297958, 239.273041, 199.967285, 192.374252, 269.421997]
1776965030.500	1	3250	3250	2.875640e-05	2.432569	2.432535	0.000000	0.003397	0.000000	2.765585	2.756252	2.756218							0.800000	2	0.010000	0.000000	0.000000	0.000000	0.000000	-0.007678	1.117490	-4.515565	7.291639	1.000000	0.000000	1.667845	0.496107	0.001437	0.000000	1.000000	0.000000	-0.049746	0.232348	-0.049455	0.213466	5.870013	1.212108	2.000000	2.000000	0.169271	0.376002	0.616212	1.000000	0.000000	0.686242	[0.068356, 0.06656, 0.054636, 0.053759, 0.065456, 0.057245, 0.072951, 0.072409, 0.051281, 0.060477, 0.060006, 0.064857, 0.06804, 0.056742, 0.059606, 0.067618]	[0.072384, 0.074606, 0.058056, 0.05088, 0.074815, 0.051343, 0.076343, 0.068125, 0.043241, 0.054537, 0.057593, 0.060648, 0.07, 0.056458, 0.05375, 0.077222]	15.291667	225.000001	4.552162	556.807845	0.996603	[260.111084, 258.7995, 214.962738, 204.878174, 285.887817, 180.815521, 282.135132, 236.394882, 179.744186, 177.130829, 202.741684, 215.398499, 234.565033, 199.7435, 186.704041, 279.987518]
1776965110.223	1	3300	3300	2.770831e-05	2.606808	2.606774	0.000000	0.003406	0.000000	2.716984	2.732270	2.732236							0.800000	2	0.010000	0.000000	0.000000	0.000000	0.000000	-0.008898	1.103820	-4.449441	7.065578	1.000000	0.000000	1.667087	0.497032	0.001538	0.000000	1.000000	0.000000	-0.049747	0.232513	-0.049455	0.213466	5.802073	1.140377	2.000000	2.000000	0.166667	0.378817	0.615246	1.000000	0.000000	0.707543	[0.066629, 0.065316, 0.057138, 0.055515, 0.065719, 0.055741, 0.071583, 0.071104, 0.051675, 0.059746, 0.058819, 0.067207, 0.070574, 0.05377, 0.05961, 0.069853]	[0.069907, 0.072083, 0.062106, 0.053704, 0.072639, 0.04963, 0.074421, 0.064653, 0.045833, 0.053796, 0.060023, 0.062315, 0.069907, 0.053102, 0.056227, 0.079653]	15.041667	224.999999	2.849400	585.760155	0.996594	[254.516342, 246.759247, 224.490417, 219.168823, 292.573242, 177.850998, 278.721436, 226.170944, 175.560959, 189.318237, 202.915466, 214.385345, 233.707642, 192.948242, 182.327316, 288.585358]
1776965189.486	1	3350	3350	2.667731e-05	2.988643	2.988609	0.000000	0.003409	0.000000	2.723839	2.733969	2.733935							0.800000	2	0.010000	0.000000	0.000000	0.000000	0.000000	-0.010655	1.094331	-4.472321	7.146376	1.000000	0.000000	1.690195	0.488864	0.001295	0.000000	1.000000	0.000000	-0.049746	0.232935	-0.049455	0.213466	5.742240	1.145145	2.000000	2.000000	0.161458	0.367481	0.610247	1.000000	0.000000	0.740314	[0.069125, 0.065405, 0.057428, 0.056934, 0.064862, 0.054188, 0.073677, 0.070656, 0.051556, 0.060928, 0.056734, 0.066121, 0.070776, 0.055473, 0.057541, 0.068596]	[0.072269, 0.074815, 0.060486, 0.056343, 0.07669, 0.044491, 0.076505, 0.062523, 0.044653, 0.055139, 0.053819, 0.061204, 0.069977, 0.054954, 0.050972, 0.085162]	15.291667	225.000001	2.994056	582.183383	0.996591	[262.596283, 260.67749, 215.092392, 202.493088, 291.121582, 189.691895, 273.825134, 237.181396, 175.310669, 194.540207, 205.213501, 211.410751, 226.41008, 198.130859, 186.393585, 269.911194]
1776965273.184	1	3400	3400	2.566447e-05	2.678584	2.678550	0.000000	0.003409	0.000000	2.738770	2.735962	2.735928	2.445985	2.445985	0.000000	0.000000	0.000000	11.541914	0.800000	2	0.010000	0.000000	0.000000	0.000000	0.000000	-0.004904	1.102777	-4.563673	7.320087	1.000000	0.000000	1.675227	0.493565	0.001335	0.000000	1.000000	0.000000	-0.049744	0.233470	-0.049455	0.213466	5.841070	1.163887	2.000000	2.000000	0.164062	0.373690	0.613440	1.000000	0.000000	0.707736	[0.068376, 0.064635, 0.059639, 0.059401, 0.065305, 0.052995, 0.069237, 0.068895, 0.053533, 0.058228, 0.057305, 0.064135, 0.071905, 0.054261, 0.065415, 0.066735]	[0.070486, 0.072917, 0.062384, 0.058472, 0.076991, 0.044931, 0.07338, 0.060023, 0.047685, 0.051157, 0.055856, 0.062106, 0.073634, 0.056227, 0.061343, 0.072407]	15.083333	224.999997	4.933639	605.048728	0.996591	[271.670868, 259.879852, 195.955719, 191.73175, 301.56134, 175.774414, 282.234314, 239.08667, 179.280365, 190.784271, 197.775024, 228.682312, 227.266602, 197.790817, 187.092941, 273.43277]
1776965355.398	1	3450	3450	2.467087e-05	2.582089	2.582055	0.000000	0.003419	0.000000	2.732085	2.728470	2.728435							0.800000	2	0.010000	0.000000	0.000000	0.000000	0.000000	-0.011884	1.109464	-4.458387	7.215246	1.000000	0.000000	1.708244	0.478871	0.001255	0.000000	1.000000	0.000000	-0.049738	0.233830	-0.049455	0.213466	5.763597	1.233834	2.000000	2.000000	0.166667	0.352684	0.605057	1.000000	0.000000	0.762413	[0.069899, 0.064307, 0.056018, 0.056478, 0.069827, 0.053207, 0.0707, 0.075134, 0.05242, 0.05706, 0.057114, 0.065484, 0.069949, 0.052458, 0.060074, 0.069872]	[0.076065, 0.0725, 0.057639, 0.053426, 0.090741, 0.043819, 0.073264, 0.067083, 0.045718, 0.047708, 0.05544, 0.061551, 0.070648, 0.049722, 0.053194, 0.081481]	15.166667	225.000003	4.442794	601.995516	0.996581	[251.495712, 257.386505, 215.874557, 197.746124, 304.450531, 184.64566, 282.708832, 230.6716, 178.218201, 174.606781, 204.720444, 239.057968, 237.683517, 182.196457, 185.702927, 272.834381]
1776965434.325	1	3500	3500	2.369755e-05	2.652844	2.652809	0.000000	0.003422	0.000000	2.752922	2.744605	2.744571							0.800000	2	0.010000	0.000000	0.000000	0.000000	0.000000	-0.004879	1.117956	-4.489899	7.589519	1.000000	0.000000	1.689260	0.487302	0.001235	0.000000	1.000000	0.000000	-0.049737	0.233945	-0.049455	0.213466	5.836091	1.213591	2.000000	2.000000	0.164062	0.363463	0.611140	1.000000	0.000000	0.721230	[0.067231, 0.066927, 0.057583, 0.055934, 0.068371, 0.051587, 0.074434, 0.069343, 0.052513, 0.059049, 0.058902, 0.064471, 0.069533, 0.054686, 0.059638, 0.069799]	[0.070833, 0.07375, 0.06162, 0.052708, 0.082731, 0.0425, 0.079792, 0.063704, 0.043912, 0.053218, 0.056852, 0.063356, 0.070093, 0.05287, 0.052454, 0.079606]	15.041667	224.999999	3.813284	600.944464	0.996578	[253.155396, 255.523193, 208.573456, 207.620209, 318.722137, 175.033005, 292.592407, 228.130234, 183.390839, 175.415771, 198.617157, 224.32193, 229.710663, 174.736923, 186.740723, 287.716034]
1776965512.120	1	3550	3550	2.274551e-05	2.925073	2.925039	0.000000	0.003429	0.000000	2.764703	2.760508	2.760474							0.800000	2	0.010000	0.000000	0.000000	0.000000	0.000000	-0.006999	1.113218	-4.478335	7.083968	1.000000	0.000000	1.664523	0.497149	0.001389	0.000000	1.000000	0.000000	-0.049727	0.234053	-0.049455	0.213466	5.837253	1.177483	2.000000	2.000000	0.164062	0.377112	0.617186	1.000000	0.000000	0.708469	[0.066874, 0.067022, 0.059264, 0.060266, 0.066471, 0.054162, 0.071594, 0.06921, 0.052691, 0.059047, 0.058531, 0.064694, 0.070491, 0.053487, 0.05742, 0.068774]	[0.071968, 0.073218, 0.064931, 0.056574, 0.078287, 0.044514, 0.079097, 0.062477, 0.045648, 0.052106, 0.055324, 0.062708, 0.070903, 0.051921, 0.048958, 0.081366]	15.416667	225.000000	5.206843	576.877650	0.996571	[255.06958, 253.050262, 217.190292, 191.38028, 288.974365, 182.935089, 291.070496, 245.950562, 178.465439, 193.183884, 201.241333, 224.476013, 234.163437, 192.641632, 173.66861, 276.538818]
1776965596.814	1	3600	3600	2.181578e-05	2.817772	2.817737	0.000000	0.003437	0.000000	2.733790	2.745304	2.745270	2.437714	2.437714	0.000000	0.000000	0.000000	11.446846	0.800000	2	0.010000	0.000000	0.000000	0.000000	0.000000	-0.004422	1.101414	-4.542477	6.954412	1.000000	0.000000	1.682179	0.491688	0.001452	0.000000	1.000000	0.000000	-0.049721	0.234308	-0.049455	0.213466	5.811987	1.179561	2.000000	2.000000	0.161458	0.370532	0.612845	1.000000	0.000000	0.707677	[0.066394, 0.067417, 0.060286, 0.061722, 0.064768, 0.053259, 0.071397, 0.071118, 0.051208, 0.056768, 0.05937, 0.063234, 0.071375, 0.056533, 0.057034, 0.068116]	[0.070602, 0.072384, 0.065231, 0.063403, 0.07375, 0.045903, 0.074329, 0.063125, 0.04463, 0.050208, 0.061412, 0.060162, 0.073403, 0.055787, 0.050046, 0.075625]	15.375000	225.000001	4.347387	571.922768	0.996563	[254.600433, 250.014282, 237.168808, 199.166977, 274.873169, 194.039856, 262.366516, 249.294724, 180.925766, 179.419464, 197.315353, 232.518066, 233.895737, 193.331909, 187.70871, 273.360352]
1776965676.502	1	3650	3650	2.090930e-05	2.858274	2.858239	0.000000	0.003441	0.000000	2.744665	2.745392	2.745358							0.800000	2	0.010000	0.000000	0.000000	0.000000	0.000000	-0.009640	1.113346	-4.587873	7.255351	1.000000	0.000000	1.677080	0.493085	0.001295	0.000000	1.000000	0.000000	-0.049716	0.234460	-0.049455	0.213466	5.843176	1.180111	2.000000	2.000000	0.158854	0.371048	0.615123	1.000000	0.000000	0.682865	[0.065505, 0.065189, 0.059583, 0.060375, 0.068296, 0.057895, 0.06942, 0.065552, 0.056798, 0.058312, 0.057565, 0.066896, 0.068076, 0.052394, 0.060724, 0.06742]	[0.070995, 0.070949, 0.065787, 0.061991, 0.077963, 0.050463, 0.071019, 0.055671, 0.05287, 0.048241, 0.057153, 0.066597, 0.069769, 0.050856, 0.054352, 0.075324]	15.125000	225.000000	4.564162	587.157056	0.996559	[263.394897, 260.076172, 219.869598, 208.199753, 277.71405, 169.620239, 276.093475, 243.02977, 162.564362, 191.82724, 199.926483, 230.324509, 229.083344, 194.783508, 185.510803, 287.981934]
1776965757.623	1	3700	3700	2.002705e-05	2.805608	2.805573	0.000000	0.003446	0.000000	2.702604	2.719328	2.719294							0.800000	2	0.010000	0.000000	0.000000	0.000000	0.000000	-0.008648	1.093398	-4.280379	7.067155	1.000000	0.000000	1.681382	0.492140	0.001108	0.000000	1.000000	0.000000	-0.049712	0.234237	-0.049455	0.213466	5.756806	1.146628	2.000000	2.000000	0.161458	0.371886	0.612394	1.000000	0.000000	0.686907	[0.065447, 0.066148, 0.05803, 0.057288, 0.063159, 0.058541, 0.069665, 0.070764, 0.054589, 0.05992, 0.058945, 0.065993, 0.067556, 0.057127, 0.060214, 0.066615]	[0.070532, 0.074329, 0.06456, 0.058866, 0.067269, 0.050116, 0.074653, 0.066273, 0.048194, 0.053634, 0.059421, 0.060972, 0.065625, 0.055694, 0.055463, 0.074398]	15.333333	224.999999	4.177411	597.267092	0.996554	[250.236633, 260.244476, 222.210495, 202.657654, 278.255859, 172.652863, 279.546082, 257.358826, 183.950958, 186.464783, 183.274216, 231.671692, 239.824265, 196.401718, 195.727829, 259.521729]
1776965836.331	1	3750	3750	1.916994e-05	2.793323	2.793288	0.000000	0.003452	0.000000	2.728712	2.723428	2.723394							0.800000	2	0.010000	0.000000	0.000000	0.000000	0.000000	-0.008594	1.110206	-4.610185	7.006277	1.000000	0.000000	1.692312	0.486461	0.001281	0.000000	1.000000	0.000000	-0.049706	0.234545	-0.049455	0.213466	5.795392	1.223939	2.000000	2.000000	0.166667	0.364228	0.608693	1.000000	0.000000	0.701809	[0.069593, 0.064053, 0.060122, 0.060103, 0.069214, 0.056032, 0.071656, 0.070911, 0.052316, 0.057245, 0.060952, 0.06604, 0.067295, 0.054855, 0.054225, 0.065386]	[0.080417, 0.071134, 0.063333, 0.057824, 0.083241, 0.048657, 0.075972, 0.06419, 0.043773, 0.049769, 0.058218, 0.063125, 0.066042, 0.053056, 0.046551, 0.074699]	15.333333	224.999999	2.600559	567.153492	0.996548	[263.845856, 255.45462, 217.671875, 197.900558, 278.707031, 187.944809, 284.641205, 250.240036, 174.538513, 194.769775, 196.170532, 220.849899, 238.151947, 198.879608, 179.103806, 261.130005]
1776965919.928	1	3800	3800	1.833888e-05	2.613039	2.613004	0.000000	0.003458	0.000000	2.770780	2.744867	2.744832	2.431998	2.431998	0.000000	0.000000	0.000000	11.381595	0.800000	2	0.010000	0.000000	0.000000	0.000000	0.000000	-0.007584	1.104705	-4.697048	7.254134	1.000000	0.000000	1.680641	0.491665	0.001312	0.000000	1.000000	0.000000	-0.049703	0.234935	-0.049455	0.213466	5.820209	1.168097	2.000000	2.000000	0.158854	0.369919	0.613412	1.000000	0.000000	0.687584	[0.065779, 0.064043, 0.056733, 0.057492, 0.069381, 0.056547, 0.07, 0.073451, 0.053055, 0.060942, 0.056176, 0.067934, 0.071401, 0.054407, 0.058634, 0.064026]	[0.068542, 0.071319, 0.058218, 0.056458, 0.078032, 0.050787, 0.073634, 0.06706, 0.048866, 0.05331, 0.054259, 0.068032, 0.074005, 0.055579, 0.051088, 0.07081]	15.291667	225.000001	4.548667	562.265238	0.996542	[255.820969, 239.869797, 210.239227, 194.467285, 279.78418, 188.522919, 305.323303, 246.814499, 183.206833, 196.506516, 193.841553, 221.485199, 237.87114, 198.655762, 182.396164, 265.194763]
1776965999.445	1	3850	3850	1.753473e-05	2.851831	2.851796	0.000000	0.003464	0.000000	2.735213	2.739416	2.739381							0.800000	2	0.010000	0.000000	0.000000	0.000000	0.000000	-0.008670	1.107474	-4.599643	7.274692	1.000000	0.000000	1.676280	0.492691	0.001165	0.000000	1.000000	0.000000	-0.049700	0.234942	-0.049455	0.213466	5.819642	1.197076	2.000000	2.000000	0.169271	0.371483	0.613899	1.000000	0.000000	0.714729	[0.064623, 0.065356, 0.05745, 0.055438, 0.068721, 0.057818, 0.072121, 0.072941, 0.051856, 0.062646, 0.057371, 0.065035, 0.069052, 0.05371, 0.059196, 0.066667]	[0.070718, 0.071088, 0.060995, 0.051134, 0.077014, 0.055046, 0.074954, 0.067292, 0.045648, 0.056273, 0.053426, 0.062824, 0.06875, 0.052801, 0.052361, 0.079676]	15.291667	225.000002	3.899712	602.880867	0.996536	[254.051392, 250.712936, 217.114777, 210.732483, 288.956757, 185.314941, 290.175659, 251.838287, 163.544769, 183.908569, 204.135803, 212.626678, 240.394745, 186.515289, 177.742661, 282.234375]
1776966079.317	1	3900	3900	1.675834e-05	2.550454	2.550419	0.000000	0.003467	0.000000	2.736218	2.728688	2.728653							0.800000	2	0.010000	0.000000	0.000000	0.000000	0.000000	-0.010331	1.112328	-4.644999	7.281655	1.000000	0.000000	1.701262	0.482138	0.001121	0.000000	1.000000	0.000000	-0.049700	0.235104	-0.049455	0.213466	5.823631	1.229249	2.000000	2.000000	0.161458	0.356267	0.608008	1.000000	0.000000	0.695029	[0.069372, 0.064917, 0.058643, 0.05849, 0.067673, 0.056536, 0.07147, 0.074188, 0.052336, 0.061366, 0.056561, 0.064638, 0.065953, 0.053014, 0.060142, 0.064701]	[0.076019, 0.072269, 0.067269, 0.05669, 0.077546, 0.050023, 0.077477, 0.068704, 0.044074, 0.054815, 0.051528, 0.06331, 0.064051, 0.049074, 0.051875, 0.075278]	15.291667	225.000002	3.969392	593.637038	0.996533	[261.596375, 247.982468, 220.48996, 202.402039, 287.795288, 167.964005, 295.013, 246.696518, 176.417969, 200.126816, 193.684723, 220.141357, 235.234131, 195.399033, 177.695648, 271.360779]
1776966157.591	1	3950	3950	1.601052e-05	2.692335	2.692300	0.000000	0.003466	0.000000	2.763076	2.745101	2.745066							0.800000	2	0.010000	0.000000	0.000000	0.000000	0.000000	-0.011143	1.095156	-4.378352	6.967042	1.000000	0.000000	1.685780	0.489952	0.001005	0.000000	1.000000	0.000000	-0.049703	0.235272	-0.049455	0.213466	5.766203	1.192168	2.000000	2.000000	0.171875	0.369329	0.610575	1.000000	0.000000	0.726539	[0.06651, 0.065083, 0.05509, 0.054517, 0.066212, 0.055052, 0.071717, 0.073486, 0.052999, 0.061196, 0.056642, 0.067785, 0.071188, 0.055092, 0.058416, 0.069015]	[0.067662, 0.070069, 0.059537, 0.051458, 0.079097, 0.045509, 0.074352, 0.069653, 0.046551, 0.054306, 0.053472, 0.065718, 0.071181, 0.056134, 0.051319, 0.083981]	15.291667	224.999999	4.084439	562.441107	0.996534	[250.170517, 240.314011, 217.076111, 202.090988, 280.579956, 181.273102, 282.332153, 238.201538, 175.544907, 197.766693, 203.640625, 224.244598, 241.891647, 200.838593, 185.321899, 278.712769]
1776966241.244	1	4000	4000	1.529206e-05	2.789921	2.789887	0.000000	0.003465	0.000000	2.710788	2.716487	2.716452	2.429999	2.429999	0.000000	0.000000	0.000000	11.358871	0.800000	2	0.010000	0.000000	0.000000	0.000000	0.000000	-0.006807	1.096465	-4.561768	7.125205	1.000000	0.000000	1.680645	0.492332	0.001313	0.000000	1.000000	0.000000	-0.049700	0.235523	-0.049455	0.213466	5.746664	1.168581	2.000000	2.000000	0.164062	0.372407	0.612256	1.000000	0.000000	0.734379	[0.069484, 0.064958, 0.059132, 0.056684, 0.068234, 0.054238, 0.069378, 0.070238, 0.05324, 0.06122, 0.06265, 0.064937, 0.069246, 0.055154, 0.055504, 0.065704]	[0.077431, 0.071782, 0.063333, 0.054097, 0.080486, 0.045093, 0.071574, 0.062847, 0.048727, 0.054907, 0.064282, 0.059653, 0.068981, 0.053495, 0.048403, 0.074907]	15.333333	224.999999	2.801960	594.752129	0.996535	[262.34729, 252.015366, 220.492188, 197.118164, 282.518921, 165.873718, 276.721619, 245.421387, 183.447083, 199.045883, 196.332687, 226.171066, 245.771698, 199.491058, 175.763245, 271.468689]
1776966321.535	1	4050	4050	1.460371e-05	3.051540	3.051506	0.000000	0.003467	0.000000	2.735998	2.741927	2.741892							0.800000	2	0.010000	0.000000	0.000000	0.000000	0.000000	-0.011569	1.095101	-4.688150	6.951016	1.000000	0.000000	1.706452	0.481354	0.001470	0.000000	1.000000	0.000000	-0.049697	0.235804	-0.049455	0.213466	5.729774	1.185266	2.000000	2.000000	0.161458	0.356390	0.606319	1.000000	0.000000	0.742769	[0.069677, 0.064256, 0.058702, 0.057336, 0.067692, 0.056384, 0.068297, 0.074248, 0.05466, 0.05581, 0.058914, 0.06588, 0.066919, 0.056499, 0.0531, 0.071626]	[0.080718, 0.067477, 0.064931, 0.053819, 0.087708, 0.04787, 0.06662, 0.070301, 0.046551, 0.044722, 0.057037, 0.063403, 0.063403, 0.05581, 0.042153, 0.087477]	15.083333	225.000000	2.427541	566.990598	0.996533	[244.166229, 251.539474, 225.302185, 199.220581, 274.066071, 176.759766, 283.78302, 246.74472, 181.376373, 190.183167, 209.561691, 235.161911, 236.70639, 201.595215, 177.018158, 266.815125]
1776966400.072	1	4100	4100	1.394619e-05	2.993128	2.993093	0.000000	0.003467	0.000000	2.727177	2.730468	2.730433							0.800000	2	0.010000	0.000000	0.000000	0.000000	0.000000	-0.012617	1.106347	-4.640795	7.055823	1.000000	0.000000	1.748686	0.464044	0.001218	0.000000	1.000000	0.000000	-0.049695	0.235805	-0.049455	0.213466	5.715869	1.251279	2.000000	2.000000	0.156250	0.334437	0.593651	1.000000	0.000000	0.820484	[0.068194, 0.061287, 0.059231, 0.056082, 0.073969, 0.052972, 0.071557, 0.071221, 0.049035, 0.057375, 0.057953, 0.069143, 0.070152, 0.053218, 0.056078, 0.072533]	[0.079653, 0.063472, 0.063287, 0.047755, 0.100347, 0.045556, 0.070486, 0.061343, 0.037407, 0.04669, 0.055324, 0.06706, 0.070463, 0.05088, 0.045324, 0.094954]	15.375000	224.999999	2.365475	582.919781	0.996533	[243.809113, 237.459808, 221.717285, 205.43779, 267.907684, 180.124924, 280.127228, 245.98938, 193.68811, 193.851074, 193.450684, 238.810547, 248.134705, 201.153259, 183.931747, 264.406738]
1776966480.824	1	4150	4150	1.332019e-05	2.903133	2.903098	0.000000	0.003469	0.000000	2.750130	2.743666	2.743631							0.800000	2	0.010000	0.000000	0.000000	0.000000	0.000000	-0.009127	1.105104	-4.523438	7.071712	1.000000	0.000000	1.685735	0.489273	0.001240	0.000000	1.000000	0.000000	-0.049691	0.235930	-0.049455	0.213466	5.801178	1.187481	2.000000	2.000000	0.161458	0.367207	0.611339	1.000000	0.000000	0.705975	[0.066163, 0.06684, 0.060299, 0.058514, 0.06711, 0.055343, 0.070876, 0.06938, 0.054699, 0.059338, 0.061785, 0.062349, 0.068472, 0.055504, 0.054596, 0.068731]	[0.071736, 0.070787, 0.064306, 0.055856, 0.077106, 0.048981, 0.078287, 0.060764, 0.049815, 0.052778, 0.06169, 0.05669, 0.067384, 0.05544, 0.045255, 0.083125]	15.250000	225.000001	4.243249	570.380060	0.996531	[262.111206, 251.537354, 221.044281, 202.418137, 285.205627, 173.874908, 292.029846, 240.658493, 170.102432, 196.277008, 194.829956, 222.595444, 234.840454, 197.248077, 183.522614, 271.704224]
1776966564.063	1	4200	4200	1.272638e-05	2.817649	2.817615	0.000000	0.003471	0.000000	2.715437	2.728040	2.728006	2.422272	2.422272	0.000000	0.000000	0.000000	11.271439	0.800000	2	0.010000	0.000000	0.000000	0.000000	0.000000	-0.010373	1.100416	-4.697761	7.076529	1.000000	0.000000	1.676017	0.493855	0.001178	0.000000	1.000000	0.000000	-0.049693	0.236069	-0.049455	0.213466	5.786313	1.185542	2.000000	2.000000	0.158854	0.374770	0.612941	1.000000	0.000000	0.696815	[0.066533, 0.063592, 0.057864, 0.054183, 0.06387, 0.058098, 0.074222, 0.072246, 0.051735, 0.061581, 0.058188, 0.068639, 0.067059, 0.061369, 0.05766, 0.063161]	[0.06956, 0.069028, 0.063264, 0.052755, 0.073657, 0.049074, 0.078194, 0.067083, 0.044583, 0.054838, 0.053403, 0.066204, 0.068681, 0.062755, 0.052338, 0.074583]	14.958333	224.999998	2.342954	591.251464	0.996529	[266.873352, 245.78009, 226.02771, 207.996078, 285.40863, 170.551147, 284.184784, 234.847412, 177.297836, 194.381226, 195.590988, 214.108276, 245.147873, 188.774719, 182.766205, 280.263733]
1776966644.971	1	4250	4250	1.216536e-05	2.750729	2.750695	0.000000	0.003470	0.000000	2.717902	2.722328	2.722294							0.800000	2	0.010000	0.000000	0.000000	0.000000	0.000000	-0.006191	1.094504	-4.441810	7.216986	1.000000	0.000000	1.682140	0.490744	0.001398	0.000000	1.000000	0.000000	-0.049691	0.236105	-0.049455	0.213466	5.762894	1.170934	2.000000	2.000000	0.164062	0.370529	0.610959	1.000000	0.000000	0.711422	[0.067335, 0.06314, 0.059293, 0.057401, 0.065761, 0.052492, 0.071113, 0.071685, 0.055003, 0.05777, 0.059144, 0.06447, 0.073005, 0.055795, 0.059567, 0.067027]	[0.072801, 0.071204, 0.063634, 0.055, 0.078426, 0.041713, 0.074769, 0.066319, 0.051019, 0.050486, 0.059907, 0.059954, 0.074514, 0.053125, 0.053565, 0.073565]	15.291667	224.999999	3.994193	600.142806	0.996530	[251.061096, 251.627304, 231.923218, 204.973602, 270.767761, 172.179962, 289.175201, 236.949493, 159.781418, 191.641968, 194.900146, 223.29895, 247.651428, 200.291428, 188.633652, 285.143494]
1776966726.873	1	4300	4300	1.163774e-05	3.006662	3.006627	0.000000	0.003472	0.000000	2.779374	2.752659	2.752624							0.800000	2	0.010000	0.000000	0.000000	0.000000	0.000000	-0.007425	1.100398	-4.587857	7.153357	1.000000	0.000000	1.680365	0.492498	0.001207	0.000000	1.000000	0.000000	-0.049690	0.236143	-0.049455	0.213466	5.768469	1.171645	2.000000	2.000000	0.171875	0.371091	0.613904	1.000000	0.000000	0.733906	[0.069936, 0.0649, 0.05931, 0.058886, 0.067939, 0.052125, 0.074158, 0.070061, 0.055292, 0.059151, 0.057721, 0.066221, 0.070412, 0.05398, 0.053579, 0.066327]	[0.074954, 0.070069, 0.066458, 0.05544, 0.080301, 0.045185, 0.079769, 0.062708, 0.05088, 0.051273, 0.057407, 0.061227, 0.070532, 0.052824, 0.046366, 0.074606]	15.208333	225.000001	3.876580	605.281635	0.996528	[255.78949, 263.208191, 211.02446, 196.393768, 289.061707, 176.138412, 291.385254, 233.479095, 187.924973, 191.285126, 193.773239, 228.922699, 231.029343, 187.811203, 180.746582, 282.026489]
1776966807.123	1	4350	4350	1.114406e-05	2.781662	2.781627	0.000000	0.003473	0.000000	2.727675	2.736873	2.736838							0.800000	2	0.010000	0.000000	0.000000	0.000000	0.000000	-0.014351	1.099150	-4.559472	7.135679	1.000000	0.000000	1.740486	0.468147	0.001344	0.000000	1.000000	0.000000	-0.049690	0.235989	-0.049455	0.213466	5.716965	1.226185	2.000000	2.000000	0.161458	0.340876	0.595417	1.000000	0.000000	0.741058	[0.067848, 0.063683, 0.056425, 0.056948, 0.070146, 0.057003, 0.071249, 0.075277, 0.052876, 0.058056, 0.056993, 0.070933, 0.063796, 0.054912, 0.057373, 0.066484]	[0.07537, 0.067546, 0.063958, 0.051806, 0.087685, 0.049907, 0.077199, 0.071644, 0.043588, 0.047431, 0.049606, 0.072014, 0.06213, 0.052616, 0.047986, 0.079514]	15.250000	225.000001	3.396070	580.443907	0.996528	[251.015686, 255.555298, 218.618805, 210.847824, 278.544952, 180.797546, 274.909851, 245.473572, 180.167694, 183.132431, 203.396225, 229.925262, 239.01152, 196.80188, 185.243774, 266.5578]
1776966891.372	1	4400	4400	1.068484e-05	2.886705	2.886670	0.000000	0.003476	0.000000	2.729696	2.732066	2.732031	2.424648	2.424648	0.000000	0.000000	0.000000	11.298257	0.800000	2	0.010000	0.000000	0.000000	0.000000	0.000000	-0.009603	1.107967	-4.498922	7.205120	1.000000	0.000000	1.682597	0.489891	0.001418	0.000000	1.000000	0.000000	-0.049689	0.236115	-0.049455	0.213466	5.785138	1.160458	2.000000	2.000000	0.158854	0.366827	0.612955	1.000000	0.000000	0.716651	[0.064727, 0.063738, 0.061732, 0.05636, 0.067816, 0.055658, 0.072184, 0.07095, 0.05161, 0.062323, 0.055909, 0.06735, 0.069583, 0.052946, 0.060395, 0.066718]	[0.066713, 0.069606, 0.066667, 0.052338, 0.08294, 0.048241, 0.075023, 0.065787, 0.044606, 0.055949, 0.053519, 0.065833, 0.070231, 0.050162, 0.055185, 0.077199]	15.250000	225.000000	3.124020	611.252626	0.996524	[250.84079, 240.136963, 222.1604, 196.946136, 303.291595, 194.521469, 289.799072, 242.475739, 174.178009, 183.39328, 183.595154, 234.293121, 228.070541, 192.775421, 178.812012, 284.710449]
1776966972.683	1	4450	4450	1.026056e-05	2.617965	2.617931	0.000000	0.003475	0.000000	2.695313	2.707968	2.707933							0.800000	2	0.010000	0.000000	0.000000	0.000000	0.000000	-0.010715	1.117602	-4.602478	7.539334	1.000000	0.000000	1.669182	0.495669	0.001058	0.000000	1.000000	0.000000	-0.049689	0.236096	-0.049455	0.213466	5.796084	1.213507	2.000000	2.000000	0.158854	0.373977	0.617361	1.000000	0.000000	0.728249	[0.070195, 0.065138, 0.054147, 0.055656, 0.072966, 0.055684, 0.073509, 0.068262, 0.054416, 0.062004, 0.057293, 0.066433, 0.065296, 0.053895, 0.057918, 0.067189]	[0.076227, 0.071806, 0.056574, 0.051713, 0.089583, 0.049074, 0.074491, 0.062986, 0.048032, 0.056204, 0.056551, 0.061736, 0.065509, 0.052407, 0.050625, 0.076481]	15.416667	225.000001	3.477524	567.957439	0.996525	[253.40918, 241.681671, 219.730026, 201.894897, 280.937073, 168.260315, 293.629761, 252.720444, 177.292572, 185.676025, 213.367737, 212.895554, 240.727341, 205.925598, 183.770813, 268.081055]
1776967050.383	1	4500	4500	9.871670e-06	2.750672	2.750637	0.000000	0.003477	0.000000	2.702798	2.705610	2.705575							0.800000	2	0.010000	0.000000	0.000000	0.000000	0.000000	-0.009630	1.113172	-4.502815	7.578488	1.000000	0.000000	1.657937	0.499714	0.001325	0.000000	1.000000	0.000000	-0.049688	0.236296	-0.049455	0.213466	5.819713	1.196666	2.000000	2.000000	0.161458	0.380182	0.619247	1.000000	0.000000	0.717042	[0.064724, 0.064463, 0.059062, 0.057914, 0.068643, 0.054524, 0.070958, 0.071429, 0.054293, 0.061837, 0.055317, 0.067373, 0.06832, 0.054418, 0.059018, 0.067708]	[0.064583, 0.070486, 0.063009, 0.055949, 0.08088, 0.048356, 0.07331, 0.065741, 0.047616, 0.054676, 0.051366, 0.065718, 0.06831, 0.056944, 0.05294, 0.080116]	15.333333	225.000001	2.159366	562.955594	0.996523	[262.486725, 246.850433, 220.220978, 199.754089, 272.501709, 180.922409, 283.380188, 256.259583, 170.422302, 184.232895, 208.140427, 218.717026, 234.770981, 206.262512, 191.040863, 264.037048]
1776967128.753	1	4550	4550	9.518576e-06	2.990314	2.990280	0.000000	0.003478	0.000000	2.756209	2.740650	2.740615							0.800000	2	0.010000	0.000000	0.000000	0.000000	0.000000	-0.009165	1.091831	-4.486099	6.865603	1.000000	0.000000	1.688097	0.489541	0.001165	0.000000	1.000000	0.000000	-0.049689	0.236374	-0.049455	0.213466	5.742321	1.158130	2.000000	2.000000	0.161458	0.367645	0.611438	1.000000	0.000000	0.707324	[0.06453, 0.062764, 0.058082, 0.06007, 0.066841, 0.054571, 0.070806, 0.071351, 0.052895, 0.061753, 0.057797, 0.07012, 0.069374, 0.054661, 0.058139, 0.066246]	[0.064097, 0.067778, 0.06287, 0.059421, 0.082546, 0.044722, 0.073704, 0.067292, 0.047523, 0.056875, 0.055671, 0.069144, 0.068588, 0.055602, 0.050093, 0.074074]	15.041667	224.999999	3.652602	600.743642	0.996522	[269.032288, 253.887177, 220.693115, 193.977936, 291.413269, 179.737289, 284.390106, 257.227997, 190.066864, 177.34758, 194.254745, 237.865692, 217.63324, 184.452011, 169.727829, 278.29303]
1776967214.998	1	4600	4600	9.201649e-06	2.773352	2.773318	0.000000	0.003477	0.000000	2.709855	2.724119	2.724084	2.422258	2.422258	0.000000	0.000000	0.000000	11.271278	0.800000	2	0.010000	0.000000	0.000000	0.000000	0.000000	-0.009676	1.099955	-4.595595	7.419403	1.000000	0.000000	1.687099	0.489278	0.001160	0.000000	1.000000	0.000000	-0.049689	0.236283	-0.049455	0.213466	5.738378	1.186707	2.000000	2.000000	0.164062	0.367645	0.610911	1.000000	0.000000	0.695523	[0.065424, 0.066396, 0.054582, 0.05621, 0.067991, 0.055738, 0.07234, 0.07303, 0.053891, 0.061831, 0.057584, 0.066114, 0.067418, 0.055824, 0.059036, 0.066592]	[0.067222, 0.073194, 0.057569, 0.055856, 0.082685, 0.047708, 0.077662, 0.067153, 0.047708, 0.057315, 0.054954, 0.064074, 0.064907, 0.054931, 0.050463, 0.076597]	15.333333	225.000001	2.593353	577.887028	0.996523	[261.131439, 257.229462, 228.538422, 202.315475, 283.677063, 181.520386, 283.155579, 240.417969, 182.613983, 180.942047, 202.62439, 215.297729, 234.701599, 197.497849, 180.689865, 267.64679]
1776967295.569	1	4650	4650	8.921221e-06	3.044371	3.044336	0.000000	0.003479	0.000000	2.723247	2.727388	2.727353							0.800000	2	0.010000	0.000000	0.000000	0.000000	0.000000	-0.006028	1.091506	-4.599253	7.135210	1.000000	0.000000	1.667126	0.497631	0.001296	0.000000	1.000000	0.000000	-0.049687	0.236433	-0.049455	0.213466	5.782409	1.162319	2.000000	2.000000	0.158854	0.378396	0.616866	1.000000	0.000000	0.682096	[0.067942, 0.066111, 0.05775, 0.059143, 0.065621, 0.055702, 0.071171, 0.071943, 0.053394, 0.059781, 0.058864, 0.064243, 0.0703, 0.057644, 0.054872, 0.065519]	[0.071597, 0.07294, 0.060093, 0.059306, 0.075208, 0.046597, 0.074722, 0.066157, 0.046944, 0.054375, 0.057292, 0.057407, 0.072014, 0.061644, 0.048403, 0.075301]	15.250000	224.999999	3.688566	630.478285	0.996521	[262.582733, 246.874634, 211.082687, 209.730865, 308.383667, 177.864471, 276.820679, 252.170044, 167.744965, 177.945724, 193.239426, 230.778748, 224.963242, 185.272247, 182.540558, 292.005371]
1776967378.303	1	4700	4700	8.677586e-06	2.724563	2.724528	0.000000	0.003480	0.000000	2.702156	2.714404	2.714370							0.800000	2	0.010000	0.000000	0.000000	0.000000	0.000000	-0.011455	1.110479	-4.606656	7.143480	1.000000	0.000000	1.689037	0.488387	0.001446	0.000000	1.000000	0.000000	-0.049684	0.236470	-0.049455	0.213466	5.797599	1.202365	2.000000	2.000000	0.151042	0.365528	0.611245	1.000000	0.000000	0.695806	[0.064306, 0.064056, 0.05925, 0.056339, 0.068795, 0.053753, 0.071443, 0.071533, 0.053274, 0.063702, 0.054293, 0.068412, 0.070296, 0.055114, 0.057041, 0.068395]	[0.068287, 0.070463, 0.060856, 0.053056, 0.084074, 0.045648, 0.073588, 0.06463, 0.049815, 0.056065, 0.049699, 0.066458, 0.071111, 0.056042, 0.050069, 0.080139]	15.375000	225.000000	3.531372	582.507520	0.996520	[259.392273, 251.242035, 221.425659, 203.24437, 291.150574, 171.913361, 282.546692, 238.842758, 182.778732, 190.404205, 197.334885, 218.24382, 234.024445, 199.21312, 181.272797, 276.970337]
1776967458.093	1	4750	4750	8.470998e-06	2.703333	2.703298	0.000000	0.003482	0.000000	2.774203	2.750447	2.750412							0.800000	2	0.010000	0.000000	0.000000	0.000000	0.000000	-0.008935	1.108213	-4.626770	7.093097	1.000000	0.000000	1.661113	0.499237	0.001024	0.000000	1.000000	0.000000	-0.049680	0.236504	-0.049455	0.213466	5.819004	1.172686	2.000000	2.000000	0.158854	0.380329	0.618144	1.000000	0.000000	0.677646	[0.065456, 0.064054, 0.055492, 0.054497, 0.064263, 0.056945, 0.072625, 0.071917, 0.0568, 0.061441, 0.060568, 0.066186, 0.068965, 0.058555, 0.057065, 0.065173]	[0.069236, 0.071319, 0.060833, 0.051273, 0.071736, 0.047222, 0.078472, 0.065278, 0.054167, 0.056157, 0.057454, 0.062708, 0.070602, 0.060324, 0.049745, 0.073472]	15.416667	224.999999	2.856442	593.062939	0.996518	[261.198486, 253.86731, 214.433899, 204.456665, 285.341187, 161.717636, 286.597656, 242.322006, 169.296692, 184.798264, 205.407959, 208.701385, 244.967041, 202.201935, 197.678513, 277.013489]
1776967544.982	1	4800	4800	8.301676e-06	3.011738	3.011703	0.000000	0.003485	0.000000	2.753833	2.751082	2.751047	2.419807	2.419807	0.000000	0.000000	0.000000	11.243689	0.800000	2	0.010000	0.000000	0.000000	0.000000	0.000000	-0.011738	1.095868	-4.605395	6.893109	1.000000	0.000000	1.714623	0.478226	0.001235	0.000000	1.000000	0.000000	-0.049679	0.236594	-0.049455	0.213466	5.718564	1.182071	2.000000	2.000000	0.156250	0.351779	0.604674	1.000000	0.000000	0.778591	[0.068326, 0.063605, 0.059489, 0.061473, 0.07348, 0.054852, 0.068979, 0.072802, 0.050253, 0.056413, 0.055457, 0.068099, 0.068125, 0.050491, 0.057307, 0.07085]	[0.074097, 0.068009, 0.060903, 0.061759, 0.097361, 0.052037, 0.071644, 0.064514, 0.04088, 0.045671, 0.053148, 0.06338, 0.06706, 0.047361, 0.046875, 0.085301]	15.208333	224.999999	3.397416	597.523267	0.996515	[242.644226, 250.044617, 219.514099, 205.475464, 278.735016, 177.117722, 272.966064, 246.425964, 175.360031, 186.025314, 208.948273, 228.343781, 248.134689, 204.395294, 193.066132, 262.803314]
1776967631.124	1	4850	4850	8.169797e-06	2.737110	2.737075	0.000000	0.003485	0.000000	2.737358	2.741104	2.741069							0.800000	2	0.010000	0.000000	0.000000	0.000000	0.000000	-0.007676	1.114720	-4.803285	7.616169	1.000000	0.000000	1.677760	0.491713	0.001105	0.000000	1.000000	0.000000	-0.049679	0.236662	-0.049455	0.213466	5.854386	1.211286	2.000000	2.000000	0.158854	0.368973	0.614453	1.000000	0.000000	0.681757	[0.068697, 0.066386, 0.05938, 0.055836, 0.064054, 0.054697, 0.071835, 0.071588, 0.055466, 0.061047, 0.057571, 0.064419, 0.066768, 0.057593, 0.058154, 0.066508]	[0.072269, 0.077153, 0.067523, 0.05294, 0.073079, 0.044792, 0.074375, 0.066088, 0.049977, 0.053056, 0.050671, 0.059977, 0.068287, 0.058773, 0.050347, 0.080694]	15.291667	224.999999	4.143006	561.122791	0.996515	[246.833405, 247.58432, 222.618515, 202.763947, 294.039917, 173.166107, 275.845917, 240.561279, 184.143066, 194.772141, 202.917084, 226.162643, 236.688995, 197.12558, 182.504562, 272.272614]
1776967714.945	1	4900	4900	8.075498e-06	2.682462	2.682427	0.000000	0.003486	0.000000	2.726102	2.730075	2.730040							0.800000	2	0.010000	0.000000	0.000000	0.000000	0.000000	-0.008252	1.090877	-4.527362	7.041430	1.000000	0.000000	1.713375	0.479271	0.001347	0.000000	1.000000	0.000000	-0.049677	0.236709	-0.049455	0.213466	5.736560	1.180626	2.000000	2.000000	0.158854	0.354461	0.604082	1.000000	0.000000	0.720522	[0.070793, 0.066973, 0.057835, 0.059723, 0.067816, 0.054238, 0.071378, 0.071328, 0.053549, 0.058507, 0.059632, 0.065444, 0.066769, 0.055419, 0.055314, 0.065283]	[0.079097, 0.070324, 0.062384, 0.058495, 0.080833, 0.045741, 0.073681, 0.060833, 0.045926, 0.053611, 0.057106, 0.062199, 0.068032, 0.057616, 0.045949, 0.078171]	15.250000	225.000001	4.408472	560.065446	0.996514	[252.827515, 248.324692, 215.91124, 203.420624, 282.807037, 178.475067, 299.177002, 240.029755, 179.908127, 197.000732, 201.100693, 213.774506, 230.904709, 199.988251, 181.493042, 274.857117]
1776967797.508	1	4950	4950	8.018880e-06	2.421721	2.421686	0.000000	0.003486	0.000000	2.739456	2.737161	2.737126							0.800000	2	0.010000	0.000000	0.000000	0.000000	0.000000	-0.007515	1.101778	-4.613446	7.246663	1.000000	0.000000	1.703050	0.483371	0.001143	0.000000	1.000000	0.000000	-0.049677	0.236731	-0.049455	0.213466	5.781471	1.216236	2.000000	2.000000	0.151042	0.360989	0.605753	1.000000	0.000000	0.696802	[0.069443, 0.064415, 0.058253, 0.057284, 0.069551, 0.052702, 0.073674, 0.069131, 0.055987, 0.059806, 0.057672, 0.065019, 0.063056, 0.054878, 0.060171, 0.068958]	[0.077315, 0.070625, 0.066458, 0.054537, 0.081667, 0.043218, 0.079537, 0.061713, 0.04912, 0.052639, 0.055023, 0.062153, 0.060903, 0.053472, 0.052407, 0.079213]	15.375000	225.000001	4.151495	570.121115	0.996514	[251.436615, 255.163757, 224.687134, 208.637497, 271.997284, 180.026367, 283.510162, 238.229599, 177.433136, 191.17453, 199.062302, 216.833191, 230.075653, 209.343262, 188.863129, 273.526428]
1776967883.797	1	5000	5000	8.000000e-06	2.442028	2.441993	0.000000	0.003486	0.000000	2.749224	2.738080	2.738045	2.415552	2.415552	0.000000	0.000000	0.000000	11.195951	0.800000	2	0.010000	0.000000	0.000000	0.000000	0.000000	-0.008031	1.107118	-4.562759	7.389341	1.000000	0.000000	1.679748	0.491849	0.001322	0.000000	1.000000	0.000000	-0.049678	0.236682	-0.049455	0.213466	5.787947	1.238097	2.000000	2.000000	0.156250	0.370797	0.612902	1.000000	0.000000	0.701662	[0.064771, 0.06665, 0.060184, 0.056364, 0.067822, 0.058228, 0.070933, 0.069298, 0.057593, 0.059755, 0.059389, 0.066434, 0.065801, 0.052522, 0.055856, 0.0684]	[0.068079, 0.073819, 0.064421, 0.052894, 0.080486, 0.054213, 0.077199, 0.060949, 0.054537, 0.052338, 0.057176, 0.061528, 0.064514, 0.050023, 0.04875, 0.079074]	15.333333	225.000001	2.674864	573.048086	0.996514	[262.742615, 245.188812, 219.028564, 205.85022, 284.37738, 180.857346, 292.475037, 248.731003, 178.358032, 183.456268, 197.547913, 222.324036, 228.817261, 200.665573, 180.655304, 268.924774]
