# run_started_at	20260424_074927
# arg	batch_size	12
# arg	bbh_task	"boolean_expressions"
# arg	bf16	0
# arg	block_size	150
# arg	bnb_4bit_compute_dtype	"float16"
# arg	bnb_4bit_quant_type	"nf4"
# arg	bnb_4bit_use_double_quant	1
# arg	dataset	"siqa"
# arg	device	"cuda"
# arg	epochs	3
# arg	eval_dataset	"siqa"
# arg	eval_every	200
# arg	eval_max_samples	200
# arg	eval_split	"validation"
# arg	fp16	0
# arg	grad_accum	1
# arg	gradient_checkpointing	0
# arg	init_new_router_from_legacy	1
# arg	llm_int8_threshold	6.0
# arg	load_in_4bit	0
# arg	load_in_8bit	0
# arg	load_in_fp16	0
# arg	log_every	50
# arg	lora_alpha	16
# arg	lora_dropout	0.05
# arg	lora_r	16
# arg	lora_target_modules	""
# arg	lr	8e-05
# arg	max_grad_norm	1.0
# arg	min_lr_ratio	0.1
# arg	mix_datasets	"piqa,siqa"
# arg	mmlu_answer_mode	"text"
# arg	mmlu_subjects	"all"
# arg	model_path	"/root/models/Dynamic_MoE"
# arg	num_proc	16
# arg	output_dir	"/mnt/data/models/fv1_siqa"
# arg	redpajama_local_dir	""
# arg	router_anchor_loss_coef	0.01
# arg	router_anchor_momentum	0.99
# arg	router_aux_loss_coef	0.0
# arg	router_budget_end_ratio	1.0
# arg	router_budget_loss_coef	0.0
# arg	router_budget_start_ratio	0.5
# arg	router_budget_target_count	0.0
# arg	router_budget_tau	0.05
# arg	router_context_scale	null
# arg	router_ema_momentum	0.99
# arg	router_entmax_alpha	1.7
# arg	router_lr_mult	1.0
# arg	router_pull_loss_coef	0.0
# arg	router_pull_loss_coef_final	null
# arg	router_pull_loss_schedule_end_ratio	1.0
# arg	router_pull_loss_schedule_start_ratio	0.5
# arg	router_pull_loss_type	"soft"
# arg	router_pull_loss_type_final	""
# arg	router_pull_loss_type_switch_ratio	0.5
# arg	router_pull_temperature	1.0
# arg	router_softmax_temperature	0.8
# arg	router_top_k	2
# arg	router_top_p_final	null
# arg	router_top_p_schedule_end_ratio	1.0
# arg	router_top_p_schedule_start_ratio	0.5
# arg	router_topk	0
# arg	router_use_ema_update	1
# arg	router_use_entmax	0
# arg	router_use_softmax_temperature	1
# arg	router_value_anchor_loss_coef	0.01
# arg	router_z_loss_coef	0.0
# arg	save_every	200
# arg	seed	42
# arg	share_router_expert_embedding	-1
# arg	stage	2
# arg	stage1_data_ratio	0.2
# arg	stage1_distill_temperature	1.0
# arg	stage1_epochs	1
# arg	stage1_grad_accum	1
# arg	stage1_kl_coef	1.0
# arg	stage1_log_every	50
# arg	stage1_logit_coef	1.0
# arg	stage1_logit_loss_type	"huber"
# arg	stage1_lr	0.0002
# arg	stage1_max_grad_norm	1.0
# arg	stage1_teacher_path	""
# arg	stage1_use_logit_loss	1
# arg	stage2_include_validation_in_train	0
# arg	stage2_init_path	"/mnt/data/models/fv1_siqa/ckpt_after_stage1"
# arg	stage2_validation_train_ratio	0.2
# arg	stage2_validation_train_split	"validation"
# arg	stage_split_seed	42
# arg	top_p_threshold	null
# arg	train_extra_params_in_fp32	1
# arg	train_max_samples	null
# arg	train_new_router_params	1
# arg	train_split	"train"
# arg	use_bnb_8bit	0
# arg	use_label	1
# arg	use_router_context	-1
# arg	warmup_ratio	0.03
# arg	weight_decay	0.0
# arg	winogrande_config	"winogrande_xl"
time	epoch	global_step	optim_step	lr	loss	loss_ce	loss_pairwise	loss_anchor	loss_value_anchor	loss_budget	loss_ma50	loss_ema	loss_ce_ema	eval_loss	eval_ce_loss	eval_pairwise_loss	eval_pairwise_acc	eval_pairwise_margin	eval_ppl	pairwise_coef	router_top_k	router_anchor_loss_coef	router_value_anchor_loss_coef	train_pairwise_acc	train_pairwise_margin	train_chosen_score	train_rejected_score	router_score_mean	router_score_std	router_score_min	router_score_max	router_weight_row_sum_mean	router_weight_row_sum_abs_err	router_weight_entropy	router_weight_top1_mass	route_prob_min	route_prob_has_neg	route_prob_row_sum_mean	route_prob_row_sum_abs_err	post_v_entropy	post_v_top1_mass	expert_key_pairwise_cos_mean	expert_key_pairwise_cos_max	expert_anchor_pairwise_cos_mean	expert_anchor_pairwise_cos_max	value_anchor_cosine_mean	value_matrix_row_entropy_mean	value_matrix_diag_mass_mean	token_q_norm_mean	token_q_norm_std	dispatch_avg_selected_count	dispatch_soft_selected_count	dispatch_dead_expert_ratio	dispatch_top1_top2_margin	dispatch_topk_pre_mass_mean	dispatch_topk_post_sum_mean	dispatch_topk_post_sum_abs_err	expert_token_count_cv	dispatch_soft_load	dispatch_hard_load	anchor_active_expert_count	anchor_proto_count_mean	anchor_proto_count_min	anchor_proto_count_max	anchor_key_cosine_mean	anchor_proto_counts	value_anchor_active_expert_count	value_anchor_proto_count_mean	value_anchor_proto_count_min	value_anchor_proto_count_max	value_anchor_cosine_mean_stat	value_anchor_proto_counts
1776988243.975	0	50	50	3.264000e-05	2.676561	2.676405	0.000000	0.012155	0.003507	0.000000	3.491672	3.608691	3.608548							0.800000	2	0.010000	0.010000	0.000000	0.000000	0.000000	0.000000	-0.098684	2.089369	-6.591896	9.836508	1.000000	0.000000	1.374878	0.524420	0.004368	0.000000	1.000000	0.000000	2.593344	0.170495	-0.052498	0.204082	-0.049455	0.213466	0.996493	2.350509	0.062497	6.744931	1.456787	2.000000	2.000000	0.145833	0.057889	0.283101	1.000000	0.000000	1.272562	[0.075927, 0.056606, 0.062632, 0.06609, 0.06271, 0.05966, 0.0685, 0.065993, 0.055323, 0.05892, 0.064598, 0.070436, 0.058227, 0.055973, 0.057436, 0.060969]	[0.126157, 0.040787, 0.058171, 0.071644, 0.082431, 0.046319, 0.097384, 0.085093, 0.015949, 0.048727, 0.063171, 0.083333, 0.042315, 0.052778, 0.039074, 0.046667]	15.458333	225.000000	4.853534	1204.265071	0.987845	[415.698456, 165.751053, 182.40947, 255.289963, 269.655548, 234.94342, 322.551208, 259.836548, 83.553131, 190.511765, 219.527924, 305.500244, 162.276947, 176.352936, 178.23938, 177.902084]	15.458333	450.000000	10.916667	2123.791667	0.996493	[795.875, 328.916687, 367.166687, 540.541687, 555.458374, 483.916687, 644.083374, 491.916687, 179.125, 381.416687, 420.125, 564.708374, 331.583344, 363.625, 372.958344, 378.583344]
1776988317.586	0	100	100	6.464000e-05	1.626270	1.626023	0.000000	0.012142	0.012598	0.000000	2.114594	2.614785	2.614606							0.800000	2	0.010000	0.010000	0.000000	0.000000	0.000000	0.000000	-0.087329	2.073292	-6.558543	9.927627	1.000000	0.000000	1.390187	0.526560	0.003931	0.000000	1.000000	0.000000	2.596320	0.168997	-0.052500	0.203676	-0.049455	0.213466	0.987402	2.350481	0.062504	6.666008	1.388534	2.000000	2.000000	0.161458	0.056440	0.281553	1.000000	0.000000	1.251728	[0.075123, 0.061845, 0.063445, 0.062388, 0.060695, 0.057925, 0.069416, 0.065455, 0.052891, 0.060452, 0.06578, 0.066435, 0.059464, 0.05687, 0.062688, 0.059127]	[0.127083, 0.107014, 0.058102, 0.048472, 0.063588, 0.050625, 0.080833, 0.084028, 0.019468, 0.044676, 0.060949, 0.062662, 0.042477, 0.050741, 0.053889, 0.045394]	15.416667	225.000001	4.567530	1106.368296	0.987858	[395.215546, 261.723206, 206.783447, 208.857605, 238.495575, 216.82579, 305.906128, 264.60733, 89.259789, 199.469467, 234.974915, 248.415924, 159.751266, 180.883972, 216.486176, 172.343979]	15.416667	450.000000	10.833333	1976.041667	0.987402	[751.541687, 498.625, 415.916687, 445.625, 489.958344, 443.0, 618.125, 509.5, 186.5, 405.083344, 462.25, 481.458344, 325.541687, 366.291687, 439.541687, 361.041687]
1776988391.631	0	150	150	7.999323e-05	1.720261	1.719732	0.000000	0.012088	0.040837	0.000000	1.709457	2.030682	2.030367							0.800000	2	0.010000	0.010000	0.000000	0.000000	0.000000	0.000000	-0.067406	2.027912	-6.397128	9.854889	1.000000	0.000000	1.389483	0.527476	0.003997	0.000000	1.000000	0.000000	2.598733	0.168195	-0.052515	0.203398	-0.049455	0.213466	0.959163	2.350522	0.062518	6.644112	1.409946	2.000000	2.000000	0.148438	0.055629	0.280761	1.000000	0.000000	1.260719	[0.074127, 0.061675, 0.063274, 0.06167, 0.059976, 0.061212, 0.071789, 0.064522, 0.054219, 0.059864, 0.065459, 0.066721, 0.057595, 0.056356, 0.060591, 0.060949]	[0.131528, 0.081528, 0.055231, 0.042037, 0.056528, 0.062245, 0.092338, 0.085764, 0.026319, 0.065185, 0.056713, 0.055046, 0.042662, 0.05375, 0.045602, 0.047523]	15.500000	225.000002	4.930606	1120.456518	0.987912	[412.951294, 242.081421, 197.13028, 188.631226, 229.151794, 241.675583, 352.697876, 254.360931, 104.017082, 231.341537, 215.883698, 219.729294, 147.346466, 177.289429, 201.18277, 184.529358]	15.500000	450.000000	11.916667	1995.333333	0.959163	[754.583374, 466.25, 392.083344, 395.25, 479.041687, 489.625, 716.583374, 485.75, 220.916672, 462.333344, 435.333344, 436.25, 296.5, 356.25, 420.958344, 392.291687]
1776988470.433	0	200	200	7.993912e-05	1.696964	1.695755	0.000000	0.012057	0.108788	0.000000	1.614559	1.763134	1.762455	1.592061	1.592061	0.000000	0.000000	0.000000	4.913864	0.800000	2	0.010000	0.010000	0.000000	0.000000	0.000000	0.000000	-0.067165	1.962753	-6.287197	9.811793	1.000000	0.000000	1.382886	0.536735	0.003988	0.000000	1.000000	0.000000	2.594774	0.169169	-0.052520	0.203621	-0.049455	0.213466	0.891212	2.350621	0.062534	6.542370	1.371199	2.000000	2.000000	0.164062	0.055925	0.282413	1.000000	0.000000	1.302249	[0.072497, 0.06261, 0.064616, 0.061164, 0.062001, 0.060994, 0.072108, 0.063234, 0.053585, 0.061683, 0.065526, 0.065482, 0.057616, 0.056637, 0.058269, 0.061978]	[0.12294, 0.060741, 0.059931, 0.039745, 0.063426, 0.062153, 0.106366, 0.074977, 0.033681, 0.078843, 0.060231, 0.051389, 0.045324, 0.044792, 0.038889, 0.056574]	15.375000	225.000001	3.875027	1180.292188	0.987943	[380.1651, 228.917526, 201.1091, 153.721695, 222.870407, 240.821198, 387.69165, 240.576385, 131.898438, 251.853577, 252.858322, 211.427521, 150.007355, 165.262405, 155.223618, 225.595795]	15.375000	450.000000	9.000000	2159.958333	0.891212	[709.041687, 453.958344, 391.625, 323.208344, 472.208344, 483.333344, 771.875, 462.375, 270.333344, 493.375, 506.25, 419.958344, 296.541687, 341.166687, 332.916687, 471.833344]
1776988546.034	0	250	250	7.983098e-05	1.472681	1.470159	0.000000	0.012039	0.240167	0.000000	1.568675	1.640383	1.638908							0.800000	2	0.010000	0.010000	0.000000	0.000000	0.000000	0.000000	-0.057724	1.923307	-6.243296	9.788318	1.000000	0.000000	1.397052	0.534545	0.004138	0.000000	1.000000	0.000000	2.600180	0.167753	-0.052518	0.203672	-0.049455	0.213466	0.759833	2.350757	0.062551	6.451842	1.304192	2.000000	2.000000	0.169271	0.055746	0.279761	1.000000	0.000000	1.406890	[0.071365, 0.06255, 0.063361, 0.062916, 0.059812, 0.061431, 0.072868, 0.064549, 0.053224, 0.062368, 0.064285, 0.064991, 0.058355, 0.05735, 0.057717, 0.062858]	[0.122477, 0.057292, 0.051181, 0.047431, 0.047361, 0.072106, 0.110023, 0.082801, 0.038681, 0.084653, 0.052847, 0.047569, 0.050648, 0.043495, 0.031319, 0.060116]	15.375000	224.999999	4.622000	1240.583773	0.987961	[383.28537, 242.971252, 181.432129, 162.408066, 207.178391, 241.693085, 406.776001, 262.919647, 147.088715, 247.824631, 229.696777, 190.915146, 169.142731, 173.18103, 136.214233, 217.272873]	15.375000	450.000000	12.166667	2260.375000	0.759833	[694.708374, 484.375, 367.416687, 327.458344, 440.166687, 493.25, 814.666687, 502.208344, 301.208344, 488.458344, 452.666687, 395.333344, 333.291687, 357.375, 305.291687, 442.125]
1776988621.318	0	300	300	7.966898e-05	1.314119	1.309721	0.000000	0.012037	0.427835	0.000000	1.554113	1.582734	1.579902							0.800000	2	0.010000	0.010000	0.000000	0.000000	0.000000	0.000000	-0.048725	1.890127	-6.190239	9.805631	1.000000	0.000000	1.391601	0.538438	0.004031	0.000000	1.000000	0.000000	2.598998	0.165360	-0.052509	0.203194	-0.049455	0.213466	0.572165	2.350921	0.062570	6.399343	1.272813	2.000000	2.000000	0.182292	0.051148	0.279571	1.000000	0.000000	1.438411	[0.070272, 0.064215, 0.063027, 0.062329, 0.059608, 0.057793, 0.073492, 0.06449, 0.053454, 0.064956, 0.067578, 0.062012, 0.057373, 0.057695, 0.056796, 0.064912]	[0.125949, 0.064792, 0.047153, 0.037407, 0.042106, 0.046273, 0.112986, 0.075671, 0.040324, 0.092431, 0.062731, 0.03794, 0.053264, 0.056458, 0.036019, 0.068495]	15.375000	225.000000	3.387876	1233.906413	0.987963	[361.659119, 260.921356, 182.049561, 144.388824, 170.955368, 209.21991, 409.610474, 258.819824, 138.413681, 281.261292, 265.288879, 155.466599, 174.273972, 200.252182, 154.25235, 233.166595]	15.375000	450.000000	8.000000	2261.291667	0.572165	[660.541687, 526.166687, 364.291687, 289.291687, 366.0, 427.5, 840.75, 503.0, 280.166687, 554.791687, 526.666687, 316.916687, 339.5, 404.625, 326.125, 473.666687]
1776988698.038	0	350	350	7.945335e-05	1.462869	1.456623	0.000000	0.012047	0.612554	0.000000	1.518260	1.540296	1.535754							0.800000	2	0.010000	0.010000	0.000000	0.000000	0.000000	0.000000	-0.040355	1.877367	-6.105897	9.697315	1.000000	0.000000	1.397852	0.536746	0.003901	0.000000	1.000000	0.000000	2.596764	0.167427	-0.052504	0.203584	-0.049455	0.213466	0.387446	2.351098	0.062589	6.420573	1.307710	2.000000	2.000000	0.164062	0.053114	0.281740	1.000000	0.000000	1.437089	[0.068742, 0.063793, 0.064104, 0.063612, 0.058558, 0.060929, 0.071462, 0.06601, 0.055338, 0.064184, 0.067857, 0.061324, 0.0569, 0.055518, 0.057727, 0.063942]	[0.125231, 0.058218, 0.053981, 0.039282, 0.043171, 0.065278, 0.090787, 0.096759, 0.041574, 0.077569, 0.073356, 0.035694, 0.055347, 0.051667, 0.035972, 0.056111]	15.375000	225.000001	3.863528	1211.420380	0.987953	[372.189941, 235.571701, 180.748993, 165.424622, 170.097412, 239.985397, 387.0625, 295.027039, 143.591187, 259.240051, 260.335571, 164.641739, 184.436874, 183.739853, 139.163208, 218.743988]	15.375000	450.000000	9.333333	2261.666667	0.387446	[681.708374, 480.916687, 367.666687, 333.958344, 355.416687, 475.458344, 823.958374, 575.625, 294.5, 512.208374, 492.041687, 339.166687, 357.041687, 371.208344, 291.125, 448.0]
1776988777.723	0	400	400	7.918442e-05	1.543532	1.535908	0.000000	0.012058	0.750385	0.000000	1.518599	1.529140	1.522967	1.526851	1.526851	0.000000	0.000000	0.000000	4.603659	0.800000	2	0.010000	0.010000	0.000000	0.000000	0.000000	0.000000	-0.044215	1.865319	-6.083471	9.968289	1.000000	0.000000	1.389428	0.541398	0.003759	0.000000	1.000000	0.000000	2.592465	0.170070	-0.052508	0.204166	-0.049455	0.213466	0.249615	2.351275	0.062609	6.369096	1.308509	2.000000	2.000000	0.169271	0.056351	0.283788	1.000000	0.000000	1.371333	[0.07166, 0.06347, 0.064336, 0.064181, 0.059825, 0.059067, 0.071459, 0.063871, 0.053218, 0.063026, 0.065369, 0.06306, 0.057889, 0.05698, 0.057472, 0.065117]	[0.128727, 0.053634, 0.0575, 0.051181, 0.051181, 0.050972, 0.112176, 0.077523, 0.039282, 0.076042, 0.057685, 0.045995, 0.056435, 0.055, 0.030208, 0.056458]	15.333333	225.000002	3.341536	1273.306338	0.987942	[380.219116, 237.428513, 203.217499, 194.37149, 195.127533, 241.264771, 400.334473, 252.114807, 128.028656, 259.480225, 227.653442, 170.049545, 158.476776, 179.925934, 136.622787, 235.684494]	15.333333	450.000000	7.791667	2289.625000	0.249615	[692.666687, 480.958344, 406.458344, 381.25, 406.083344, 481.125, 809.875, 487.5, 260.166687, 516.5, 458.375, 352.375, 312.25, 364.875, 291.375, 498.166687]
1776988852.880	0	450	450	7.886260e-05	1.384517	1.375986	0.000000	0.012088	0.840994	0.000000	1.525319	1.521821	1.514361							0.800000	2	0.010000	0.010000	0.000000	0.000000	0.000000	0.000000	-0.033207	1.847614	-6.049205	9.710373	1.000000	0.000000	1.416600	0.534399	0.003778	0.000000	1.000000	0.000000	2.598967	0.166071	-0.052503	0.205298	-0.049455	0.213466	0.159006	2.351450	0.062631	6.254244	1.297890	2.000000	2.000000	0.184896	0.051665	0.280477	1.000000	0.000000	1.466880	[0.07062, 0.06321, 0.064427, 0.064056, 0.059001, 0.060496, 0.069363, 0.065569, 0.054637, 0.064389, 0.066029, 0.062057, 0.058175, 0.05758, 0.056293, 0.064101]	[0.124606, 0.054352, 0.053981, 0.051042, 0.053681, 0.054444, 0.081551, 0.086088, 0.041227, 0.076134, 0.070718, 0.037454, 0.060972, 0.066042, 0.031667, 0.056042]	15.375000	225.000001	2.604472	1230.692164	0.987912	[369.828674, 235.657928, 199.727142, 179.536438, 182.433044, 233.908249, 378.742249, 280.471741, 133.967529, 248.846161, 252.583832, 173.302429, 176.440964, 201.785248, 127.675529, 225.092987]	15.375000	450.000000	6.375000	2270.041667	0.159006	[683.333374, 479.541687, 406.916687, 353.291687, 378.375, 466.583344, 814.166687, 539.541687, 271.25, 495.125, 477.833344, 355.375, 337.291687, 400.458344, 268.458344, 472.458344]
1776988927.694	0	500	500	7.848836e-05	1.540724	1.531626	0.000000	0.012119	0.897654	0.000000	1.464123	1.486855	1.478487							0.800000	2	0.010000	0.010000	0.000000	0.000000	0.000000	0.000000	-0.035267	1.847811	-6.102717	9.698948	1.000000	0.000000	1.396161	0.543164	0.003767	0.000000	1.000000	0.000000	2.596582	0.167855	-0.052499	0.205088	-0.049455	0.213466	0.102346	2.351629	0.062652	6.276750	1.326809	2.000000	2.000000	0.177083	0.053648	0.282062	1.000000	0.000000	1.411880	[0.070115, 0.062563, 0.062611, 0.064443, 0.059552, 0.060573, 0.070102, 0.065796, 0.055015, 0.064484, 0.063616, 0.066201, 0.05768, 0.057776, 0.056207, 0.063265]	[0.121343, 0.05625, 0.054097, 0.052824, 0.056065, 0.064375, 0.085972, 0.090903, 0.036736, 0.073472, 0.056458, 0.055787, 0.053634, 0.062477, 0.032315, 0.047292]	15.291667	225.000000	2.429990	1198.710195	0.987881	[370.098694, 232.399994, 194.335556, 180.808823, 188.313217, 240.017502, 382.410522, 277.62851, 139.416183, 262.179871, 213.770203, 195.149841, 180.665405, 202.864426, 129.079956, 210.861511]	15.291667	450.000000	6.333333	2194.791667	0.102346	[686.291687, 465.708344, 389.458344, 359.041687, 390.166687, 480.875, 796.041687, 531.75, 283.125, 534.833374, 428.791687, 381.375, 354.208344, 406.916687, 267.625, 443.791687]
1776989002.681	0	550	550	7.806228e-05	1.606807	1.597368	0.000000	0.012164	0.931773	0.000000	1.489942	1.490048	1.481079							0.800000	2	0.010000	0.010000	0.000000	0.000000	0.000000	0.000000	-0.027453	1.837895	-6.246895	9.339209	1.000000	0.000000	1.419555	0.533339	0.003838	0.000000	1.000000	0.000000	2.598194	0.169822	-0.052485	0.205142	-0.049455	0.213466	0.068227	2.351794	0.062671	6.234350	1.294209	2.000000	2.000000	0.161458	0.058137	0.281508	1.000000	0.000000	1.362899	[0.069821, 0.058482, 0.066257, 0.062053, 0.060114, 0.061838, 0.072699, 0.068188, 0.056471, 0.064828, 0.061739, 0.060894, 0.057372, 0.058795, 0.05737, 0.06308]	[0.121181, 0.037685, 0.05831, 0.040741, 0.058542, 0.063819, 0.109676, 0.106227, 0.036343, 0.080162, 0.049491, 0.037523, 0.051875, 0.058333, 0.035949, 0.054144]	15.416667	225.000002	2.788223	1254.414734	0.987836	[376.606384, 166.444824, 220.04834, 140.577042, 210.609344, 261.953888, 385.671631, 298.90744, 155.632919, 289.483337, 181.588013, 164.892746, 184.025803, 207.658127, 141.056183, 214.844101]	15.416667	450.000000	6.916667	2236.083333	0.068227	[696.916687, 344.583344, 449.083344, 282.125, 434.958344, 512.166687, 776.291687, 580.125, 323.125, 580.083374, 352.375, 337.5, 365.458344, 417.958344, 297.666687, 449.583344]
1776989082.125	0	600	600	7.758499e-05	1.541006	1.531365	0.000000	0.012249	0.951819	0.000000	1.465517	1.473781	1.464432	1.502210	1.502210	0.000000	0.000000	0.000000	4.491605	0.800000	2	0.010000	0.010000	0.000000	0.000000	0.000000	0.000000	-0.021252	1.837853	-6.195251	9.800626	1.000000	0.000000	1.446441	0.521241	0.003846	0.000000	1.000000	0.000000	2.599078	0.166817	-0.052463	0.205677	-0.049455	0.213466	0.048181	2.351950	0.062691	6.204222	1.270235	2.000000	2.000000	0.190104	0.053717	0.279916	1.000000	0.000000	1.461579	[0.070054, 0.061703, 0.065613, 0.061778, 0.060722, 0.063925, 0.070841, 0.064694, 0.054496, 0.063189, 0.065244, 0.060281, 0.057347, 0.056191, 0.059573, 0.06435]	[0.115231, 0.061736, 0.055046, 0.046875, 0.043889, 0.078796, 0.084745, 0.067546, 0.039144, 0.069699, 0.057083, 0.036667, 0.059236, 0.059606, 0.04713, 0.077569]	15.250000	224.999999	3.504653	1228.792928	0.987751	[359.979095, 242.845337, 210.986664, 155.931717, 183.145905, 285.54718, 365.095795, 239.201035, 145.599457, 266.505676, 237.861252, 154.342361, 178.071396, 183.531479, 166.387939, 224.967865]	15.250000	450.000000	9.041667	2247.166667	0.048181	[669.875, 484.375, 430.541687, 302.916687, 381.875, 555.875, 774.541687, 472.833344, 299.25, 541.166687, 481.458344, 308.333344, 343.583344, 368.75, 328.208344, 456.416687]
1776989157.956	0	650	650	7.705721e-05	1.504710	1.494948	0.000000	0.012331	0.963889	0.000000	1.478649	1.475230	1.465647							0.800000	2	0.010000	0.010000	0.000000	0.000000	0.000000	0.000000	-0.018624	1.844051	-6.240285	9.765934	1.000000	0.000000	1.423365	0.531764	0.003642	0.000000	1.000000	0.000000	2.595335	0.168134	-0.052454	0.206528	-0.049455	0.213466	0.036111	2.352114	0.062708	6.275964	1.312868	2.000000	2.000000	0.179688	0.053881	0.282388	1.000000	0.000000	1.356205	[0.069951, 0.06143, 0.066384, 0.062033, 0.06111, 0.061833, 0.071002, 0.065958, 0.054682, 0.067101, 0.064745, 0.060241, 0.05688, 0.055809, 0.057972, 0.062868]	[0.126389, 0.057685, 0.060556, 0.041644, 0.054769, 0.075718, 0.078843, 0.082917, 0.033218, 0.086713, 0.051782, 0.037338, 0.057269, 0.047361, 0.046782, 0.061019]	15.250000	224.999999	2.947407	1165.660573	0.987669	[381.258179, 220.60466, 213.672531, 157.809845, 206.142868, 289.387146, 348.998413, 267.321838, 138.465729, 290.957153, 217.477997, 163.252899, 168.371826, 181.748459, 146.296036, 208.234558]	15.250000	450.000000	7.250000	2154.416667	0.036111	[703.083374, 442.625, 442.5, 309.458344, 426.75, 550.208374, 755.458374, 528.333374, 287.0, 584.791687, 423.666687, 327.458344, 326.833344, 373.541687, 289.25, 429.041687]
1776989233.028	0	700	700	7.647974e-05	1.516398	1.506561	0.000000	0.012461	0.971205	0.000000	1.494600	1.485729	1.476003							0.800000	2	0.010000	0.010000	0.000000	0.000000	0.000000	0.000000	-0.020200	1.844296	-6.198163	9.511211	1.000000	0.000000	1.416956	0.535439	0.003776	0.000000	1.000000	0.000000	2.593316	0.169592	-0.052437	0.207995	-0.049455	0.213466	0.028795	2.352265	0.062724	6.257778	1.276842	2.000000	2.000000	0.182292	0.054827	0.284358	1.000000	0.000000	1.418518	[0.071842, 0.060855, 0.06584, 0.063469, 0.062205, 0.063232, 0.071444, 0.066123, 0.054253, 0.063301, 0.061554, 0.059984, 0.057475, 0.057393, 0.058436, 0.062595]	[0.120509, 0.051759, 0.065556, 0.047315, 0.058403, 0.07419, 0.104306, 0.09081, 0.027315, 0.074097, 0.037731, 0.034722, 0.055949, 0.058009, 0.042569, 0.056759]	15.291667	225.000001	4.279536	1163.390378	0.987539	[388.545471, 212.528809, 215.651718, 159.538483, 209.531708, 303.004028, 377.274597, 264.304321, 121.318077, 253.821945, 199.582977, 144.819168, 187.222168, 214.984497, 147.159088, 200.712997]	15.291667	450.000000	10.291667	2144.875000	0.028795	[732.916687, 423.875, 438.416687, 315.416687, 432.041687, 582.875, 794.25, 525.541687, 255.083344, 502.666687, 412.666687, 285.583344, 354.583344, 438.708344, 289.333344, 416.041687]
1776989308.874	0	750	750	7.585343e-05	1.402267	1.392386	0.000000	0.012620	0.975408	0.000000	1.460349	1.472875	1.463061							0.800000	2	0.010000	0.010000	0.000000	0.000000	0.000000	0.000000	-0.017020	1.823475	-6.070963	9.522266	1.000000	0.000000	1.442959	0.522212	0.003666	0.000000	1.000000	0.000000	2.595328	0.169385	-0.052409	0.209575	-0.049455	0.213466	0.024592	2.352409	0.062743	6.247863	1.268886	2.000000	2.000000	0.177083	0.055833	0.282937	1.000000	0.000000	1.369300	[0.073833, 0.061351, 0.066441, 0.063386, 0.059037, 0.059495, 0.071529, 0.064786, 0.054697, 0.064101, 0.063004, 0.059836, 0.058708, 0.057642, 0.05958, 0.062573]	[0.12794, 0.063241, 0.070764, 0.036759, 0.041204, 0.057315, 0.102292, 0.073403, 0.032593, 0.075, 0.041065, 0.043472, 0.060602, 0.06537, 0.048773, 0.060208]	15.250000	225.000001	2.533611	1140.275586	0.987380	[408.048889, 226.045105, 221.719269, 166.343048, 190.469894, 220.471283, 372.289368, 263.532227, 133.257446, 267.42157, 207.733444, 162.308807, 199.027008, 205.551636, 152.398209, 203.382904]	15.250000	450.000000	6.541667	2129.750000	0.024592	[767.791687, 452.541687, 438.208344, 337.083344, 398.833344, 437.708344, 772.208374, 526.791687, 281.291687, 527.416687, 439.666687, 314.458344, 378.125, 420.458344, 293.541687, 413.875]
1776989389.403	0	800	800	7.517924e-05	1.566774	1.556871	0.000000	0.012713	0.977657	0.000000	1.468659	1.470988	1.461122	1.482941	1.482941	0.000000	0.000000	0.000000	4.405887	0.800000	2	0.010000	0.010000	0.000000	0.000000	0.000000	0.000000	-0.018431	1.824245	-6.213029	9.442734	1.000000	0.000000	1.443778	0.521614	0.003851	0.000000	1.000000	0.000000	2.598539	0.167420	-0.052397	0.211145	-0.049455	0.213466	0.022343	2.352558	0.062762	6.197022	1.307224	2.000000	2.000000	0.177083	0.054617	0.280223	1.000000	0.000000	1.318376	[0.072242, 0.059061, 0.064084, 0.064246, 0.060056, 0.059779, 0.071429, 0.065307, 0.0538, 0.06704, 0.061514, 0.061211, 0.062133, 0.056297, 0.05879, 0.063009]	[0.126505, 0.048032, 0.048819, 0.037894, 0.056644, 0.059398, 0.10294, 0.086296, 0.025926, 0.087963, 0.044005, 0.042685, 0.079606, 0.047176, 0.046204, 0.059907]	15.250000	225.000001	4.372517	1145.284259	0.987287	[382.244354, 195.734741, 230.764496, 161.13797, 221.788177, 224.453888, 351.590393, 268.431183, 114.883842, 307.51062, 197.989685, 172.329468, 214.954681, 189.27243, 162.229736, 204.684418]	15.250000	450.000000	10.333333	2105.083333	0.022343	[718.875, 398.541687, 475.625, 333.833344, 452.416687, 445.625, 693.125, 522.708374, 242.166672, 605.958374, 435.291687, 331.083344, 414.5, 394.625, 316.458344, 419.166687]
1776989464.451	0	850	850	7.445818e-05	1.309116	1.299201	0.000000	0.012784	0.978774	0.000000	1.456651	1.455595	1.445700							0.800000	2	0.010000	0.010000	0.000000	0.000000	0.000000	0.000000	-0.017447	1.819139	-6.287323	9.689614	1.000000	0.000000	1.444974	0.525982	0.003735	0.000000	1.000000	0.000000	2.598348	0.167261	-0.052390	0.213503	-0.049455	0.213466	0.021226	2.352695	0.062779	6.178539	1.273791	2.000000	2.000000	0.177083	0.053757	0.280765	1.000000	0.000000	1.361229	[0.071714, 0.060044, 0.065032, 0.064952, 0.059248, 0.057433, 0.069325, 0.067433, 0.054445, 0.06883, 0.063638, 0.059723, 0.05997, 0.055758, 0.058487, 0.063969]	[0.131204, 0.05375, 0.054375, 0.044514, 0.043171, 0.041505, 0.09287, 0.096852, 0.032176, 0.100162, 0.05581, 0.037685, 0.063056, 0.04838, 0.040648, 0.063843]	15.250000	225.000004	3.347706	1191.217038	0.987216	[388.391937, 219.21875, 233.854782, 180.649643, 190.124878, 194.336227, 342.453186, 288.364014, 121.213791, 315.544922, 230.52948, 142.816727, 209.19548, 179.815475, 136.666962, 226.823837]	15.250000	450.000000	7.750000	2200.791667	0.021226	[712.0, 442.958344, 485.0, 372.375, 397.458344, 386.375, 706.791687, 558.333374, 248.375, 625.583374, 479.541687, 281.541687, 402.875, 368.541687, 270.125, 462.125]
1776989539.995	0	900	900	7.369132e-05	1.597031	1.587113	0.000000	0.012862	0.978893	0.000000	1.455330	1.458155	1.448246							0.800000	2	0.010000	0.010000	0.000000	0.000000	0.000000	0.000000	-0.024487	1.822495	-6.364415	9.702123	1.000000	0.000000	1.448878	0.522644	0.003906	0.000000	1.000000	0.000000	2.602076	0.166854	-0.052374	0.215742	-0.049455	0.213466	0.021107	2.352834	0.062797	6.180936	1.271409	2.000000	2.000000	0.195312	0.056255	0.277453	1.000000	0.000000	1.314116	[0.070833, 0.060065, 0.065476, 0.063026, 0.060801, 0.060312, 0.069821, 0.06553, 0.054872, 0.067183, 0.063454, 0.060367, 0.058461, 0.055483, 0.059988, 0.064331]	[0.138773, 0.056088, 0.04662, 0.041134, 0.054028, 0.052685, 0.092292, 0.082569, 0.035486, 0.088819, 0.054213, 0.035694, 0.061528, 0.050995, 0.04706, 0.062014]	15.333333	225.000001	4.296337	1180.193209	0.987138	[410.067871, 202.977463, 224.770599, 179.038757, 215.556641, 179.857162, 345.342773, 268.151337, 128.134125, 329.13382, 223.96196, 141.201416, 198.550323, 173.90918, 150.184158, 229.162521]	15.333333	450.000000	10.541667	2118.000000	0.021107	[744.958374, 403.416687, 474.833344, 368.625, 461.333344, 353.541687, 687.708374, 526.541687, 262.708344, 666.666687, 469.541687, 282.791687, 386.166687, 349.083344, 295.958344, 466.125]
1776989615.888	0	950	950	7.287983e-05	1.575911	1.565998	0.000000	0.012890	0.978435	0.000000	1.446939	1.451617	1.441705							0.800000	2	0.010000	0.010000	0.000000	0.000000	0.000000	0.000000	-0.020982	1.824789	-6.264999	9.847415	1.000000	0.000000	1.438528	0.525588	0.003740	0.000000	1.000000	0.000000	2.600635	0.167807	-0.052369	0.216837	-0.049455	0.213466	0.021565	2.352981	0.062813	6.158684	1.285829	2.000000	2.000000	0.164062	0.055938	0.279676	1.000000	0.000000	1.343832	[0.071762, 0.060752, 0.064867, 0.061865, 0.058937, 0.059032, 0.071365, 0.067399, 0.054953, 0.06759, 0.064572, 0.060183, 0.058089, 0.057203, 0.059183, 0.062248]	[0.139884, 0.054074, 0.046944, 0.034815, 0.047153, 0.049769, 0.103125, 0.092523, 0.033056, 0.086782, 0.05412, 0.039699, 0.056319, 0.066412, 0.037778, 0.057546]	15.250000	224.999998	2.974674	1243.504054	0.987110	[404.002441, 209.487122, 200.621521, 146.079102, 187.781784, 199.323486, 364.056763, 319.658539, 134.014618, 329.41272, 239.916779, 144.66684, 167.117859, 199.030746, 146.503632, 208.326218]	15.250000	450.000000	7.625000	2226.208333	0.021565	[714.708374, 422.666687, 422.333344, 297.75, 394.041687, 396.958344, 721.5, 614.625, 277.25, 684.5, 502.583344, 297.541687, 327.333344, 396.208344, 305.666687, 424.333344]
1776989695.715	0	1000	1000	7.202492e-05	1.449713	1.439801	0.000000	0.012945	0.978314	0.000000	1.431704	1.436380	1.426469	1.467244	1.467244	0.000000	0.000000	0.000000	4.337267	0.800000	2	0.010000	0.010000	0.000000	0.000000	0.000000	0.000000	-0.021028	1.830832	-6.334633	9.887733	1.000000	0.000000	1.437395	0.526339	0.003621	0.000000	1.000000	0.000000	2.600359	0.168853	-0.052356	0.217993	-0.049455	0.213466	0.021686	2.353126	0.062831	6.145876	1.279333	2.000000	2.000000	0.182292	0.056852	0.280855	1.000000	0.000000	1.443923	[0.072422, 0.059976, 0.064575, 0.061302, 0.059125, 0.060688, 0.068717, 0.067668, 0.055917, 0.065478, 0.066024, 0.062636, 0.057069, 0.058017, 0.058667, 0.061719]	[0.138634, 0.052662, 0.058588, 0.03088, 0.04463, 0.047662, 0.082662, 0.091713, 0.034954, 0.080671, 0.066968, 0.047801, 0.053657, 0.067755, 0.042199, 0.058565]	15.166667	225.000001	3.141455	1251.077202	0.987055	[410.731506, 203.726288, 212.181076, 129.345764, 190.570541, 209.99353, 318.162537, 311.819153, 145.349426, 299.671234, 267.543365, 164.878052, 173.739792, 202.640182, 152.580414, 207.067261]	15.166667	450.000000	8.291667	2263.375000	0.021686	[728.75, 408.125, 437.958344, 260.791687, 405.583344, 413.958344, 689.708374, 604.791687, 295.416687, 625.166687, 523.708374, 329.666687, 333.916687, 399.75, 310.791687, 431.916687]
1776989772.170	0	1050	1050	7.112788e-05	1.347685	1.337770	0.000000	0.012993	0.978458	0.000000	1.423549	1.432154	1.422241							0.800000	2	0.010000	0.010000	0.000000	0.000000	0.000000	0.000000	-0.020596	1.836962	-6.207451	9.647616	1.000000	0.000000	1.393718	0.541808	0.003733	0.000000	1.000000	0.000000	2.587617	0.173094	-0.052343	0.219088	-0.049455	0.213466	0.021542	2.353265	0.062847	6.223346	1.258234	2.000000	2.000000	0.171875	0.059018	0.287171	1.000000	0.000000	1.405294	[0.073208, 0.059341, 0.063513, 0.061195, 0.059465, 0.060968, 0.067446, 0.066631, 0.054608, 0.064108, 0.069645, 0.06155, 0.060311, 0.056364, 0.058919, 0.062728]	[0.129167, 0.051528, 0.058634, 0.029421, 0.044815, 0.05412, 0.06794, 0.085301, 0.041042, 0.074907, 0.082083, 0.048449, 0.067824, 0.060093, 0.042014, 0.062662]	15.166667	225.000000	2.909863	1243.677617	0.987007	[431.138855, 194.430222, 193.699371, 134.188354, 162.801773, 210.141769, 310.842224, 285.607391, 136.605255, 271.942017, 292.366638, 198.889557, 199.658081, 205.873276, 160.66745, 211.147751]	15.166667	450.000000	7.000000	2245.250000	0.021542	[787.541687, 397.083344, 403.458344, 272.458344, 350.083344, 408.458344, 690.75, 571.5, 277.916687, 559.416687, 542.958374, 380.208344, 383.083344, 413.791687, 329.0, 432.291687]
1776989848.392	0	1100	1100	7.019006e-05	1.555383	1.545466	0.000000	0.013042	0.978705	0.000000	1.461384	1.452507	1.442592							0.800000	2	0.010000	0.010000	0.000000	0.000000	0.000000	0.000000	-0.017925	1.830484	-6.294029	9.746872	1.000000	0.000000	1.408221	0.541953	0.003696	0.000000	1.000000	0.000000	2.593337	0.170979	-0.052325	0.219304	-0.049455	0.213466	0.021295	2.353400	0.062863	6.168975	1.266139	2.000000	2.000000	0.171875	0.057715	0.284244	1.000000	0.000000	1.390020	[0.071591, 0.059703, 0.063175, 0.062028, 0.060471, 0.059849, 0.066402, 0.066694, 0.054376, 0.064096, 0.069929, 0.063326, 0.05844, 0.056116, 0.059333, 0.064471]	[0.130255, 0.049907, 0.049606, 0.035394, 0.051481, 0.041597, 0.072454, 0.100069, 0.041806, 0.083241, 0.092384, 0.041088, 0.059444, 0.054375, 0.032593, 0.064306]	15.166667	224.999999	2.899368	1192.029327	0.986958	[410.186615, 189.295456, 220.554672, 145.779663, 186.052979, 188.799118, 288.552063, 287.238861, 159.688614, 288.800293, 309.054749, 181.215744, 185.465744, 184.103134, 137.410965, 237.801498]	15.166667	450.000000	7.500000	2166.625000	0.021295	[757.5, 389.083344, 457.708344, 299.125, 387.125, 369.833344, 616.375, 553.166687, 318.458344, 585.916687, 598.583374, 357.75, 356.958344, 368.041687, 294.125, 490.25]
1776989923.456	0	1150	1150	6.921287e-05	1.470219	1.460305	0.000000	0.013075	0.978335	0.000000	1.452693	1.454867	1.444951							0.800000	2	0.010000	0.010000	0.000000	0.000000	0.000000	0.000000	-0.021993	1.828176	-6.344247	10.080601	1.000000	0.000000	1.418274	0.534888	0.003784	0.000000	1.000000	0.000000	2.596788	0.169003	-0.052313	0.220300	-0.049455	0.213466	0.021665	2.353531	0.062879	6.149418	1.257914	2.000000	2.000000	0.190104	0.056029	0.281977	1.000000	0.000000	1.428210	[0.071972, 0.061042, 0.062305, 0.0617, 0.060262, 0.061026, 0.06848, 0.06497, 0.053555, 0.0648, 0.071432, 0.062835, 0.057076, 0.055579, 0.059192, 0.063776]	[0.126088, 0.054306, 0.047176, 0.041875, 0.049653, 0.043472, 0.0825, 0.07037, 0.043009, 0.086644, 0.091042, 0.044398, 0.052407, 0.066667, 0.038843, 0.061551]	15.291667	224.999997	3.171265	1242.069954	0.986925	[400.034882, 204.492783, 212.77951, 143.646667, 174.319061, 194.611801, 302.763245, 263.332397, 141.101471, 304.935211, 323.997711, 176.31015, 186.19426, 194.998596, 153.118576, 223.36377]	15.291667	450.000000	7.833333	2259.500000	0.021665	[725.916687, 420.75, 436.916687, 288.25, 356.333344, 383.583344, 640.916687, 521.625, 287.041687, 616.125, 644.833374, 343.458344, 360.333344, 390.5, 321.083344, 462.333344]
1776990004.309	0	1200	1200	6.819777e-05	1.566419	1.556512	0.000000	0.013109	0.977625	0.000000	1.430332	1.440501	1.430588	1.469721	1.469721	0.000000	0.000000	0.000000	4.348020	0.800000	2	0.010000	0.010000	0.000000	0.000000	0.000000	0.000000	-0.012651	1.831099	-6.197245	9.901623	1.000000	0.000000	1.429929	0.529059	0.003717	0.000000	1.000000	0.000000	2.591962	0.171269	-0.052298	0.221458	-0.049455	0.213466	0.022375	2.353657	0.062895	6.132430	1.258521	2.000000	2.000000	0.187500	0.057726	0.284812	1.000000	0.000000	1.414720	[0.07335, 0.060971, 0.06368, 0.060539, 0.059075, 0.060918, 0.067786, 0.064284, 0.054981, 0.064583, 0.0723, 0.061837, 0.059883, 0.054533, 0.058447, 0.062834]	[0.128588, 0.056042, 0.061806, 0.029491, 0.043495, 0.048102, 0.070162, 0.081273, 0.044491, 0.081968, 0.087222, 0.042847, 0.070463, 0.056042, 0.035324, 0.062685]	15.166667	225.000000	3.241292	1188.123144	0.986891	[411.123871, 229.289429, 229.974152, 136.075073, 161.886658, 194.345062, 288.87854, 257.76416, 132.287262, 296.813965, 318.11911, 206.887909, 201.18811, 182.714584, 137.989822, 214.662323]	15.166667	450.000000	7.666667	2179.166667	0.022375	[777.291687, 473.791687, 454.5, 276.125, 335.25, 384.791687, 645.666687, 512.708374, 271.916687, 591.375, 614.125, 394.541687, 383.916687, 361.708344, 280.125, 442.166687]
1776990080.323	0	1250	1250	6.714629e-05	1.417031	1.407129	0.000000	0.013152	0.977021	0.000000	1.448616	1.446131	1.436224							0.800000	2	0.010000	0.010000	0.000000	0.000000	0.000000	0.000000	-0.014066	1.793497	-6.169224	10.074032	1.000000	0.000000	1.451117	0.525695	0.003674	0.000000	1.000000	0.000000	2.595873	0.169171	-0.052279	0.221524	-0.049455	0.213466	0.022979	2.353792	0.062910	6.072575	1.259009	2.000000	2.000000	0.182292	0.056319	0.282022	1.000000	0.000000	1.369568	[0.071383, 0.061362, 0.063439, 0.061309, 0.060342, 0.060017, 0.068485, 0.062308, 0.055525, 0.066643, 0.072387, 0.061831, 0.060308, 0.053603, 0.057271, 0.063789]	[0.121296, 0.05669, 0.060718, 0.035, 0.046111, 0.043032, 0.079815, 0.073495, 0.047269, 0.089375, 0.084838, 0.037708, 0.077454, 0.047037, 0.03625, 0.063912]	15.291667	225.000001	3.163756	1166.072283	0.986848	[379.634338, 227.537903, 225.075378, 146.667694, 172.936401, 201.494934, 328.343384, 235.839157, 144.515488, 316.545959, 316.566895, 165.060608, 197.931244, 158.571014, 143.961441, 239.318283]	15.291667	450.000000	7.375000	2148.625000	0.022979	[717.666687, 465.916687, 452.25, 293.958344, 361.666687, 400.166687, 695.791687, 470.5, 284.583344, 620.166687, 635.833374, 328.0, 376.25, 317.5, 294.208344, 485.541687]
1776990156.549	0	1300	1300	6.606002e-05	1.353084	1.343189	0.000000	0.013183	0.976301	0.000000	1.457288	1.456405	1.446504							0.800000	2	0.010000	0.010000	0.000000	0.000000	0.000000	0.000000	-0.007033	1.811852	-6.248970	9.838755	1.000000	0.000000	1.446703	0.528379	0.003693	0.000000	1.000000	0.000000	2.598142	0.168807	-0.052270	0.222309	-0.049455	0.213466	0.023699	2.353931	0.062927	6.080682	1.231784	2.000000	2.000000	0.187500	0.056356	0.281258	1.000000	0.000000	1.377654	[0.069881, 0.058711, 0.065413, 0.062255, 0.059953, 0.062194, 0.068412, 0.064554, 0.055184, 0.067515, 0.068865, 0.061256, 0.05865, 0.055526, 0.057564, 0.064067]	[0.121875, 0.0475, 0.068495, 0.039421, 0.044282, 0.063981, 0.080255, 0.078912, 0.040023, 0.094583, 0.065903, 0.040532, 0.062801, 0.047986, 0.04162, 0.061829]	15.250000	224.999999	2.581587	1176.983477	0.986817	[383.485046, 199.684494, 235.915451, 151.069763, 173.043365, 236.280624, 332.478149, 259.640259, 148.806366, 325.832611, 278.401886, 141.923981, 205.552353, 169.660095, 139.822922, 218.40271]	15.250000	450.000000	6.041667	2144.250000	0.023699	[732.708374, 414.833344, 482.333344, 303.25, 357.833344, 455.0, 683.625, 516.041687, 303.5, 638.041687, 565.666687, 276.166687, 390.791687, 347.666687, 287.541687, 445.0]
1776990233.317	0	1350	1350	6.494058e-05	1.410346	1.400458	0.000000	0.013228	0.975560	0.000000	1.434946	1.441530	1.431635							0.800000	2	0.010000	0.010000	0.000000	0.000000	0.000000	0.000000	-0.004390	1.827737	-6.369608	9.940202	1.000000	0.000000	1.446762	0.523634	0.003686	0.000000	1.000000	0.000000	2.598008	0.169564	-0.052259	0.223290	-0.049455	0.213466	0.024440	2.354060	0.062945	6.181924	1.244180	2.000000	2.000000	0.174479	0.058023	0.281104	1.000000	0.000000	1.344752	[0.072464, 0.057908, 0.064631, 0.063127, 0.059074, 0.060389, 0.069626, 0.06371, 0.055378, 0.066447, 0.068419, 0.063909, 0.059202, 0.056343, 0.056812, 0.062563]	[0.135602, 0.044167, 0.061736, 0.049583, 0.037755, 0.056597, 0.091065, 0.069815, 0.032708, 0.089583, 0.069259, 0.05375, 0.060069, 0.055741, 0.03287, 0.059699]	15.208333	225.000001	3.280719	1160.325180	0.986772	[414.931152, 193.026703, 217.099548, 164.637268, 167.206833, 236.171478, 339.836029, 278.332886, 130.256332, 307.382904, 251.735886, 187.12738, 184.57489, 170.588226, 142.203125, 214.889435]	15.208333	450.000000	7.750000	2092.291667	0.024440	[775.25, 396.333344, 443.041687, 327.583344, 345.916687, 455.416687, 696.375, 552.875, 278.208344, 624.958374, 517.583374, 353.5, 355.541687, 354.75, 289.041687, 433.625]
1776990314.618	1	1400	1400	6.378967e-05	1.254791	1.244907	0.000000	0.013261	0.975148	0.000000	1.431357	1.431261	1.421372	1.457920	1.457920	0.000000	0.000000	0.000000	4.297010	0.800000	2	0.010000	0.010000	0.000000	0.000000	0.000000	0.000000	-0.009522	1.794610	-6.320847	9.911031	1.000000	0.000000	1.484714	0.508690	0.003697	0.000000	1.000000	0.000000	2.601191	0.169853	-0.052243	0.224381	-0.049455	0.213466	0.024852	2.354176	0.062961	6.069980	1.241016	2.000000	2.000000	0.179688	0.058819	0.280887	1.000000	0.000000	1.442765	[0.07504, 0.05615, 0.065553, 0.062324, 0.059079, 0.060935, 0.071076, 0.064669, 0.056048, 0.064257, 0.065236, 0.063442, 0.058897, 0.057156, 0.057511, 0.062628]	[0.13787, 0.030417, 0.073819, 0.042731, 0.033194, 0.05412, 0.099931, 0.093032, 0.028611, 0.075741, 0.061296, 0.052963, 0.055301, 0.064259, 0.035185, 0.061528]	15.333333	225.000001	3.325446	1252.782102	0.986739	[432.232727, 162.477524, 240.030457, 160.67009, 162.579895, 209.600586, 341.582336, 281.465942, 147.74472, 288.132751, 250.487274, 186.819061, 167.936813, 198.06218, 142.841965, 227.335861]	15.333333	450.000000	7.500000	2233.458333	0.024852	[805.208374, 346.083344, 474.208344, 322.375, 341.375, 416.041687, 689.791687, 537.958374, 318.166687, 589.0, 525.041687, 350.625, 324.833344, 403.0, 296.25, 460.041687]
1776990391.778	1	1450	1450	6.260900e-05	1.321247	1.311378	0.000000	0.013309	0.973668	0.000000	1.377224	1.395053	1.385173							0.800000	2	0.010000	0.010000	0.000000	0.000000	0.000000	0.000000	-0.019305	1.795842	-6.195513	10.387848	1.000000	0.000000	1.471639	0.516024	0.003627	0.000000	1.000000	0.000000	2.600682	0.168566	-0.052223	0.226023	-0.049455	0.213466	0.026332	2.354301	0.062973	6.090406	1.255583	2.000000	2.000000	0.192708	0.055629	0.281504	1.000000	0.000000	1.418124	[0.074357, 0.059809, 0.065739, 0.06255, 0.05856, 0.060975, 0.069716, 0.062149, 0.054348, 0.064464, 0.068382, 0.062144, 0.058038, 0.056889, 0.057945, 0.063933]	[0.137917, 0.049861, 0.07581, 0.044907, 0.038542, 0.07044, 0.067986, 0.072106, 0.035718, 0.071991, 0.07213, 0.040625, 0.055718, 0.064398, 0.038194, 0.063657]	15.208333	224.999999	3.414334	1227.812775	0.986691	[422.820892, 219.530975, 234.186005, 156.385712, 167.98114, 238.016968, 340.496521, 228.254059, 137.754486, 267.3172, 284.463562, 151.287506, 190.496429, 189.625214, 135.82402, 235.559433]	15.208333	450.000000	7.583333	2241.750000	0.026332	[787.0, 452.708344, 454.166687, 308.166687, 351.708344, 469.5, 716.791687, 446.041687, 279.791687, 549.291687, 586.708374, 295.625, 363.583344, 374.75, 283.208344, 480.958344]
1776990469.500	1	1500	1500	6.140035e-05	1.362723	1.352861	0.000000	0.013332	0.972889	0.000000	1.390070	1.391967	1.382096							0.800000	2	0.010000	0.010000	0.000000	0.000000	0.000000	0.000000	-0.015219	1.817791	-6.291046	10.816151	1.000000	0.000000	1.461277	0.519131	0.003767	0.000000	1.000000	0.000000	2.596545	0.172051	-0.052212	0.226855	-0.049455	0.213466	0.027111	2.354418	0.062988	6.101934	1.252539	2.000000	2.000000	0.187500	0.059542	0.284561	1.000000	0.000000	1.457884	[0.074732, 0.058112, 0.066247, 0.063404, 0.058582, 0.062275, 0.070842, 0.061272, 0.055722, 0.061317, 0.067061, 0.064195, 0.057219, 0.057555, 0.057738, 0.063727]	[0.138218, 0.04419, 0.076574, 0.049167, 0.03787, 0.067014, 0.080995, 0.067454, 0.034884, 0.064792, 0.062338, 0.050903, 0.052824, 0.072338, 0.031759, 0.068681]	15.125000	224.999999	2.933796	1219.090993	0.986668	[433.255951, 195.101532, 231.348495, 167.755905, 173.926239, 232.955429, 343.363861, 210.190231, 154.779892, 246.550629, 272.527832, 196.958344, 180.609161, 201.722076, 116.403831, 242.55069]	15.125000	450.000000	7.000000	2211.625000	0.027111	[813.916687, 402.333344, 457.208344, 327.416687, 371.083344, 456.958344, 720.541687, 407.125, 319.083344, 507.25, 557.416687, 372.083344, 344.916687, 394.75, 250.416672, 497.5]
1776990545.803	1	1550	1550	6.016555e-05	1.402568	1.392711	0.000000	0.013399	0.972284	0.000000	1.394385	1.391972	1.382108							0.800000	2	0.010000	0.010000	0.000000	0.000000	0.000000	0.000000	-0.010915	1.832506	-6.462780	10.267061	1.000000	0.000000	1.443843	0.525741	0.003685	0.000000	1.000000	0.000000	2.592911	0.172545	-0.052198	0.227368	-0.049455	0.213466	0.027716	2.354530	0.063004	6.196815	1.249768	2.000000	2.000000	0.171875	0.059941	0.285148	1.000000	0.000000	1.351984	[0.074643, 0.058485, 0.064849, 0.062994, 0.059108, 0.061242, 0.069354, 0.061568, 0.055744, 0.063508, 0.066668, 0.062936, 0.058845, 0.057568, 0.058612, 0.063878]	[0.137222, 0.046875, 0.067847, 0.043333, 0.041806, 0.063819, 0.076481, 0.071806, 0.035347, 0.070833, 0.06662, 0.050671, 0.063079, 0.065671, 0.041667, 0.056921]	15.000000	225.000000	2.743544	1197.342573	0.986601	[450.395386, 201.071594, 235.252167, 165.547546, 176.281464, 217.344696, 322.991425, 225.249191, 142.268188, 261.992371, 264.606079, 174.203308, 197.356918, 186.491623, 145.21048, 233.737656]	15.000000	450.000000	6.541667	2184.000000	0.027716	[849.791687, 417.5, 453.208344, 330.083344, 374.625, 427.625, 691.75, 438.625, 296.583344, 531.291687, 533.5, 331.125, 377.791687, 371.0, 298.458344, 477.041687]
1776990626.933	1	1600	1600	5.890644e-05	1.601139	1.591284	0.000000	0.013460	0.972042	0.000000	1.388927	1.391061	1.381202	1.452661	1.452661	0.000000	0.000000	0.000000	4.274473	0.800000	2	0.010000	0.010000	0.000000	0.000000	0.000000	0.000000	-0.005931	1.823637	-6.439570	9.876288	1.000000	0.000000	1.438773	0.529347	0.003485	0.000000	1.000000	0.000000	2.593489	0.170627	-0.052178	0.227301	-0.049455	0.213466	0.027958	2.354641	0.063021	6.098802	1.246271	2.000000	2.000000	0.182292	0.056997	0.284258	1.000000	0.000000	1.324764	[0.073833, 0.058674, 0.063615, 0.063405, 0.059958, 0.060955, 0.069426, 0.062796, 0.055971, 0.066196, 0.065275, 0.062082, 0.058843, 0.055421, 0.059512, 0.064037]	[0.135671, 0.049745, 0.054722, 0.046644, 0.044213, 0.060116, 0.07419, 0.079444, 0.030255, 0.09044, 0.059537, 0.04537, 0.060556, 0.056782, 0.044745, 0.067569]	15.166667	225.000000	3.097916	1185.815687	0.986540	[425.451477, 191.118088, 223.788391, 168.500122, 169.514099, 234.863525, 325.917053, 237.666321, 148.371979, 277.853943, 255.44809, 178.339264, 180.378723, 197.061462, 153.08287, 232.644653]	15.166667	450.000000	7.875000	2163.041667	0.027958	[801.875, 396.291687, 438.75, 329.041687, 350.666687, 459.625, 708.875, 458.916687, 315.583344, 557.958374, 512.083374, 340.416687, 349.625, 390.083344, 309.666687, 480.541687]
1776990704.368	1	1650	1650	5.762493e-05	1.325899	1.316047	0.000000	0.013523	0.971665	0.000000	1.374187	1.380800	1.370945							0.800000	2	0.010000	0.010000	0.000000	0.000000	0.000000	0.000000	-0.005735	1.845002	-6.667787	10.184410	1.000000	0.000000	1.433280	0.530564	0.003499	0.000000	1.000000	0.000000	2.592691	0.171880	-0.052152	0.228001	-0.049455	0.213466	0.028335	2.354751	0.063038	6.149235	1.269201	2.000000	2.000000	0.177083	0.058353	0.285408	1.000000	0.000000	1.340683	[0.074372, 0.056328, 0.063967, 0.065259, 0.060237, 0.061159, 0.069128, 0.063188, 0.057141, 0.065237, 0.066463, 0.061254, 0.057201, 0.056884, 0.057899, 0.064284]	[0.137616, 0.033611, 0.056644, 0.054213, 0.053611, 0.050625, 0.073819, 0.074769, 0.030278, 0.087801, 0.070162, 0.047731, 0.058403, 0.065116, 0.035602, 0.07]	15.125000	225.000002	2.716060	1197.860428	0.986477	[445.184052, 150.006195, 203.324646, 185.494431, 179.274048, 227.699219, 303.327728, 241.500214, 163.672424, 305.686218, 250.09198, 159.198822, 188.477768, 193.156311, 153.156372, 250.749619]	15.125000	450.000000	6.375000	2182.500000	0.028335	[839.916687, 313.375, 402.625, 359.875, 371.875, 444.291687, 662.625, 475.416687, 341.291687, 617.458374, 484.291687, 312.5, 362.541687, 378.166687, 320.166687, 513.583374]
1776990779.622	1	1700	1700	5.632293e-05	1.392265	1.382417	0.000000	0.013568	0.971202	0.000000	1.393546	1.385998	1.376147							0.800000	2	0.010000	0.010000	0.000000	0.000000	0.000000	0.000000	-0.004159	1.803269	-6.319514	10.085814	1.000000	0.000000	1.474233	0.517454	0.003558	0.000000	1.000000	0.000000	2.596793	0.169373	-0.052132	0.227873	-0.049455	0.213466	0.028798	2.354855	0.063053	6.062585	1.237294	2.000000	2.000000	0.179688	0.056524	0.282222	1.000000	0.000000	1.355450	[0.072864, 0.058616, 0.06435, 0.063891, 0.059321, 0.060899, 0.068407, 0.062952, 0.055612, 0.065817, 0.068325, 0.060179, 0.058936, 0.056599, 0.059915, 0.063318]	[0.133264, 0.049028, 0.061528, 0.046088, 0.039792, 0.06213, 0.063171, 0.068935, 0.037176, 0.087523, 0.073333, 0.03669, 0.065255, 0.062986, 0.043264, 0.069838]	15.250000	225.000000	3.542418	1147.265231	0.986432	[406.028412, 200.951935, 228.452515, 182.972015, 177.509094, 225.763657, 304.009888, 242.88884, 140.504456, 305.897034, 263.958069, 142.45993, 189.841492, 195.439453, 153.356323, 239.966919]	15.250000	450.000000	8.541667	2085.416667	0.028798	[771.5, 418.625, 455.166687, 369.083344, 365.416687, 434.041687, 661.416687, 478.833344, 292.5, 616.125, 510.958344, 283.583344, 356.791687, 388.25, 311.458344, 486.25]
1776990855.302	1	1750	1750	5.500240e-05	1.424739	1.414896	0.000000	0.013606	0.970764	0.000000	1.368053	1.376263	1.366416							0.800000	2	0.010000	0.010000	0.000000	0.000000	0.000000	0.000000	-0.003750	1.822528	-6.490049	10.397854	1.000000	0.000000	1.454311	0.523527	0.003632	0.000000	1.000000	0.000000	2.596587	0.169460	-0.052118	0.229035	-0.049455	0.213466	0.029236	2.354967	0.063070	6.143269	1.255334	2.000000	2.000000	0.190104	0.056813	0.282107	1.000000	0.000000	1.323727	[0.072536, 0.058974, 0.063077, 0.064898, 0.058428, 0.060999, 0.068607, 0.062319, 0.056348, 0.066351, 0.06843, 0.062207, 0.059176, 0.05652, 0.058191, 0.062939]	[0.130417, 0.049282, 0.056435, 0.047245, 0.047083, 0.057407, 0.065208, 0.070694, 0.032523, 0.100579, 0.072338, 0.046505, 0.071088, 0.060833, 0.034051, 0.05831]	15.291667	225.000002	2.929434	1125.021627	0.986394	[407.272552, 205.451477, 229.92749, 173.84198, 170.00296, 222.122284, 297.760681, 219.693481, 153.184189, 329.897888, 264.260559, 168.983047, 212.436188, 176.154236, 138.308319, 230.702728]	15.291667	450.000000	6.833333	2076.041667	0.029236	[763.208374, 415.0, 463.25, 344.166687, 350.5, 429.958344, 644.458374, 427.291687, 320.0, 665.041687, 534.625, 323.583344, 402.958344, 350.208344, 284.708344, 481.041687]
1776990936.625	1	1800	1800	5.366534e-05	1.484653	1.474813	0.000000	0.013643	0.970331	0.000000	1.389073	1.387767	1.377923	1.457960	1.457960	0.000000	0.000000	0.000000	4.297182	0.800000	2	0.010000	0.010000	0.000000	0.000000	0.000000	0.000000	-0.001787	1.839083	-6.606241	10.306751	1.000000	0.000000	1.431906	0.530546	0.003593	0.000000	1.000000	0.000000	2.595167	0.169823	-0.052105	0.229617	-0.049455	0.213466	0.029669	2.355069	0.063084	6.134363	1.260486	2.000000	2.000000	0.171875	0.057307	0.282339	1.000000	0.000000	1.345392	[0.073087, 0.056716, 0.064206, 0.063225, 0.05946, 0.059702, 0.067064, 0.06517, 0.056882, 0.06728, 0.067682, 0.062449, 0.06013, 0.055926, 0.059164, 0.061858]	[0.129282, 0.036875, 0.063935, 0.038426, 0.041898, 0.059352, 0.059792, 0.084954, 0.032523, 0.096597, 0.079838, 0.050139, 0.071898, 0.054282, 0.039074, 0.061134]	15.250000	225.000002	4.374617	1142.552961	0.986357	[396.957367, 179.851715, 236.126923, 168.058014, 173.349106, 192.682526, 308.846588, 276.408813, 142.781769, 334.025818, 270.667175, 164.541122, 214.812607, 173.388947, 161.456329, 206.04538]	15.250000	450.000000	10.291667	2082.416667	0.029669	[740.708374, 373.541687, 473.166687, 335.208344, 360.666687, 375.583344, 646.875, 540.541687, 303.0, 671.041687, 557.333374, 306.583344, 405.708344, 357.291687, 327.083344, 425.666687]
1776991012.187	1	1850	1850	5.231374e-05	1.416793	1.406959	0.000000	0.013651	0.969751	0.000000	1.377778	1.382231	1.372391							0.800000	2	0.010000	0.010000	0.000000	0.000000	0.000000	0.000000	-0.001953	1.821196	-6.560499	10.093854	1.000000	0.000000	1.446685	0.525474	0.003661	0.000000	1.000000	0.000000	2.595711	0.170255	-0.052099	0.230368	-0.049455	0.213466	0.030249	2.355179	0.063099	6.074604	1.259769	2.000000	2.000000	0.195312	0.057569	0.282940	1.000000	0.000000	1.379881	[0.073731, 0.056839, 0.063726, 0.064481, 0.059104, 0.060767, 0.068545, 0.063759, 0.056811, 0.06629, 0.066298, 0.061708, 0.05901, 0.056479, 0.059091, 0.063361]	[0.133889, 0.03537, 0.064583, 0.042569, 0.045069, 0.055833, 0.069259, 0.077708, 0.026597, 0.09338, 0.071343, 0.04794, 0.070648, 0.056435, 0.039653, 0.069722]	15.291667	224.999999	3.858234	1169.904849	0.986349	[400.962097, 172.821777, 226.154633, 157.280975, 170.952133, 200.978256, 310.382843, 262.452301, 146.147949, 326.897888, 266.161743, 171.535339, 216.790695, 183.920837, 151.469727, 235.090881]	15.291667	450.000000	8.750000	2122.500000	0.030249	[753.5, 360.708344, 448.291687, 311.416687, 353.208344, 390.333344, 655.5, 514.208374, 314.958344, 662.458374, 536.708374, 326.041687, 406.875, 375.708344, 310.458344, 479.625]
1776991087.332	1	1900	1900	5.094965e-05	1.308409	1.298581	0.000000	0.013669	0.969144	0.000000	1.374324	1.377306	1.367472							0.800000	2	0.010000	0.010000	0.000000	0.000000	0.000000	0.000000	-0.005022	1.838498	-6.713643	10.245850	1.000000	0.000000	1.422747	0.535968	0.003624	0.000000	1.000000	0.000000	2.591009	0.172294	-0.052087	0.230697	-0.049455	0.213466	0.030856	2.355279	0.063112	6.140191	1.238254	2.000000	2.000000	0.184896	0.058748	0.285841	1.000000	0.000000	1.367086	[0.075373, 0.056647, 0.062847, 0.062407, 0.060076, 0.060566, 0.068733, 0.062681, 0.056289, 0.06517, 0.067297, 0.061695, 0.060346, 0.056211, 0.059481, 0.064181]	[0.139167, 0.042801, 0.066204, 0.04037, 0.046435, 0.049537, 0.069606, 0.069444, 0.025856, 0.086852, 0.075579, 0.046458, 0.075903, 0.055903, 0.044838, 0.065046]	15.041667	224.999999	2.967379	1199.970042	0.986331	[424.693329, 180.721802, 225.833603, 180.129364, 169.512741, 208.827621, 308.905975, 217.262131, 134.407867, 320.331482, 253.228516, 163.287094, 233.09314, 189.381287, 157.932343, 232.451813]	15.041667	450.000000	6.625000	2179.583333	0.030856	[800.125, 378.458344, 441.791687, 354.0, 349.208344, 406.791687, 666.708374, 439.25, 288.916687, 642.666687, 505.583344, 312.0, 443.958344, 384.333344, 309.125, 477.083344]
1776991163.701	1	1950	1950	4.957511e-05	1.231370	1.221551	0.000000	0.013693	0.968230	0.000000	1.360403	1.364388	1.354561							0.800000	2	0.010000	0.010000	0.000000	0.000000	0.000000	0.000000	-0.001754	1.845808	-6.712920	10.432443	1.000000	0.000000	1.420284	0.537313	0.003533	0.000000	1.000000	0.000000	2.594746	0.169905	-0.052078	0.231309	-0.049455	0.213466	0.031770	2.355387	0.063125	6.172546	1.221101	2.000000	2.000000	0.195312	0.056793	0.283017	1.000000	0.000000	1.358470	[0.073353, 0.059595, 0.062676, 0.062823, 0.060203, 0.060777, 0.06819, 0.05996, 0.057009, 0.066856, 0.070052, 0.061255, 0.060527, 0.054623, 0.058075, 0.064026]	[0.119606, 0.051782, 0.065463, 0.044514, 0.042731, 0.044352, 0.068796, 0.054838, 0.036343, 0.108773, 0.080741, 0.042176, 0.079375, 0.052014, 0.040648, 0.067847]	15.291667	224.999999	4.190912	1181.826851	0.986307	[403.226807, 208.510223, 227.869476, 166.312973, 185.600876, 193.895126, 287.179077, 213.499557, 133.886322, 337.60849, 309.218964, 146.454681, 219.305771, 190.934204, 147.637253, 228.860214]	15.291667	450.000000	9.916667	2155.583333	0.031770	[769.541687, 431.25, 447.958344, 326.75, 388.416687, 380.5, 630.125, 434.041687, 278.583344, 668.166687, 605.541687, 286.125, 412.208344, 376.208344, 293.958344, 470.625]
1776991244.498	1	2000	2000	4.819218e-05	1.303409	1.293596	0.000000	0.013701	0.967587	0.000000	1.385747	1.378316	1.368497	1.443335	1.443335	0.000000	0.000000	0.000000	4.234796	0.800000	2	0.010000	0.010000	0.000000	0.000000	0.000000	0.000000	-0.002226	1.837178	-6.544787	10.185325	1.000000	0.000000	1.423195	0.536795	0.003693	0.000000	1.000000	0.000000	2.593750	0.170625	-0.052074	0.232123	-0.049455	0.213466	0.032413	2.355487	0.063138	6.131549	1.221719	2.000000	2.000000	0.192708	0.056603	0.284647	1.000000	0.000000	1.401345	[0.073019, 0.057851, 0.063979, 0.064288, 0.060516, 0.062335, 0.069227, 0.061897, 0.057592, 0.065002, 0.065424, 0.062894, 0.058291, 0.057166, 0.056989, 0.063531]	[0.116134, 0.041806, 0.06838, 0.049282, 0.048171, 0.053449, 0.056528, 0.077917, 0.027431, 0.106273, 0.072824, 0.046806, 0.069097, 0.065347, 0.030231, 0.070324]	15.208333	225.000001	3.201082	1171.159472	0.986299	[395.52832, 179.860153, 240.176086, 173.229309, 188.305466, 216.784912, 295.99231, 235.10083, 149.325684, 311.165863, 275.802948, 155.302826, 204.572754, 192.508591, 137.075912, 249.268097]	15.208333	450.000000	7.166667	2147.583333	0.032413	[766.375, 380.541687, 467.583344, 338.541687, 390.208344, 426.791687, 634.791687, 450.458344, 317.583344, 611.75, 558.125, 302.875, 380.916687, 378.375, 287.458344, 507.625]
1776991320.097	1	2050	2050	4.680296e-05	1.287714	1.277903	0.000000	0.013751	0.967359	0.000000	1.362327	1.363756	1.353942							0.800000	2	0.010000	0.010000	0.000000	0.000000	0.000000	0.000000	-0.000915	1.819495	-6.506981	10.049434	1.000000	0.000000	1.448653	0.526316	0.003568	0.000000	1.000000	0.000000	2.597291	0.169602	-0.052062	0.233016	-0.049455	0.213466	0.032641	2.355580	0.063150	6.060742	1.248564	2.000000	2.000000	0.205729	0.057237	0.281967	1.000000	0.000000	1.339768	[0.072498, 0.058606, 0.064725, 0.062534, 0.059356, 0.062297, 0.069526, 0.062487, 0.057413, 0.066306, 0.065445, 0.060936, 0.059052, 0.056668, 0.05896, 0.063191]	[0.110787, 0.040231, 0.067454, 0.047106, 0.043704, 0.058171, 0.077685, 0.081088, 0.026759, 0.112894, 0.059653, 0.039306, 0.066065, 0.054491, 0.040718, 0.073889]	15.208333	225.000001	2.929718	1136.305473	0.986249	[395.91217, 181.903625, 235.637985, 175.356125, 166.840057, 237.764618, 324.100037, 223.345322, 141.36705, 335.594482, 243.191376, 174.060226, 193.193756, 185.698242, 150.892548, 235.142502]	15.208333	450.000000	7.041667	2074.041667	0.032641	[763.25, 375.291687, 459.541687, 346.583344, 344.666687, 471.583344, 663.875, 436.625, 305.916687, 653.583374, 517.083374, 336.5, 364.333344, 371.833344, 306.958344, 482.375]
1776991396.344	1	2100	2100	4.540952e-05	1.303204	1.293393	0.000000	0.013757	0.967286	0.000000	1.345884	1.355849	1.346037							0.800000	2	0.010000	0.010000	0.000000	0.000000	0.000000	0.000000	-0.001587	1.830045	-6.680129	9.983361	1.000000	0.000000	1.445112	0.526171	0.003631	0.000000	1.000000	0.000000	2.594637	0.170603	-0.052055	0.233868	-0.049455	0.213466	0.032714	2.355671	0.063163	6.098529	1.217468	2.000000	2.000000	0.195312	0.057719	0.283486	1.000000	0.000000	1.369769	[0.074538, 0.05709, 0.065636, 0.062537, 0.059473, 0.063661, 0.068942, 0.062995, 0.057549, 0.065404, 0.065476, 0.0616, 0.057625, 0.05659, 0.05825, 0.062633]	[0.129352, 0.037755, 0.069051, 0.048009, 0.034282, 0.051713, 0.081875, 0.083542, 0.032523, 0.101366, 0.061134, 0.044722, 0.052523, 0.062662, 0.041806, 0.067685]	15.166667	225.000001	3.783178	1121.895777	0.986243	[435.213623, 178.271729, 224.535446, 186.459091, 176.536423, 217.805099, 298.843231, 248.677765, 154.11673, 315.037231, 242.225464, 181.881683, 176.008759, 179.176239, 147.429352, 237.782257]	15.166667	450.000000	9.000000	2044.833333	0.032714	[855.416687, 368.583344, 437.875, 367.375, 370.875, 433.708344, 619.0, 480.5, 329.5, 620.833374, 497.041687, 356.416687, 330.125, 356.916687, 295.041687, 480.791687]
1776991471.219	1	2150	2150	4.401396e-05	1.311037	1.301230	0.000000	0.013769	0.966880	0.000000	1.361207	1.358602	1.348792							0.800000	2	0.010000	0.010000	0.000000	0.000000	0.000000	0.000000	-0.006442	1.820519	-6.497710	10.274246	1.000000	0.000000	1.465687	0.519121	0.003587	0.000000	1.000000	0.000000	2.597538	0.168969	-0.052042	0.234861	-0.049455	0.213466	0.033120	2.355761	0.063174	6.074985	1.231285	2.000000	2.000000	0.192708	0.056995	0.280943	1.000000	0.000000	1.350634	[0.073906, 0.057707, 0.065245, 0.063627, 0.059798, 0.061017, 0.068173, 0.062749, 0.055495, 0.065236, 0.065824, 0.063277, 0.058364, 0.056778, 0.059468, 0.063337]	[0.129398, 0.043032, 0.067361, 0.046389, 0.039884, 0.052593, 0.081921, 0.074537, 0.026435, 0.098032, 0.061991, 0.056273, 0.055671, 0.058889, 0.042292, 0.065301]	15.083333	225.000000	3.350001	1155.656423	0.986231	[418.692627, 168.710403, 252.603271, 187.755234, 193.179688, 206.215942, 296.21991, 255.457504, 123.172661, 322.743011, 263.478821, 181.367981, 192.632874, 178.475372, 140.169815, 219.124924]	15.083333	450.000000	7.958333	2084.375000	0.033120	[818.625, 346.75, 483.625, 363.333344, 406.208344, 404.75, 606.791687, 499.541687, 263.5, 636.958374, 553.625, 357.333344, 364.125, 362.625, 287.458344, 444.75]
1776991551.118	1	2200	2200	4.261838e-05	1.384651	1.374846	0.000000	0.013785	0.966659	0.000000	1.374278	1.368750	1.358943	1.434587	1.434587	0.000000	0.000000	0.000000	4.197909	0.800000	2	0.010000	0.010000	0.000000	0.000000	0.000000	0.000000	-0.004402	1.832678	-6.709968	10.307339	1.000000	0.000000	1.436258	0.529978	0.003699	0.000000	1.000000	0.000000	2.594510	0.170471	-0.052030	0.235465	-0.049455	0.213466	0.033341	2.355846	0.063185	6.102249	1.260047	2.000000	2.000000	0.182292	0.058293	0.282648	1.000000	0.000000	1.321369	[0.073018, 0.057953, 0.065583, 0.063927, 0.059628, 0.062248, 0.067848, 0.063334, 0.055872, 0.064922, 0.064219, 0.064674, 0.056698, 0.057584, 0.058851, 0.063642]	[0.113819, 0.041019, 0.070093, 0.049676, 0.041551, 0.055787, 0.082199, 0.086134, 0.022824, 0.104676, 0.059838, 0.062153, 0.054421, 0.054769, 0.034977, 0.066065]	15.291667	224.999999	3.968694	1144.358770	0.986215	[416.797363, 176.73703, 240.192322, 188.564178, 185.405014, 212.072128, 307.148499, 252.713181, 123.315567, 328.899475, 245.427643, 187.094177, 160.304688, 190.996628, 143.54747, 240.78476]	15.291667	450.000000	9.250000	2072.125000	0.033341	[818.958374, 364.125, 467.208344, 372.666687, 388.958344, 420.125, 621.041687, 492.583344, 263.5, 639.666687, 502.333344, 362.291687, 305.541687, 387.916687, 297.208344, 495.875]
1776991625.947	1	2250	2250	4.122488e-05	1.267457	1.257650	0.000000	0.013801	0.966819	0.000000	1.362947	1.361565	1.351759							0.800000	2	0.010000	0.010000	0.000000	0.000000	0.000000	0.000000	-0.001646	1.837267	-6.602074	10.519661	1.000000	0.000000	1.435521	0.527999	0.003606	0.000000	1.000000	0.000000	2.594434	0.171234	-0.052020	0.235958	-0.049455	0.213466	0.033181	2.355931	0.063195	6.132705	1.234086	2.000000	2.000000	0.192708	0.058942	0.283526	1.000000	0.000000	1.345531	[0.073218, 0.058713, 0.06468, 0.063605, 0.061119, 0.059854, 0.068071, 0.063014, 0.056325, 0.066925, 0.064367, 0.062021, 0.056841, 0.057299, 0.059461, 0.064487]	[0.117708, 0.041551, 0.069769, 0.048889, 0.04169, 0.052986, 0.077315, 0.081227, 0.036088, 0.107917, 0.057315, 0.042523, 0.055093, 0.058032, 0.038218, 0.073681]	15.250000	225.000002	3.408635	1195.096967	0.986199	[429.29187, 181.6353, 239.985565, 184.071503, 185.263123, 189.252258, 298.88385, 251.641754, 145.361877, 349.472595, 237.719971, 176.02829, 171.08667, 191.858673, 134.548309, 233.898544]	15.250000	450.000000	8.000000	2164.708333	0.033181	[826.75, 380.041687, 476.958344, 353.708344, 393.083344, 366.041687, 602.875, 488.166687, 307.125, 687.875, 498.041687, 342.916687, 326.25, 389.5, 279.041687, 481.625]
1776991701.361	1	2300	2300	3.983555e-05	1.232754	1.222953	0.000000	0.013798	0.966391	0.000000	1.359670	1.358527	1.348723							0.800000	2	0.010000	0.010000	0.000000	0.000000	0.000000	0.000000	-0.002684	1.833564	-6.615494	10.319879	1.000000	0.000000	1.446094	0.525350	0.003564	0.000000	1.000000	0.000000	2.594631	0.170715	-0.052014	0.236529	-0.049455	0.213466	0.033609	2.356016	0.063206	6.055012	1.272853	2.000000	2.000000	0.182292	0.057975	0.283455	1.000000	0.000000	1.345734	[0.07457, 0.059062, 0.065506, 0.064407, 0.060012, 0.061279, 0.069546, 0.062386, 0.056679, 0.066894, 0.062731, 0.061084, 0.056874, 0.0573, 0.058264, 0.063408]	[0.128565, 0.039722, 0.071227, 0.049931, 0.048472, 0.054699, 0.083981, 0.081296, 0.03, 0.111181, 0.052384, 0.041528, 0.054769, 0.061366, 0.030625, 0.060255]	15.416667	225.000001	4.208732	1173.845929	0.986202	[425.481445, 174.983307, 251.998016, 186.859283, 182.584946, 210.918579, 313.003784, 244.288254, 135.458572, 341.506592, 226.304596, 168.990326, 177.554016, 201.951172, 134.737579, 223.379669]	15.416667	450.000000	9.833333	2139.916667	0.033609	[824.791687, 362.291687, 499.25, 359.458344, 378.375, 408.125, 644.291687, 466.958344, 290.666687, 676.791687, 470.541687, 332.75, 335.666687, 398.625, 286.541687, 464.875]
1776991777.397	1	2350	2350	3.845248e-05	1.259667	1.249866	0.000000	0.013826	0.966234	0.000000	1.374941	1.363633	1.353831							0.800000	2	0.010000	0.010000	0.000000	0.000000	0.000000	0.000000	-0.005428	1.810055	-6.589434	10.514157	1.000000	0.000000	1.485077	0.512764	0.003775	0.000000	1.000000	0.000000	2.599415	0.168908	-0.052002	0.237088	-0.049455	0.213466	0.033766	2.356095	0.063216	5.995585	1.259757	2.000000	2.000000	0.216146	0.056699	0.281117	1.000000	0.000000	1.403880	[0.075237, 0.05847, 0.06576, 0.06454, 0.060077, 0.062573, 0.06784, 0.061814, 0.055876, 0.06624, 0.065179, 0.06244, 0.056211, 0.057837, 0.056991, 0.062916]	[0.144282, 0.043102, 0.07537, 0.053356, 0.04588, 0.06287, 0.074491, 0.067593, 0.027315, 0.097037, 0.05875, 0.050162, 0.047708, 0.068542, 0.025509, 0.058032]	15.083333	224.999997	3.806509	1171.777283	0.986174	[428.186127, 202.606918, 252.247284, 190.437424, 179.253586, 203.520294, 306.496948, 228.550354, 135.44516, 350.174255, 240.252472, 181.383652, 166.127533, 197.156357, 116.550781, 221.611053]	15.083333	450.000000	9.166667	2112.916667	0.033766	[820.75, 414.208344, 499.0, 367.083344, 379.375, 400.791687, 641.0, 440.625, 284.541687, 696.791687, 502.833344, 343.041687, 317.541687, 392.333344, 241.083344, 459.0]
1776991858.779	1	2400	2400	3.707775e-05	1.325974	1.316176	0.000000	0.013843	0.965990	0.000000	1.356376	1.353939	1.344139	1.438255	1.438255	0.000000	0.000000	0.000000	4.213338	0.800000	2	0.010000	0.010000	0.000000	0.000000	0.000000	0.000000	-0.005208	1.810320	-6.594971	10.349964	1.000000	0.000000	1.473196	0.516777	0.003562	0.000000	1.000000	0.000000	2.599991	0.168128	-0.051994	0.237323	-0.049455	0.213466	0.034010	2.356172	0.063226	6.014800	1.250015	2.000000	2.000000	0.195312	0.056227	0.280028	1.000000	0.000000	1.347404	[0.072801, 0.058447, 0.066024, 0.064887, 0.060708, 0.060081, 0.067294, 0.063643, 0.05743, 0.066411, 0.064974, 0.062945, 0.057647, 0.05616, 0.056454, 0.064095]	[0.134745, 0.04537, 0.075926, 0.052199, 0.039606, 0.05581, 0.071319, 0.084236, 0.030625, 0.094977, 0.059676, 0.050856, 0.05912, 0.056065, 0.028125, 0.061343]	15.250000	225.000001	4.034708	1130.994087	0.986157	[412.96283, 197.703842, 252.286926, 202.051422, 195.646362, 191.854797, 318.516815, 243.646118, 136.256744, 323.399994, 229.505768, 174.927841, 187.314377, 186.33786, 122.475578, 225.1129]	15.250000	450.000000	9.583333	2050.916667	0.034010	[788.5, 408.25, 495.416687, 396.5, 413.666687, 380.166687, 671.875, 462.875, 289.291687, 649.666687, 472.041687, 338.166687, 354.708344, 370.0, 251.708344, 457.166687]
1776991934.631	1	2450	2450	3.571342e-05	1.417030	1.407236	0.000000	0.013847	0.965574	0.000000	1.338729	1.340693	1.330896							0.800000	2	0.010000	0.010000	0.000000	0.000000	0.000000	0.000000	-0.004125	1.812642	-6.472480	10.494159	1.000000	0.000000	1.454961	0.522915	0.003611	0.000000	1.000000	0.000000	2.594777	0.171158	-0.051985	0.237666	-0.049455	0.213466	0.034426	2.356251	0.063236	5.967832	1.244467	2.000000	2.000000	0.197917	0.058850	0.283467	1.000000	0.000000	1.393623	[0.075018, 0.058532, 0.067543, 0.064875, 0.059626, 0.061801, 0.068237, 0.062181, 0.055968, 0.064926, 0.061826, 0.063175, 0.057037, 0.058006, 0.056402, 0.064848]	[0.138125, 0.049398, 0.080579, 0.051713, 0.041944, 0.063056, 0.083009, 0.069907, 0.024097, 0.091736, 0.042824, 0.055417, 0.055278, 0.066134, 0.026111, 0.060671]	15.375000	225.000001	4.967154	1147.943659	0.986153	[420.360352, 217.019897, 254.204041, 191.873474, 173.787445, 190.055405, 339.817047, 239.83374, 133.719406, 307.673126, 216.995041, 167.241486, 195.818527, 202.819427, 127.878784, 220.902771]	15.375000	450.000000	11.333333	2083.291667	0.034426	[793.625, 437.583344, 496.166687, 376.416687, 368.583344, 381.625, 718.833374, 464.25, 279.916687, 626.5, 449.166687, 324.958344, 374.458344, 401.208344, 254.625, 452.083344]
1776992010.614	1	2500	2500	3.436156e-05	1.410196	1.400406	0.000000	0.013866	0.965212	0.000000	1.375558	1.362657	1.352863							0.800000	2	0.010000	0.010000	0.000000	0.000000	0.000000	0.000000	-0.005854	1.828599	-6.475004	10.340808	1.000000	0.000000	1.422768	0.535338	0.003595	0.000000	1.000000	0.000000	2.590394	0.172947	-0.051973	0.238117	-0.049455	0.213466	0.034788	2.356324	0.063245	6.023520	1.255647	2.000000	2.000000	0.187500	0.059482	0.286411	1.000000	0.000000	1.357617	[0.07384, 0.060412, 0.066554, 0.064509, 0.060975, 0.059902, 0.067661, 0.063866, 0.056713, 0.063913, 0.063474, 0.062503, 0.057474, 0.057244, 0.057584, 0.063376]	[0.136366, 0.060718, 0.077685, 0.049583, 0.047269, 0.056273, 0.069444, 0.081644, 0.030231, 0.080046, 0.050394, 0.048032, 0.05963, 0.063102, 0.03294, 0.056644]	15.375000	225.000001	3.403259	1163.577110	0.986134	[422.662201, 204.801331, 241.81427, 201.087585, 190.321869, 209.539185, 327.921326, 249.773773, 129.840546, 294.692505, 215.055786, 178.320053, 187.713043, 208.775177, 123.70874, 213.972626]	15.375000	450.000000	8.083333	2128.708333	0.034788	[784.625, 408.916687, 479.083344, 390.666687, 396.5, 413.75, 713.541687, 481.75, 279.041687, 606.25, 437.708344, 343.5, 357.416687, 411.458344, 246.958344, 448.833344]
1776992087.829	1	2550	2550	3.302418e-05	1.430726	1.420941	0.000000	0.013858	0.964714	0.000000	1.352614	1.355460	1.345670							0.800000	2	0.010000	0.010000	0.000000	0.000000	0.000000	0.000000	0.002248	1.842478	-6.494632	10.374297	1.000000	0.000000	1.422297	0.532128	0.003625	0.000000	1.000000	0.000000	2.589851	0.173474	-0.051966	0.238356	-0.049455	0.213466	0.035286	2.356393	0.063254	6.051823	1.273780	2.000000	2.000000	0.184896	0.060498	0.286451	1.000000	0.000000	1.333195	[0.075647, 0.059896, 0.063791, 0.066393, 0.05902, 0.058853, 0.067888, 0.063465, 0.056584, 0.06485, 0.065689, 0.060018, 0.059955, 0.056301, 0.058493, 0.063155]	[0.134491, 0.058657, 0.066968, 0.054213, 0.035972, 0.051736, 0.070856, 0.069745, 0.029722, 0.087361, 0.056968, 0.044792, 0.075278, 0.056505, 0.042153, 0.064583]	15.333333	225.000001	4.756914	1171.088362	0.986142	[419.191101, 205.333115, 238.305328, 203.507538, 179.879028, 216.180237, 306.271057, 245.548935, 130.866638, 299.109344, 224.25798, 179.958923, 213.165833, 201.630493, 130.573364, 206.221237]	15.333333	450.000000	11.375000	2110.041667	0.035286	[783.375, 408.5, 479.875, 393.208344, 384.958344, 421.666687, 672.375, 477.333344, 281.166687, 613.083374, 445.541687, 350.958344, 402.25, 403.5, 258.916687, 423.291687]
1776992169.111	1	2600	2600	3.170331e-05	1.376616	1.366832	0.000000	0.013878	0.964470	0.000000	1.364457	1.362750	1.352964	1.435283	1.435283	0.000000	0.000000	0.000000	4.200832	0.800000	2	0.010000	0.010000	0.000000	0.000000	0.000000	0.000000	0.001744	1.844840	-6.560612	10.208693	1.000000	0.000000	1.406963	0.539160	0.003594	0.000000	1.000000	0.000000	2.588066	0.175400	-0.051957	0.238884	-0.049455	0.213466	0.035530	2.356459	0.063263	6.115631	1.219408	2.000000	2.000000	0.197917	0.062890	0.287909	1.000000	0.000000	1.367823	[0.07476, 0.058884, 0.063896, 0.067274, 0.059065, 0.059699, 0.068123, 0.062566, 0.055137, 0.064127, 0.064338, 0.061781, 0.057861, 0.059342, 0.058576, 0.064573]	[0.141875, 0.053495, 0.056481, 0.058333, 0.042523, 0.058519, 0.074491, 0.066574, 0.023935, 0.081088, 0.053681, 0.045301, 0.065278, 0.064653, 0.042037, 0.071736]	15.250000	225.000000	4.371251	1139.749936	0.986122	[416.646545, 215.173431, 203.081848, 204.591415, 174.131943, 208.599518, 323.1922, 219.58667, 124.915771, 302.792328, 240.742798, 165.595749, 224.051788, 200.116608, 138.823181, 237.95842]	15.250000	450.000000	10.750000	2067.916667	0.035530	[766.875, 428.625, 412.583344, 392.333344, 369.166687, 407.583344, 694.583374, 436.416687, 264.208344, 621.625, 498.166687, 324.958344, 420.041687, 395.791687, 278.875, 488.166687]
1776992246.714	1	2650	2650	3.040092e-05	1.212989	1.203211	0.000000	0.013886	0.963903	0.000000	1.368733	1.368482	1.358700							0.800000	2	0.010000	0.010000	0.000000	0.000000	0.000000	0.000000	-0.000216	1.827031	-6.563808	10.413673	1.000000	0.000000	1.435146	0.527240	0.003686	0.000000	1.000000	0.000000	2.595406	0.171240	-0.051949	0.239437	-0.049455	0.213466	0.036097	2.356524	0.063272	6.015355	1.245768	2.000000	2.000000	0.192708	0.059542	0.282938	1.000000	0.000000	1.355259	[0.073156, 0.060064, 0.063712, 0.066403, 0.058896, 0.060238, 0.068429, 0.062452, 0.055691, 0.06625, 0.066135, 0.062202, 0.057634, 0.057201, 0.057469, 0.064067]	[0.14, 0.05919, 0.059884, 0.052917, 0.042245, 0.05537, 0.074444, 0.067431, 0.027315, 0.092801, 0.063194, 0.045718, 0.062338, 0.054676, 0.039676, 0.062801]	15.375000	224.999999	3.672654	1137.949740	0.986114	[410.093964, 207.767014, 221.854782, 209.493698, 170.899933, 219.229721, 310.713257, 218.393066, 134.368958, 318.810516, 231.188934, 180.997742, 193.859238, 203.379547, 126.973923, 241.9758]	15.375000	450.000000	8.916667	2084.916667	0.036097	[766.833374, 415.666687, 450.0, 406.625, 354.541687, 430.166687, 668.041687, 426.916687, 284.916687, 660.166687, 468.333344, 351.208344, 369.958344, 400.291687, 251.458344, 494.875]
1776992323.549	1	2700	2700	2.911898e-05	1.346313	1.336539	0.000000	0.013894	0.963529	0.000000	1.360839	1.360804	1.351026							0.800000	2	0.010000	0.010000	0.000000	0.000000	0.000000	0.000000	0.000132	1.835924	-6.660426	10.593349	1.000000	0.000000	1.456701	0.518708	0.003617	0.000000	1.000000	0.000000	2.599645	0.169422	-0.051946	0.239858	-0.049455	0.213466	0.036471	2.356587	0.063279	6.067043	1.233793	2.000000	2.000000	0.200521	0.058293	0.280551	1.000000	0.000000	1.318862	[0.073103, 0.06012, 0.066251, 0.064842, 0.058777, 0.059065, 0.068093, 0.063693, 0.056515, 0.065625, 0.065636, 0.061394, 0.05743, 0.057147, 0.057834, 0.064476]	[0.139583, 0.052037, 0.064514, 0.049653, 0.038935, 0.051227, 0.070486, 0.07956, 0.03037, 0.090903, 0.058796, 0.047153, 0.061134, 0.060787, 0.036713, 0.068148]	15.333333	225.000002	4.971246	1127.431053	0.986106	[426.497406, 199.654999, 227.942917, 209.243011, 168.388519, 202.344757, 310.346466, 229.496552, 131.278549, 334.253143, 238.133881, 184.279099, 183.904709, 197.388977, 128.49173, 228.355438]	15.333333	450.000000	11.750000	2046.666667	0.036471	[797.583374, 407.791687, 465.0, 401.583344, 350.375, 392.291687, 668.25, 450.75, 277.666687, 681.125, 482.625, 359.916687, 346.541687, 392.666687, 256.291687, 469.541687]
1776992399.741	1	2750	2750	2.785940e-05	1.265587	1.255814	0.000000	0.013908	0.963429	0.000000	1.320494	1.335547	1.325772							0.800000	2	0.010000	0.010000	0.000000	0.000000	0.000000	0.000000	-0.003581	1.839381	-6.406158	10.194262	1.000000	0.000000	1.434534	0.527240	0.003642	0.000000	1.000000	0.000000	2.592275	0.173380	-0.051938	0.240631	-0.049455	0.213466	0.036571	2.356644	0.063287	6.102894	1.216600	2.000000	2.000000	0.177083	0.061104	0.285657	1.000000	0.000000	1.385586	[0.074765, 0.057953, 0.064274, 0.065816, 0.060034, 0.060453, 0.067427, 0.064143, 0.057331, 0.065283, 0.067145, 0.061255, 0.055235, 0.058038, 0.057705, 0.063142]	[0.149792, 0.041505, 0.05838, 0.056296, 0.044907, 0.053704, 0.063287, 0.079653, 0.034468, 0.086296, 0.072639, 0.046319, 0.047824, 0.064884, 0.041366, 0.058681]	15.291667	225.000001	4.520014	1201.123411	0.986092	[461.304016, 183.803314, 216.901657, 192.913315, 176.978806, 187.778244, 320.627197, 247.64502, 143.640976, 298.298889, 245.279785, 162.885193, 179.639587, 209.881638, 140.412369, 232.010056]	15.291667	450.000000	10.583333	2172.375000	0.036571	[864.208374, 382.916687, 436.0, 370.666687, 369.833344, 368.625, 718.125, 478.125, 304.375, 613.041687, 469.583344, 318.125, 341.625, 404.0, 279.958344, 480.791687]
1776992481.946	2	2800	2800	2.662409e-05	1.240410	1.230638	0.000000	0.013918	0.963284	0.000000	1.361430	1.348519	1.338745	1.431146	1.431146	0.000000	0.000000	0.000000	4.183492	0.800000	2	0.010000	0.010000	0.000000	0.000000	0.000000	0.000000	0.003278	1.837609	-6.704995	10.429957	1.000000	0.000000	1.429378	0.530938	0.003652	0.000000	1.000000	0.000000	2.590284	0.173407	-0.051933	0.241057	-0.049455	0.213466	0.036716	2.356705	0.063293	6.103149	1.234553	2.000000	2.000000	0.197917	0.060820	0.285993	1.000000	0.000000	1.382997	[0.074796, 0.059615, 0.063442, 0.063246, 0.060306, 0.060267, 0.068263, 0.062379, 0.056525, 0.065501, 0.071473, 0.058821, 0.058654, 0.056351, 0.056892, 0.063468]	[0.141042, 0.055185, 0.063819, 0.044468, 0.040903, 0.049954, 0.061343, 0.076898, 0.034884, 0.087338, 0.074259, 0.038519, 0.071644, 0.062292, 0.036852, 0.060602]	15.291667	225.000003	4.868981	1134.860748	0.986082	[424.874451, 217.267273, 228.928757, 185.161652, 174.660217, 180.234558, 309.600372, 249.720459, 143.732361, 299.142303, 253.631836, 158.905426, 205.098572, 198.303757, 140.31955, 230.41861]	15.291667	450.000000	11.791667	2061.583333	0.036716	[807.0, 437.791687, 451.166687, 360.666687, 368.083344, 353.583344, 692.333374, 480.375, 299.458344, 612.166687, 494.5, 312.25, 384.625, 385.208344, 282.291687, 478.5]
1776992558.474	2	2850	2850	2.541491e-05	1.134049	1.124279	0.000000	0.013912	0.963106	0.000000	1.311741	1.323664	1.313892							0.800000	2	0.010000	0.010000	0.000000	0.000000	0.000000	0.000000	-0.006761	1.856496	-6.757284	10.195892	1.000000	0.000000	1.426903	0.530669	0.003664	0.000000	1.000000	0.000000	2.588606	0.175215	-0.051927	0.241114	-0.049455	0.213466	0.036894	2.356754	0.063300	6.133498	1.226960	2.000000	2.000000	0.192708	0.062187	0.288243	1.000000	0.000000	1.372410	[0.074879, 0.05829, 0.065611, 0.064339, 0.060266, 0.059277, 0.068245, 0.063973, 0.055849, 0.063889, 0.067114, 0.061504, 0.057197, 0.057806, 0.058577, 0.063184]	[0.136829, 0.047477, 0.066319, 0.054468, 0.044097, 0.05213, 0.06912, 0.07537, 0.029398, 0.078171, 0.066806, 0.048866, 0.057245, 0.069051, 0.044514, 0.060139]	15.208333	225.000003	3.885160	1206.600705	0.986088	[416.154785, 205.687469, 226.446289, 198.096481, 173.860092, 208.861542, 302.768829, 222.37085, 137.637787, 297.314545, 244.14505, 163.384827, 234.494675, 187.428345, 136.820877, 244.527634]	15.208333	450.000000	9.541667	2158.875000	0.036894	[796.958374, 415.708344, 433.875, 391.958344, 361.166687, 402.458344, 679.291687, 441.125, 286.375, 614.708374, 475.166687, 325.666687, 438.875, 364.625, 267.916687, 504.125]
1776992634.916	2	2900	2900	2.423366e-05	1.191239	1.181472	0.000000	0.013916	0.962875	0.000000	1.295916	1.305974	1.296205							0.800000	2	0.010000	0.010000	0.000000	0.000000	0.000000	0.000000	-0.000681	1.849747	-6.649240	10.170012	1.000000	0.000000	1.418234	0.535908	0.003584	0.000000	1.000000	0.000000	2.587095	0.175755	-0.051924	0.241176	-0.049455	0.213466	0.037126	2.356805	0.063306	6.122662	1.237222	2.000000	2.000000	0.190104	0.062474	0.289036	1.000000	0.000000	1.385480	[0.074462, 0.058367, 0.064664, 0.064762, 0.05931, 0.0606, 0.068177, 0.063076, 0.056953, 0.065253, 0.066657, 0.060768, 0.05838, 0.056554, 0.057618, 0.064399]	[0.134444, 0.045532, 0.064468, 0.04912, 0.035972, 0.056852, 0.070625, 0.076921, 0.033032, 0.081644, 0.065718, 0.040463, 0.069815, 0.062685, 0.043981, 0.068727]	15.291667	224.999999	4.136455	1231.043584	0.986084	[432.268738, 191.058517, 228.552826, 181.539124, 180.064117, 215.04155, 311.68811, 250.92041, 137.633133, 289.657959, 244.16452, 163.457153, 192.140747, 193.018677, 148.1922, 240.602386]	15.291667	450.000000	9.750000	2195.041667	0.037126	[814.625, 395.041687, 444.666687, 352.833344, 378.166687, 412.041687, 693.708374, 489.958344, 293.791687, 602.083374, 477.458344, 326.375, 360.5, 372.166687, 289.208344, 497.375]
1776992712.425	2	2950	2950	2.308213e-05	1.268146	1.258379	0.000000	0.013906	0.962745	0.000000	1.281564	1.289607	1.279839							0.800000	2	0.010000	0.010000	0.000000	0.000000	0.000000	0.000000	-0.003881	1.868598	-6.967515	10.336551	1.000000	0.000000	1.396473	0.541860	0.003589	0.000000	1.000000	0.000000	2.585547	0.175882	-0.051924	0.241474	-0.049455	0.213466	0.037255	2.356849	0.063312	6.195139	1.220969	2.000000	2.000000	0.182292	0.062286	0.289479	1.000000	0.000000	1.390802	[0.074166, 0.05793, 0.064774, 0.064889, 0.058472, 0.060884, 0.067334, 0.061423, 0.057307, 0.066534, 0.070097, 0.061133, 0.058992, 0.055552, 0.056478, 0.064034]	[0.131574, 0.046111, 0.074074, 0.049676, 0.034491, 0.059236, 0.054931, 0.068981, 0.033009, 0.091713, 0.078681, 0.042014, 0.073079, 0.059931, 0.03963, 0.06287]	15.333333	224.999999	4.305440	1236.797132	0.986094	[420.364838, 185.754852, 233.659958, 183.874023, 169.820892, 227.019089, 305.743774, 253.137497, 137.013931, 328.181854, 256.56369, 143.240051, 187.229294, 209.819946, 139.668747, 218.907623]	15.333333	450.000000	9.916667	2222.291667	0.037255	[811.0, 386.541687, 452.75, 358.375, 352.041687, 434.541687, 703.875, 500.041687, 292.041687, 660.458374, 481.208344, 277.75, 351.291687, 410.333344, 270.041687, 457.708344]
1776992794.810	2	3000	3000	2.196205e-05	1.222692	1.212926	0.000000	0.013907	0.962626	0.000000	1.289266	1.285496	1.275729	1.437282	1.437282	0.000000	0.000000	0.000000	4.209238	0.800000	2	0.010000	0.010000	0.000000	0.000000	0.000000	0.000000	0.001764	1.858932	-6.838711	10.321129	1.000000	0.000000	1.410015	0.538372	0.003658	0.000000	1.000000	0.000000	2.590088	0.173446	-0.051920	0.241665	-0.049455	0.213466	0.037374	2.356891	0.063318	6.075804	1.245783	2.000000	2.000000	0.187500	0.059307	0.287586	1.000000	0.000000	1.383429	[0.073886, 0.058463, 0.063784, 0.063744, 0.059077, 0.062004, 0.068146, 0.062158, 0.056873, 0.067325, 0.068271, 0.060234, 0.060246, 0.055341, 0.05702, 0.063428]	[0.124444, 0.045417, 0.068773, 0.047269, 0.045116, 0.066944, 0.053681, 0.074028, 0.028634, 0.102731, 0.073472, 0.036505, 0.077616, 0.058056, 0.039097, 0.058218]	15.250000	225.000001	3.646540	1207.094035	0.986093	[417.690613, 187.527985, 235.565536, 191.411224, 173.226364, 234.652328, 290.398773, 248.941254, 134.727768, 324.968842, 245.376694, 149.184052, 211.115036, 188.8134, 141.039825, 225.360443]	15.250000	450.000000	8.791667	2184.916667	0.037374	[810.375, 383.791687, 461.875, 372.291687, 358.791687, 444.708344, 646.166687, 488.625, 291.291687, 651.833374, 486.541687, 298.541687, 393.125, 371.875, 274.625, 465.541687]
1776992871.290	2	3050	3050	2.087510e-05	1.427836	1.418071	0.000000	0.013912	0.962590	0.000000	1.281768	1.285524	1.275759							0.800000	2	0.010000	0.010000	0.000000	0.000000	0.000000	0.000000	0.000096	1.878916	-6.964297	10.734862	1.000000	0.000000	1.384439	0.546954	0.003672	0.000000	1.000000	0.000000	2.583951	0.176877	-0.051915	0.241863	-0.049455	0.213466	0.037410	2.356935	0.063325	6.168009	1.274495	2.000000	2.000000	0.184896	0.063073	0.290682	1.000000	0.000000	1.313229	[0.073967, 0.058655, 0.06507, 0.063794, 0.059081, 0.062103, 0.068031, 0.063447, 0.056344, 0.067151, 0.066405, 0.060501, 0.058204, 0.056912, 0.057959, 0.062376]	[0.116157, 0.045162, 0.066458, 0.05, 0.046319, 0.061968, 0.065417, 0.07956, 0.028634, 0.107014, 0.064074, 0.044769, 0.063102, 0.062222, 0.041759, 0.057384]	15.291667	225.000003	3.767319	1215.800934	0.986088	[423.266907, 195.724899, 241.469452, 177.328949, 172.618576, 219.554245, 298.685822, 262.673767, 139.209778, 317.215912, 249.196259, 148.737823, 185.740082, 196.748703, 145.911453, 225.91748]	15.291667	450.000000	8.666667	2210.000000	0.037410	[825.875, 402.5, 466.0, 349.583344, 357.416687, 418.166687, 662.708374, 518.166687, 296.458344, 633.583374, 492.833344, 288.083344, 346.791687, 389.291687, 279.916687, 472.625]
1776992947.038	2	3100	3100	1.982291e-05	1.235032	1.225272	0.000000	0.013914	0.962122	0.000000	1.293449	1.289571	1.279808							0.800000	2	0.010000	0.010000	0.000000	0.000000	0.000000	0.000000	-0.000399	1.867412	-6.720979	10.343195	1.000000	0.000000	1.394888	0.541576	0.003676	0.000000	1.000000	0.000000	2.585160	0.176334	-0.051908	0.242106	-0.049455	0.213466	0.037878	2.356973	0.063329	6.180006	1.231938	2.000000	2.000000	0.190104	0.062174	0.290495	1.000000	0.000000	1.378628	[0.074769, 0.059763, 0.064161, 0.064625, 0.059064, 0.061544, 0.067901, 0.061352, 0.056707, 0.067256, 0.069767, 0.059285, 0.057957, 0.055673, 0.056368, 0.063808]	[0.126829, 0.051412, 0.065278, 0.051319, 0.038125, 0.059282, 0.057801, 0.070602, 0.03338, 0.104676, 0.076597, 0.034815, 0.066875, 0.062199, 0.038565, 0.062245]	15.333333	225.000001	4.961247	1163.896708	0.986086	[418.303589, 205.491135, 234.773254, 194.648178, 166.829819, 215.18689, 285.528809, 222.297104, 140.759979, 341.478516, 255.831757, 165.706924, 200.369202, 180.948044, 131.793365, 240.053497]	15.333333	450.000000	11.625000	2108.916667	0.037878	[816.416687, 417.166687, 463.75, 384.875, 348.166687, 411.125, 639.333374, 429.875, 298.333344, 678.083374, 499.291687, 320.541687, 373.208344, 356.083344, 262.041687, 501.708344]
1776993022.522	2	3150	3150	1.880707e-05	1.369957	1.360200	0.000000	0.013910	0.961740	0.000000	1.322038	1.313427	1.303667							0.800000	2	0.010000	0.010000	0.000000	0.000000	0.000000	0.000000	0.002579	1.860139	-6.775376	10.205357	1.000000	0.000000	1.384601	0.546835	0.003679	0.000000	1.000000	0.000000	2.582413	0.177361	-0.051905	0.242103	-0.049455	0.213466	0.038260	2.357013	0.063335	6.168508	1.237717	2.000000	2.000000	0.192708	0.062445	0.292278	1.000000	0.000000	1.390127	[0.074563, 0.058454, 0.064353, 0.065212, 0.059406, 0.061809, 0.068323, 0.062587, 0.055548, 0.065541, 0.06802, 0.059619, 0.059358, 0.056037, 0.058045, 0.063126]	[0.130278, 0.048704, 0.068102, 0.051713, 0.04, 0.068843, 0.058866, 0.0725, 0.028264, 0.085741, 0.076412, 0.037338, 0.072963, 0.056181, 0.044144, 0.059954]	15.333333	224.999997	3.724394	1222.233988	0.986090	[428.878754, 205.217499, 256.859863, 183.936768, 166.420593, 226.959686, 298.372009, 238.807587, 131.463547, 306.162872, 251.810547, 144.395081, 203.026215, 189.87735, 141.224762, 226.586945]	15.333333	450.000000	8.875000	2215.375000	0.038260	[825.291687, 416.833344, 499.041687, 361.041687, 344.166687, 433.916687, 662.458374, 467.875, 281.791687, 620.208374, 498.875, 281.083344, 380.125, 374.25, 278.625, 474.416687]
1776993102.259	2	3200	3200	1.782910e-05	1.162051	1.152300	0.000000	0.013918	0.961120	0.000000	1.291091	1.302548	1.292793	1.431944	1.431944	0.000000	0.000000	0.000000	4.186830	0.800000	2	0.010000	0.010000	0.000000	0.000000	0.000000	0.000000	-0.004408	1.849524	-6.804615	10.601221	1.000000	0.000000	1.409577	0.539136	0.003690	0.000000	1.000000	0.000000	2.587749	0.174152	-0.051900	0.242281	-0.049455	0.213466	0.038880	2.357047	0.063340	6.125404	1.253478	2.000000	2.000000	0.179688	0.059751	0.288553	1.000000	0.000000	1.353790	[0.073565, 0.061316, 0.064287, 0.064314, 0.059681, 0.060291, 0.068127, 0.06182, 0.05674, 0.067465, 0.067479, 0.060536, 0.058861, 0.054317, 0.057115, 0.064085]	[0.12412, 0.059514, 0.062315, 0.046644, 0.036759, 0.053796, 0.068449, 0.071898, 0.030787, 0.109005, 0.068056, 0.040648, 0.071343, 0.047917, 0.041458, 0.067292]	15.125000	224.999999	4.075766	1174.451650	0.986082	[407.924194, 216.296799, 254.1633, 178.598923, 174.743225, 208.754578, 290.847656, 221.208466, 129.37146, 319.273193, 249.436768, 176.104553, 219.227997, 184.470261, 129.185242, 240.393417]	15.125000	450.000000	9.583333	2138.416667	0.038880	[792.083374, 431.166687, 491.833344, 366.5, 369.208344, 406.666687, 642.125, 431.625, 272.458344, 639.25, 493.666687, 336.333344, 410.5, 363.0, 253.25, 500.333344]
1776993178.745	2	3250	3250	1.689048e-05	1.244076	1.234331	0.000000	0.013918	0.960580	0.000000	1.283349	1.284423	1.274672							0.800000	2	0.010000	0.010000	0.000000	0.000000	0.000000	0.000000	-0.005236	1.847092	-6.755700	10.165493	1.000000	0.000000	1.415548	0.538782	0.003573	0.000000	1.000000	0.000000	2.586823	0.174724	-0.051897	0.242359	-0.049455	0.213466	0.039421	2.357080	0.063345	6.108640	1.242194	2.000000	2.000000	0.200521	0.060412	0.289036	1.000000	0.000000	1.361460	[0.073636, 0.058989, 0.066301, 0.063077, 0.060565, 0.062014, 0.066851, 0.062213, 0.055877, 0.065905, 0.068614, 0.061761, 0.05861, 0.055345, 0.057294, 0.062948]	[0.119236, 0.051296, 0.080347, 0.043287, 0.048356, 0.066181, 0.055023, 0.074931, 0.029074, 0.099097, 0.072176, 0.04713, 0.067593, 0.060255, 0.037083, 0.048935]	15.208333	225.000001	4.361177	1206.339742	0.986082	[411.612152, 203.424225, 266.312561, 197.841492, 176.605698, 225.008057, 259.211975, 236.236984, 126.877289, 317.221222, 252.068939, 183.21788, 193.687592, 186.36554, 133.418274, 230.890198]	15.208333	450.000000	10.708333	2173.875000	0.039421	[809.0, 405.041687, 514.833374, 407.208344, 373.0, 433.291687, 578.958374, 456.083344, 274.541687, 637.583374, 480.458344, 348.333344, 364.458344, 369.666687, 262.333344, 485.208344]
1776993255.438	2	3300	3300	1.599261e-05	1.453639	1.443895	0.000000	0.013921	0.960523	0.000000	1.309746	1.302696	1.292950							0.800000	2	0.010000	0.010000	0.000000	0.000000	0.000000	0.000000	-0.000046	1.858144	-6.655183	10.365096	1.000000	0.000000	1.403236	0.543364	0.003636	0.000000	1.000000	0.000000	2.584662	0.175858	-0.051898	0.242550	-0.049455	0.213466	0.039477	2.357113	0.063349	6.150394	1.262654	2.000000	2.000000	0.192708	0.061644	0.290071	1.000000	0.000000	1.338433	[0.073658, 0.059399, 0.065514, 0.06377, 0.059961, 0.060209, 0.066776, 0.062406, 0.056838, 0.065054, 0.068626, 0.061563, 0.060315, 0.054916, 0.057041, 0.063956]	[0.125741, 0.051829, 0.078958, 0.045069, 0.039259, 0.056412, 0.060417, 0.080139, 0.031713, 0.088611, 0.068681, 0.044745, 0.074028, 0.053472, 0.041597, 0.059329]	15.375000	224.999999	3.941825	1225.704592	0.986079	[415.416504, 206.098969, 264.260193, 186.057159, 185.442307, 212.306274, 265.045166, 225.687485, 144.273193, 309.07428, 264.046844, 169.407288, 213.840012, 179.502777, 133.108673, 226.433029]	15.375000	450.000000	9.541667	2196.041667	0.039477	[808.333374, 408.5, 506.958344, 379.041687, 399.791687, 406.5, 596.375, 438.708344, 304.583344, 625.5, 509.041687, 331.291687, 397.375, 352.291687, 261.833344, 473.875]
1776993331.449	2	3350	3350	1.513685e-05	1.188997	1.179253	0.000000	0.013927	0.960528	0.000000	1.309198	1.305749	1.296004							0.800000	2	0.010000	0.010000	0.000000	0.000000	0.000000	0.000000	-0.000180	1.867343	-6.911494	10.341596	1.000000	0.000000	1.398533	0.544264	0.003571	0.000000	1.000000	0.000000	2.580913	0.178006	-0.051895	0.242760	-0.049455	0.213466	0.039472	2.357143	0.063354	6.207550	1.215818	2.000000	2.000000	0.195312	0.064119	0.291893	1.000000	0.000000	1.357336	[0.074228, 0.059092, 0.066397, 0.062723, 0.060665, 0.061106, 0.066039, 0.060975, 0.056727, 0.064633, 0.071366, 0.06142, 0.058731, 0.055164, 0.056745, 0.063987]	[0.130486, 0.052245, 0.080301, 0.041898, 0.042384, 0.058056, 0.051435, 0.07419, 0.034259, 0.083542, 0.082546, 0.043542, 0.063542, 0.063819, 0.039421, 0.058333]	15.291667	225.000002	4.306466	1233.947751	0.986073	[428.766449, 199.575623, 254.961472, 173.708923, 178.251022, 222.833054, 259.772583, 232.592041, 142.783386, 292.97467, 291.454163, 161.115768, 203.193695, 194.27037, 128.007629, 235.739182]	15.291667	450.000000	10.541667	2202.416667	0.039472	[830.875, 402.708344, 486.541687, 349.416687, 379.291687, 428.333344, 596.291687, 452.75, 303.291687, 599.75, 555.791687, 310.958344, 376.875, 372.333344, 254.875, 499.916687]
1776993413.301	2	3400	3400	1.432447e-05	1.203709	1.193964	0.000000	0.013929	0.960614	0.000000	1.289273	1.294820	1.285074	1.439332	1.439332	0.000000	0.000000	0.000000	4.217878	0.800000	2	0.010000	0.010000	0.000000	0.000000	0.000000	0.000000	-0.001795	1.875369	-6.861728	10.415488	1.000000	0.000000	1.406188	0.540349	0.003652	0.000000	1.000000	0.000000	2.585451	0.176355	-0.051893	0.242848	-0.049455	0.213466	0.039386	2.357173	0.063357	6.201755	1.205260	2.000000	2.000000	0.192708	0.062745	0.289964	1.000000	0.000000	1.413623	[0.074877, 0.057462, 0.066425, 0.062957, 0.059798, 0.061063, 0.067035, 0.062331, 0.056867, 0.065397, 0.068944, 0.061843, 0.057974, 0.055872, 0.057682, 0.063472]	[0.13669, 0.045694, 0.073958, 0.046134, 0.042153, 0.055972, 0.053588, 0.077384, 0.028565, 0.0875, 0.079884, 0.04037, 0.061968, 0.068333, 0.043912, 0.057894]	15.166667	225.000001	3.742831	1223.718424	0.986071	[423.10791, 201.960968, 258.727295, 174.023682, 174.706329, 202.85228, 270.953613, 242.811249, 135.611389, 305.740601, 266.939789, 176.628662, 209.631165, 190.989853, 140.506088, 224.809204]	15.166667	450.000000	8.791667	2192.666667	0.039386	[821.208374, 407.791687, 489.125, 352.333344, 374.541687, 396.791687, 610.583374, 473.75, 291.291687, 618.791687, 513.583374, 339.416687, 393.416687, 376.458344, 273.166687, 467.75]
1776993489.541	2	3450	3450	1.355672e-05	1.352372	1.342627	0.000000	0.013927	0.960604	0.000000	1.296724	1.292572	1.282827							0.800000	2	0.010000	0.010000	0.000000	0.000000	0.000000	0.000000	0.001407	1.853202	-6.767904	10.421437	1.000000	0.000000	1.401936	0.543141	0.003561	0.000000	1.000000	0.000000	2.586569	0.175690	-0.051892	0.242957	-0.049455	0.213466	0.039396	2.357202	0.063361	6.090322	1.253299	2.000000	2.000000	0.203125	0.062144	0.289236	1.000000	0.000000	1.378130	[0.074016, 0.057638, 0.06556, 0.064646, 0.0596, 0.060967, 0.067644, 0.06243, 0.056875, 0.065937, 0.068541, 0.060523, 0.058912, 0.056076, 0.057213, 0.063423]	[0.134005, 0.047986, 0.074954, 0.044306, 0.041273, 0.063681, 0.057176, 0.074954, 0.028611, 0.087523, 0.079838, 0.041412, 0.070787, 0.061551, 0.040532, 0.051412]	15.125000	224.999999	3.741796	1209.376821	0.986073	[416.952484, 194.996674, 252.803955, 180.956909, 173.016708, 204.442429, 279.631653, 245.563156, 140.697327, 311.83905, 269.605469, 151.285736, 213.038727, 191.553436, 144.082672, 229.533691]	15.125000	450.000000	9.000000	2171.083333	0.039396	[806.583374, 400.0, 482.333344, 359.708344, 364.708344, 395.291687, 612.916687, 482.25, 300.416687, 636.083374, 534.625, 300.916687, 397.916687, 371.791687, 276.25, 478.208344]
1776993566.109	2	3500	3500	1.283472e-05	1.249163	1.239421	0.000000	0.013925	0.960332	0.000000	1.283797	1.286393	1.276648							0.800000	2	0.010000	0.010000	0.000000	0.000000	0.000000	0.000000	0.000687	1.878688	-6.707555	10.276081	1.000000	0.000000	1.392267	0.544277	0.003560	0.000000	1.000000	0.000000	2.584896	0.175962	-0.051888	0.243087	-0.049455	0.213466	0.039668	2.357229	0.063364	6.179133	1.259934	2.000000	2.000000	0.184896	0.062129	0.289795	1.000000	0.000000	1.316680	[0.074642, 0.058373, 0.065557, 0.063081, 0.059113, 0.062494, 0.067488, 0.063487, 0.056261, 0.066021, 0.067818, 0.06085, 0.058845, 0.055745, 0.05764, 0.062585]	[0.126574, 0.045972, 0.069977, 0.045208, 0.040509, 0.059977, 0.06544, 0.083264, 0.026944, 0.096435, 0.073194, 0.044931, 0.067593, 0.059491, 0.039282, 0.055208]	15.291667	224.999999	4.537290	1176.594409	0.986075	[421.296722, 200.527206, 247.761826, 175.43454, 173.743652, 215.069809, 288.487915, 246.130737, 139.493622, 321.982391, 257.12561, 161.776276, 204.139282, 182.771652, 140.727844, 223.531006]	15.291667	450.000000	10.791667	2127.291667	0.039668	[816.708374, 406.875, 475.583344, 346.666687, 368.833344, 417.041687, 633.458374, 481.625, 298.083344, 651.583374, 511.833344, 315.166687, 379.125, 361.166687, 275.791687, 460.458344]
1776993643.754	2	3550	3550	1.215959e-05	1.219452	1.209710	0.000000	0.013922	0.960272	0.000000	1.282884	1.283082	1.273339							0.800000	2	0.010000	0.010000	0.000000	0.000000	0.000000	0.000000	0.005116	1.860760	-6.905655	10.212398	1.000000	0.000000	1.402611	0.540775	0.003564	0.000000	1.000000	0.000000	2.585724	0.176061	-0.051888	0.242993	-0.049455	0.213466	0.039728	2.357256	0.063367	6.177755	1.229435	2.000000	2.000000	0.205729	0.062054	0.290068	1.000000	0.000000	1.423047	[0.074416, 0.058484, 0.065572, 0.064611, 0.059814, 0.061095, 0.067813, 0.062714, 0.056507, 0.066394, 0.069058, 0.059527, 0.058419, 0.055557, 0.057061, 0.062958]	[0.128634, 0.046597, 0.073032, 0.048634, 0.035903, 0.058773, 0.063009, 0.078796, 0.029722, 0.096898, 0.079329, 0.035602, 0.067384, 0.061227, 0.040255, 0.056204]	15.333333	225.000001	3.902150	1207.247348	0.986078	[428.716248, 195.882492, 247.471848, 177.758453, 175.985992, 213.072266, 287.136292, 237.714462, 133.381805, 314.108948, 277.725525, 155.091156, 203.207687, 196.676926, 131.772995, 224.297028]	15.333333	450.000000	9.250000	2181.000000	0.039728	[834.541687, 404.041687, 471.958344, 353.791687, 374.5, 412.291687, 632.041687, 462.291687, 288.583344, 636.75, 543.25, 300.166687, 376.333344, 382.291687, 258.0, 469.166687]
1776993725.298	2	3600	3600	1.153231e-05	1.253529	1.243789	0.000000	0.013923	0.960047	0.000000	1.302548	1.293691	1.283949	1.436423	1.436423	0.000000	0.000000	0.000000	4.205625	0.800000	2	0.010000	0.010000	0.000000	0.000000	0.000000	0.000000	0.003532	1.864721	-6.777020	10.406477	1.000000	0.000000	1.381415	0.549572	0.003553	0.000000	1.000000	0.000000	2.581401	0.177202	-0.051886	0.243129	-0.049455	0.213466	0.039953	2.357280	0.063371	6.180269	1.212127	2.000000	2.000000	0.197917	0.062469	0.291936	1.000000	0.000000	1.458102	[0.075102, 0.057271, 0.066289, 0.063708, 0.059925, 0.061784, 0.067817, 0.061948, 0.056099, 0.065445, 0.067785, 0.06086, 0.059217, 0.056357, 0.056846, 0.063547]	[0.129977, 0.04588, 0.088958, 0.045, 0.040231, 0.065949, 0.059051, 0.070671, 0.030787, 0.08463, 0.072153, 0.036111, 0.069699, 0.071574, 0.038333, 0.050995]	15.416667	225.000001	4.514188	1174.762314	0.986077	[427.22583, 193.693542, 259.620941, 173.046356, 166.181519, 218.700531, 292.404297, 228.019592, 138.726761, 322.00708, 263.116882, 158.279907, 207.424408, 187.869385, 135.07843, 228.604584]	15.416667	450.000000	10.666667	2116.166667	0.039953	[828.458374, 397.75, 497.25, 341.166687, 351.166687, 422.166687, 648.291687, 440.083344, 298.041687, 651.75, 516.708374, 309.875, 387.541687, 367.541687, 270.125, 472.083344]
1776993801.890	2	3650	3650	1.095385e-05	1.236503	1.226765	0.000000	0.013920	0.959872	0.000000	1.300458	1.296707	1.286968							0.800000	2	0.010000	0.010000	0.000000	0.000000	0.000000	0.000000	0.001058	1.860294	-6.757021	10.293010	1.000000	0.000000	1.413218	0.534881	0.003558	0.000000	1.000000	0.000000	2.588151	0.174805	-0.051883	0.243353	-0.049455	0.213466	0.040128	2.357304	0.063374	6.141403	1.224219	2.000000	2.000000	0.203125	0.061081	0.288529	1.000000	0.000000	1.398676	[0.076404, 0.058483, 0.06473, 0.06443, 0.059811, 0.061669, 0.068866, 0.06183, 0.055995, 0.064944, 0.066972, 0.061051, 0.058198, 0.05614, 0.057372, 0.063104]	[0.143241, 0.051319, 0.076088, 0.044398, 0.044907, 0.064074, 0.061736, 0.07081, 0.028889, 0.084722, 0.068819, 0.040509, 0.063866, 0.063981, 0.037593, 0.055046]	15.291667	225.000000	4.265108	1210.887077	0.986080	[414.665375, 204.273682, 256.182983, 180.113556, 178.155609, 218.356613, 291.0755, 231.300812, 132.873077, 321.369873, 268.379913, 160.267776, 199.642746, 189.422836, 134.195114, 219.724609]	15.291667	450.000000	10.041667	2192.791667	0.040128	[790.375, 415.916687, 492.0, 353.583344, 378.833344, 421.458344, 639.375, 456.083344, 285.583344, 657.041687, 531.291687, 313.5, 373.916687, 376.666687, 260.541687, 453.833344]
1776993877.955	2	3700	3700	1.042507e-05	1.318651	1.308914	0.000000	0.013923	0.959752	0.000000	1.301447	1.296388	1.286650							0.800000	2	0.010000	0.010000	0.000000	0.000000	0.000000	0.000000	-0.002548	1.858551	-6.712613	10.289294	1.000000	0.000000	1.411014	0.535714	0.003518	0.000000	1.000000	0.000000	2.585626	0.176892	-0.051881	0.243367	-0.049455	0.213466	0.040248	2.357325	0.063377	6.127358	1.222681	2.000000	2.000000	0.200521	0.063615	0.290169	1.000000	0.000000	1.415632	[0.076361, 0.057612, 0.064666, 0.063813, 0.059818, 0.059729, 0.069383, 0.062557, 0.055589, 0.065748, 0.068708, 0.059667, 0.058143, 0.055962, 0.058841, 0.063404]	[0.141042, 0.048426, 0.070949, 0.047639, 0.036042, 0.062037, 0.063819, 0.072639, 0.029259, 0.088889, 0.080833, 0.032917, 0.063657, 0.060532, 0.042639, 0.058681]	15.166667	224.999999	4.123301	1156.576556	0.986077	[409.298309, 197.688812, 259.502563, 172.817917, 174.512207, 197.106003, 318.628052, 216.567123, 141.727875, 328.173553, 258.362976, 154.362305, 218.250702, 190.527924, 137.087402, 225.386398]	15.166667	450.000000	9.958333	2110.208333	0.040248	[782.333374, 401.208344, 496.333344, 346.625, 368.416687, 386.0, 684.416687, 420.833344, 296.625, 663.5, 523.25, 305.0, 412.25, 377.041687, 270.041687, 466.125]
1776993953.232	2	3750	3750	9.946764e-06	1.352751	1.343013	0.000000	0.013922	0.959805	0.000000	1.314004	1.305941	1.296204							0.800000	2	0.010000	0.010000	0.000000	0.000000	0.000000	0.000000	-0.000694	1.857894	-6.844231	10.528245	1.000000	0.000000	1.413112	0.535731	0.003584	0.000000	1.000000	0.000000	2.589808	0.173575	-0.051880	0.243479	-0.049455	0.213466	0.040195	2.357345	0.063380	6.141203	1.251709	2.000000	2.000000	0.182292	0.060089	0.287060	1.000000	0.000000	1.364439	[0.074407, 0.058296, 0.066008, 0.06361, 0.060101, 0.060822, 0.068588, 0.062143, 0.05667, 0.065871, 0.067754, 0.061207, 0.057991, 0.055599, 0.05742, 0.063512]	[0.135324, 0.049653, 0.08162, 0.042662, 0.041713, 0.065579, 0.060394, 0.069468, 0.035, 0.088727, 0.073796, 0.040556, 0.059352, 0.059699, 0.039097, 0.057361]	15.333333	225.000000	3.587992	1183.591520	0.986078	[417.791351, 208.032639, 256.078857, 167.772476, 169.846069, 230.937592, 306.62384, 230.332184, 132.989243, 318.160583, 261.846527, 137.247345, 209.2742, 196.489471, 137.78598, 218.791748]	15.333333	450.000000	8.541667	2153.875000	0.040195	[791.791687, 422.208344, 487.0, 336.75, 357.166687, 448.083344, 673.75, 456.041687, 279.375, 653.416687, 521.333374, 271.75, 392.416687, 386.125, 267.083344, 455.708344]
1776994033.157	2	3800	3800	9.519652e-06	1.254290	1.244553	0.000000	0.013918	0.959799	0.000000	1.301641	1.303366	1.293629	1.437377	1.437377	0.000000	0.000000	0.000000	4.209641	0.800000	2	0.010000	0.010000	0.000000	0.000000	0.000000	0.000000	-0.001615	1.870600	-6.774606	10.467852	1.000000	0.000000	1.411511	0.536103	0.003551	0.000000	1.000000	0.000000	2.588273	0.174533	-0.051879	0.243442	-0.049455	0.213466	0.040201	2.357364	0.063382	6.174236	1.239555	2.000000	2.000000	0.192708	0.060853	0.288214	1.000000	0.000000	1.385234	[0.074552, 0.059764, 0.066233, 0.063127, 0.060295, 0.060517, 0.068278, 0.061696, 0.056343, 0.066075, 0.068201, 0.061129, 0.057685, 0.055726, 0.056508, 0.06387]	[0.141181, 0.056296, 0.078889, 0.043194, 0.036088, 0.056111, 0.067894, 0.070903, 0.03125, 0.086042, 0.069653, 0.04294, 0.061042, 0.060208, 0.038634, 0.059676]	15.458333	225.000001	3.995757	1170.754183	0.986082	[409.197998, 209.502777, 266.36145, 181.097641, 178.780487, 225.616806, 304.04834, 234.059967, 137.210968, 299.197784, 260.488434, 155.437256, 179.831039, 195.828644, 138.233551, 225.106995]	15.458333	450.000000	9.625000	2132.583333	0.040201	[785.208374, 425.166687, 512.625, 356.375, 375.875, 437.958344, 659.416687, 461.458344, 287.583344, 611.666687, 524.208374, 301.833344, 337.75, 387.5, 269.583344, 465.791687]
1776994109.280	2	3850	3850	9.144375e-06	1.317707	1.307971	0.000000	0.013917	0.959693	0.000000	1.313835	1.305865	1.296128							0.800000	2	0.010000	0.010000	0.000000	0.000000	0.000000	0.000000	0.002521	1.869617	-6.880794	10.583820	1.000000	0.000000	1.401084	0.540927	0.003560	0.000000	1.000000	0.000000	2.585466	0.175931	-0.051877	0.243444	-0.049455	0.213466	0.040307	2.357382	0.063385	6.192899	1.208399	2.000000	2.000000	0.190104	0.062139	0.289723	1.000000	0.000000	1.389101	[0.075352, 0.058596, 0.0643, 0.063847, 0.061, 0.060936, 0.067789, 0.061367, 0.055982, 0.065748, 0.069158, 0.060102, 0.059086, 0.05567, 0.056742, 0.064324]	[0.139282, 0.053287, 0.072292, 0.042847, 0.043704, 0.06456, 0.064954, 0.065833, 0.030278, 0.086204, 0.075833, 0.035556, 0.074769, 0.059352, 0.038194, 0.053056]	15.291667	225.000001	4.071611	1188.564715	0.986083	[412.300293, 213.386322, 275.328735, 188.679672, 178.205048, 230.032578, 278.593597, 211.836548, 127.465393, 303.574188, 256.968628, 166.520416, 205.016708, 192.362396, 136.205521, 223.524109]	15.291667	450.000000	9.750000	2140.333333	0.040307	[784.791687, 426.125, 532.125, 381.375, 376.791687, 440.875, 617.666687, 422.833344, 268.666687, 622.625, 506.625, 321.875, 387.166687, 381.458344, 263.916687, 465.083344]
1776994184.393	2	3900	3900	8.821499e-06	1.282160	1.272424	0.000000	0.013916	0.959772	0.000000	1.301775	1.304037	1.294300							0.800000	2	0.010000	0.010000	0.000000	0.000000	0.000000	0.000000	-0.002960	1.869496	-7.063490	10.546510	1.000000	0.000000	1.398990	0.541580	0.003542	0.000000	1.000000	0.000000	2.583398	0.176920	-0.051874	0.243530	-0.049455	0.213466	0.040229	2.357402	0.063387	6.171922	1.240553	2.000000	2.000000	0.187500	0.063807	0.290033	1.000000	0.000000	1.361342	[0.074503, 0.059071, 0.065397, 0.063688, 0.06018, 0.062048, 0.067072, 0.061334, 0.056239, 0.065109, 0.071283, 0.061546, 0.057578, 0.055373, 0.055835, 0.063744]	[0.139097, 0.05338, 0.08081, 0.045509, 0.041204, 0.064259, 0.051204, 0.068912, 0.031968, 0.080417, 0.080255, 0.040856, 0.061343, 0.062963, 0.037639, 0.060185]	15.458333	224.999999	3.936327	1144.160746	0.986084	[417.033691, 226.142136, 249.711517, 186.847885, 169.432907, 206.25354, 280.734558, 213.82756, 130.324982, 314.818268, 279.476044, 171.872238, 208.172897, 183.418518, 128.53067, 233.402679]	15.458333	450.000000	9.333333	2085.041667	0.040229	[783.833374, 450.25, 481.958344, 381.666687, 359.333344, 404.208344, 621.083374, 415.291687, 272.916687, 641.625, 551.0, 338.333344, 391.166687, 366.291687, 257.625, 483.416687]
1776994260.102	2	3950	3950	8.551509e-06	1.376409	1.366670	0.000000	0.013912	0.959956	0.000000	1.301475	1.304258	1.294520							0.800000	2	0.010000	0.010000	0.000000	0.000000	0.000000	0.000000	0.000129	1.853530	-6.758737	10.426745	1.000000	0.000000	1.418751	0.535093	0.003547	0.000000	1.000000	0.000000	2.587347	0.174989	-0.051872	0.243581	-0.049455	0.213466	0.040044	2.357419	0.063390	6.117489	1.260435	2.000000	2.000000	0.197917	0.061940	0.288038	1.000000	0.000000	1.355991	[0.073679, 0.060436, 0.065057, 0.063705, 0.059639, 0.061316, 0.067342, 0.060623, 0.056278, 0.065396, 0.071698, 0.060968, 0.058781, 0.054821, 0.056268, 0.063993]	[0.132361, 0.06338, 0.077755, 0.046042, 0.037431, 0.061065, 0.055093, 0.061829, 0.034074, 0.085046, 0.081412, 0.038287, 0.067546, 0.058935, 0.03794, 0.061806]	15.416667	225.000001	4.019069	1156.293930	0.986088	[407.082275, 220.295578, 260.48996, 179.848312, 177.216843, 217.493896, 283.167908, 215.760345, 134.949646, 301.861786, 269.239319, 161.766586, 207.975586, 198.288483, 129.752747, 234.81076]	15.416667	450.000000	9.875000	2102.750000	0.040044	[779.25, 440.0, 503.375, 366.458344, 377.208344, 424.458344, 616.041687, 418.583344, 280.458344, 614.125, 537.25, 317.416687, 390.583344, 389.208344, 259.416687, 486.166687]
1776994340.052	2	4000	4000	8.334810e-06	1.352954	1.343217	0.000000	0.013910	0.959820	0.000000	1.293377	1.295091	1.285353	1.441409	1.441409	0.000000	0.000000	0.000000	4.226646	0.800000	2	0.010000	0.010000	0.000000	0.000000	0.000000	0.000000	-0.004201	1.869164	-6.768586	10.438712	1.000000	0.000000	1.402587	0.541399	0.003495	0.000000	1.000000	0.000000	2.583842	0.176486	-0.051871	0.243592	-0.049455	0.213466	0.040180	2.357436	0.063392	6.152998	1.247939	2.000000	2.000000	0.174479	0.062941	0.290030	1.000000	0.000000	1.375187	[0.073977, 0.059396, 0.065573, 0.062578, 0.060486, 0.062003, 0.067494, 0.061923, 0.056118, 0.065966, 0.070264, 0.0614, 0.057064, 0.05501, 0.056574, 0.064172]	[0.133356, 0.055972, 0.084861, 0.041713, 0.04088, 0.065324, 0.05162, 0.07669, 0.031759, 0.085995, 0.077639, 0.039745, 0.055972, 0.059931, 0.038681, 0.059861]	15.375000	224.999998	3.792299	1141.894112	0.986090	[410.892334, 211.863739, 257.089539, 174.858398, 175.554306, 225.028259, 287.34668, 231.855957, 132.220032, 294.581604, 261.557373, 181.002121, 196.681458, 190.048401, 130.255539, 239.164398]	15.375000	450.000000	9.250000	2076.666667	0.040180	[776.708374, 427.041687, 500.75, 351.333344, 369.958344, 433.0, 632.541687, 451.958344, 279.291687, 604.625, 516.0, 349.416687, 371.625, 377.583344, 261.916687, 496.25]
1776994415.468	2	4050	4050	8.171729e-06	1.383270	1.373535	0.000000	0.013908	0.959570	0.000000	1.290526	1.290124	1.280387							0.800000	2	0.010000	0.010000	0.000000	0.000000	0.000000	0.000000	-0.003024	1.865822	-6.870405	10.340049	1.000000	0.000000	1.407800	0.538499	0.003525	0.000000	1.000000	0.000000	2.584093	0.175810	-0.051870	0.243565	-0.049455	0.213466	0.040430	2.357453	0.063394	6.161587	1.238811	2.000000	2.000000	0.179688	0.061748	0.289872	1.000000	0.000000	1.327712	[0.074701, 0.059957, 0.065167, 0.06238, 0.060203, 0.061581, 0.067744, 0.062119, 0.055695, 0.064908, 0.069035, 0.061029, 0.058574, 0.055723, 0.057274, 0.063908]	[0.134699, 0.059236, 0.084329, 0.039769, 0.046343, 0.068565, 0.054097, 0.072708, 0.030556, 0.079236, 0.066551, 0.039838, 0.066088, 0.060787, 0.038542, 0.058657]	15.208333	224.999999	3.176178	1207.257891	0.986092	[424.069183, 213.308105, 270.162567, 172.253113, 181.996948, 222.039154, 281.289795, 213.140503, 135.193481, 289.778717, 273.112793, 157.754807, 205.05249, 198.113739, 128.785858, 233.948853]	15.208333	450.000000	7.583333	2164.041667	0.040430	[811.708374, 425.416687, 513.0, 348.875, 388.708344, 428.0, 634.333374, 419.416687, 282.625, 594.916687, 526.541687, 309.75, 386.0, 388.416687, 253.083344, 489.208344]
1776994491.247	2	4100	4100	8.062510e-06	1.193703	1.183971	0.000000	0.013910	0.959299	0.000000	1.291722	1.293930	1.284196							0.800000	2	0.010000	0.010000	0.000000	0.000000	0.000000	0.000000	-0.001187	1.867438	-6.803135	10.516389	1.000000	0.000000	1.404283	0.539942	0.003537	0.000000	1.000000	0.000000	2.582694	0.176623	-0.051871	0.243612	-0.049455	0.213466	0.040701	2.357469	0.063396	6.147174	1.230692	2.000000	2.000000	0.203125	0.062957	0.290288	1.000000	0.000000	1.358985	[0.074455, 0.06056, 0.064053, 0.062558, 0.060572, 0.062424, 0.067371, 0.061332, 0.055903, 0.065569, 0.07057, 0.061776, 0.05749, 0.055657, 0.056057, 0.063654]	[0.129699, 0.06, 0.076991, 0.042222, 0.042755, 0.059329, 0.062431, 0.070116, 0.029699, 0.089606, 0.07169, 0.045, 0.062477, 0.063935, 0.036921, 0.05713]	15.416667	225.000001	4.167524	1173.881739	0.986090	[412.117065, 206.294113, 264.48645, 179.451828, 180.251144, 223.513641, 272.677948, 221.641418, 135.9758, 303.514618, 274.078735, 172.39212, 193.190338, 180.950592, 130.958328, 248.505859]	15.416667	450.000000	9.916667	2112.791667	0.040701	[792.25, 418.541687, 513.041687, 357.458344, 380.625, 434.333344, 607.375, 427.125, 285.458344, 615.75, 532.75, 340.583344, 363.458344, 354.208344, 263.291687, 513.75]
1776994567.071	2	4150	4150	8.007318e-06	1.278390	1.268658	0.000000	0.013909	0.959301	0.000000	1.300078	1.299067	1.289334							0.800000	2	0.010000	0.010000	0.000000	0.000000	0.000000	0.000000	-0.000239	1.863467	-6.755816	10.678479	1.000000	0.000000	1.413252	0.535896	0.003621	0.000000	1.000000	0.000000	2.587384	0.174333	-0.051869	0.243676	-0.049455	0.213466	0.040699	2.357483	0.063398	6.166874	1.220824	2.000000	2.000000	0.197917	0.061250	0.287416	1.000000	0.000000	1.350742	[0.074091, 0.059956, 0.065459, 0.062823, 0.059691, 0.062495, 0.066772, 0.060667, 0.056981, 0.064978, 0.069608, 0.063156, 0.057956, 0.055046, 0.05555, 0.064772]	[0.130417, 0.057917, 0.081019, 0.043032, 0.036111, 0.059213, 0.056111, 0.067847, 0.034468, 0.087894, 0.068472, 0.047292, 0.064167, 0.065231, 0.034074, 0.066736]	15.291667	224.999999	3.279720	1194.653214	0.986091	[428.143738, 204.292816, 274.22229, 172.602356, 173.78923, 226.026367, 265.540833, 224.796066, 136.609756, 294.375336, 276.768127, 168.139023, 190.735626, 198.880859, 126.174156, 238.903503]	15.291667	450.000000	7.916667	2153.083333	0.040699	[823.916687, 411.666687, 526.583374, 348.041687, 368.916687, 441.0, 607.208374, 435.916687, 283.375, 593.041687, 532.583374, 325.958344, 362.166687, 386.083344, 252.458344, 501.083344]
